territory_id,category,score,alarm,warning,direction
1,Все категории,0.18752678715187,False,False,-1
1,Здоровье,0.08606573287545766,False,False,-1
1,Маркетплейсы,0.7395226741250832,False,True,-1
1,Общественное питание,0.10643861929948584,False,False,-1
1,Продовольствие,0.9930831029128984,False,True,-1
1,Транспорт,0.10728910129222813,False,False,-1
2,Все категории,0.34855456674642993,False,False,1
2,Здоровье,0.0280166363917298,False,False,1
2,Маркетплейсы,0.09386640341656571,False,False,-1
2,Общественное питание,0.4467076401285053,False,False,1
2,Продовольствие,0.22924969635948078,False,False,1
2,Транспорт,0.6709395687826581,False,False,1
3,Все категории,0.7071641204578015,False,True,-1
3,Здоровье,0.0,False,False,1
3,Маркетплейсы,0.7219096638589447,False,True,-1
3,Общественное питание,0.031211791758497476,False,False,-1
3,Продовольствие,0.8051430038389367,False,True,-1
3,Транспорт,0.0564386826567653,False,False,1
4,Все категории,0.14896345994766086,False,False,-1
4,Здоровье,0.7417081613614306,False,True,-1
4,Маркетплейсы,0.7565997034878024,False,True,-1
4,Общественное питание,0.2258311494793101,False,False,1
4,Продовольствие,0.48071274419948884,False,False,-1
4,Транспорт,0.58533775078543,False,False,-1
5,Все категории,0.0,False,False,1
5,Здоровье,0.14733146328483937,False,False,1
5,Маркетплейсы,0.44115461196966654,False,False,-1
5,Общественное питание,0.6294449349106273,False,False,-1
5,Продовольствие,0.5665625680451061,False,False,1
5,Транспорт,0.06042687539434438,False,False,-1
6,Все категории,0.4513757006386232,False,False,-1
6,Здоровье,1.0792070882915827,True,True,-1
6,Маркетплейсы,0.8781958746143428,False,True,-1
6,Общественное питание,0.32817461094213896,False,False,-1
6,Продовольствие,0.9686657392136482,False,True,-1
6,Транспорт,0.1317723934212934,False,False,-1
7,Все категории,0.7404838151068185,False,True,-1
7,Здоровье,0.0,False,False,1
7,Маркетплейсы,0.09049189223266907,False,False,-1
7,Общественное питание,0.2001989505619387,False,False,-1
7,Продовольствие,0.7473776283253042,False,True,-1
7,Транспорт,0.17285319642602284,False,False,-1
8,Все категории,0.1834938829656263,False,False,-1
8,Здоровье,0.01724943440301474,False,False,-1
8,Маркетплейсы,0.7348266110583324,False,True,-1
8,Общественное питание,0.5249419878410027,False,False,-1
8,Продовольствие,0.021008316641008523,False,False,-1
8,Транспорт,0.2658471716156262,False,False,-1
9,Все категории,0.2386160716009666,False,False,-1
9,Здоровье,0.28550608954242446,False,False,-1
9,Маркетплейсы,0.4981256262208169,False,False,-1
9,Общественное питание,0.23761374989508233,False,False,-1
9,Продовольствие,0.9551417795094936,False,True,-1
9,Транспорт,0.10206407984140331,False,False,-1
10,Все категории,0.1811000935668719,False,False,-1
10,Здоровье,0.5524041456670155,False,False,-1
10,Маркетплейсы,0.09368159829929765,False,False,-1
10,Общественное питание,0.23312301121077872,False,False,-1
10,Продовольствие,0.35156416691187864,False,False,-1
10,Транспорт,0.010464854953935787,False,False,-1
11,Все категории,0.2010325624378571,False,False,-1
11,Здоровье,0.29674699318766645,False,False,-1
11,Маркетплейсы,1.221695787596821,True,True,-1
11,Общественное питание,0.16717927003871474,False,False,-1
11,Продовольствие,0.2738927999970336,False,False,-1
11,Транспорт,0.548257119466675,False,False,-1
12,Все категории,0.18821859069379004,False,False,-1
12,Здоровье,0.2652414014444405,False,False,-1
12,Маркетплейсы,1.128590812423794,True,True,-1
12,Общественное питание,0.013467069310841795,False,False,-1
12,Продовольствие,0.06781998316350257,False,False,-1
12,Транспорт,0.28514669675254956,False,False,-1
13,Все категории,0.9229418632187365,False,True,-1
13,Здоровье,0.6457417043336797,False,False,-1
13,Маркетплейсы,1.1447498067306574,True,True,-1
13,Общественное питание,1.861382697635297,True,True,-1
13,Продовольствие,0.3279332123708202,False,False,-1
13,Транспорт,1.121602519324604,True,True,-1
14,Все категории,0.09306878848950129,False,False,-1
14,Здоровье,0.27229852839067137,False,False,-1
14,Маркетплейсы,0.08358776485592995,False,False,-1
14,Общественное питание,0.505862842187616,False,False,-1
14,Продовольствие,0.47430402975163444,False,False,-1
14,Транспорт,0.0407230462236923,False,False,-1
15,Все категории,0.6446426765761137,False,False,-1
15,Здоровье,0.3435773137927465,False,False,-1
15,Маркетплейсы,0.5220491644826256,False,False,-1
15,Общественное питание,0.18491805417571805,False,False,-1
15,Продовольствие,0.5972795605231932,False,False,-1
15,Транспорт,0.015326756984107792,False,False,-1
16,Все категории,0.6145814758795259,False,False,-1
16,Здоровье,0.11270493919624092,False,False,-1
16,Маркетплейсы,0.7216071426983284,False,True,-1
16,Общественное питание,0.1416742380648776,False,False,1
16,Продовольствие,0.5179524732679419,False,False,-1
16,Транспорт,0.36173409094925,False,False,-1
17,Все категории,0.4593612400462902,False,False,-1
17,Здоровье,0.0,False,False,1
17,Маркетплейсы,0.6200648302565255,False,False,-1
17,Общественное питание,0.16797241052112538,False,False,-1
17,Продовольствие,0.5315679714624995,False,False,-1
17,Транспорт,0.1934450860755168,False,False,-1
18,Все категории,0.04903305340932777,False,False,-1
18,Здоровье,0.33558176289923647,False,False,1
18,Маркетплейсы,0.28050119270394913,False,False,-1
18,Общественное питание,0.3887359402464435,False,False,1
18,Продовольствие,0.22138308041988308,False,False,-1
18,Транспорт,0.0,False,False,1
19,Все категории,0.21470096908211928,False,False,-1
19,Здоровье,0.543151659209983,False,False,-1
19,Маркетплейсы,0.5487429703115544,False,False,-1
19,Общественное питание,0.04362959766753227,False,False,-1
19,Продовольствие,0.8386619543606193,False,True,-1
19,Транспорт,0.24470430516429997,False,False,-1
20,Все категории,1.1100590001119972,True,True,-1
20,Здоровье,0.2333416778495374,False,False,-1
20,Маркетплейсы,0.5840135860464752,False,False,-1
20,Общественное питание,0.7409542562435102,False,True,-1
20,Продовольствие,0.996246839344626,False,True,-1
20,Транспорт,0.3523518190842265,False,False,-1
21,Все категории,0.592367142246521,False,False,-1
21,Здоровье,0.23149806540594775,False,False,-1
21,Маркетплейсы,0.06184902336554721,False,False,-1
21,Общественное питание,0.22293892380834018,False,False,-1
21,Продовольствие,0.5624437991214893,False,False,-1
21,Транспорт,0.13228493056478702,False,False,-1
22,Все категории,0.21477162615953815,False,False,-1
22,Здоровье,0.5528842765676647,False,False,1
22,Маркетплейсы,0.11525970381988826,False,False,-1
22,Общественное питание,0.9502200386298045,False,True,-1
22,Продовольствие,0.2917870592761953,False,False,-1
22,Транспорт,0.5331080714384,False,False,-1
23,Все категории,0.3540027757747585,False,False,-1
23,Здоровье,0.029669790336698046,False,False,-1
23,Маркетплейсы,0.06172444785235473,False,False,-1
23,Общественное питание,0.1447314578030892,False,False,1
23,Продовольствие,0.8740440482270804,False,True,-1
23,Транспорт,0.12171015570319962,False,False,-1
25,Все категории,0.5542458897185211,False,False,-1
25,Здоровье,0.4813951653368629,False,False,-1
25,Маркетплейсы,0.46706040118739167,False,False,-1
25,Общественное питание,0.14366250711270157,False,False,-1
25,Продовольствие,0.6075220409101593,False,False,-1
25,Транспорт,0.0754895539125571,False,False,-1
26,Все категории,0.3360911029495454,False,False,-1
26,Здоровье,0.5843024360898561,False,False,-1
26,Маркетплейсы,0.028927546364559575,False,False,-1
26,Общественное питание,0.1380905878252988,False,False,1
26,Продовольствие,0.6029154740916334,False,False,-1
26,Транспорт,0.0,False,False,1
27,Все категории,0.48002497934512134,False,False,-1
27,Здоровье,0.4675405202178876,False,False,-1
27,Маркетплейсы,0.5077296926102902,False,False,-1
27,Общественное питание,0.13361151069286117,False,False,-1
27,Продовольствие,0.5766580143697465,False,False,-1
27,Транспорт,0.11219229049028925,False,False,-1
28,Все категории,0.38448456343644544,False,False,-1
28,Здоровье,0.22036057111661445,False,False,-1
28,Маркетплейсы,1.3624517800044806,False,True,-1
28,Общественное питание,0.004591785457556896,False,False,1
28,Продовольствие,0.6642379291381968,False,False,-1
28,Транспорт,0.0,False,False,1
29,Все категории,0.4365370056163104,False,False,-1
29,Здоровье,0.5046333618658649,False,False,-1
29,Маркетплейсы,0.5041421893149112,False,False,-1
29,Общественное питание,0.05093153515635723,False,False,-1
29,Продовольствие,0.6772210300010986,False,False,-1
29,Транспорт,0.09148918412126938,False,False,-1
30,Все категории,0.47700512658519645,False,False,-1
30,Здоровье,0.07781510235833167,False,False,1
30,Маркетплейсы,0.8629470487268516,False,True,-1
30,Общественное питание,0.7368458032911918,False,True,1
30,Продовольствие,0.3600121626513919,False,False,-1
30,Транспорт,0.012087410286156772,False,False,-1
31,Все категории,0.34736741350797923,False,False,-1
31,Здоровье,0.8495749110404864,False,True,-1
31,Маркетплейсы,0.04830643595757911,False,False,-1
31,Общественное питание,0.014385887087263474,False,False,1
31,Продовольствие,0.6208642350393199,False,False,-1
31,Транспорт,0.05825835021978312,False,False,-1
32,Все категории,0.7529828858107794,False,True,-1
32,Здоровье,0.21568475425390493,False,False,1
32,Маркетплейсы,0.459394465391612,False,False,-1
32,Общественное питание,0.21198148377837533,False,False,1
32,Продовольствие,0.5698700043272995,False,False,-1
32,Транспорт,0.38001652948831055,False,False,-1
33,Все категории,0.016628995324495924,False,False,-1
33,Здоровье,0.40380446028677597,False,False,1
33,Маркетплейсы,0.3873145177834826,False,False,-1
33,Общественное питание,0.0,False,False,1
33,Продовольствие,0.61656485935754,False,False,-1
33,Транспорт,0.400621682398575,False,False,1
34,Все категории,0.0,False,False,1
34,Здоровье,0.7491414437360987,False,True,-1
34,Маркетплейсы,0.5613451980535711,False,False,-1
34,Общественное питание,0.0,False,False,1
34,Продовольствие,0.7503330523164311,False,True,-1
34,Транспорт,0.3760148296862621,False,False,1
35,Все категории,0.2775253044669521,False,False,-1
35,Здоровье,0.15260765646218435,False,False,1
35,Маркетплейсы,0.6188084148435598,False,False,-1
35,Общественное питание,0.011486354959459794,False,False,-1
35,Продовольствие,0.08765051086973313,False,False,-1
35,Транспорт,0.03122929038644702,False,False,-1
36,Все категории,0.05820547298507106,False,False,-1
36,Здоровье,0.010293739679912456,False,False,-1
36,Маркетплейсы,0.7600659056076097,False,True,-1
36,Общественное питание,0.06910239674435675,False,False,1
36,Продовольствие,0.8806388437474915,False,True,-1
36,Транспорт,0.07200891949320196,False,False,-1
37,Все категории,0.2777963258131532,False,False,-1
37,Здоровье,0.3919446357498874,False,False,-1
37,Маркетплейсы,0.2863103478401935,False,False,-1
37,Общественное питание,0.0,False,False,1
37,Продовольствие,0.3850958007712519,False,False,-1
37,Транспорт,0.23562995602308057,False,False,1
38,Все категории,0.5522469262297042,False,False,-1
38,Здоровье,0.5274168538079839,False,False,-1
38,Маркетплейсы,0.0,False,False,1
38,Общественное питание,0.03514771928599342,False,False,1
38,Продовольствие,0.38923191696972065,False,False,-1
38,Транспорт,0.0,False,False,1
39,Все категории,0.1362417784012056,False,False,-1
39,Здоровье,0.13765211555771173,False,False,1
39,Маркетплейсы,0.26712300454983895,False,False,-1
39,Общественное питание,0.4277987001903043,False,False,1
39,Продовольствие,0.33693323973128697,False,False,-1
39,Транспорт,0.45869343008442387,False,False,-1
40,Все категории,0.17342614762928552,False,False,-1
40,Здоровье,0.7387768189005232,False,True,-1
40,Маркетплейсы,0.9392140236792828,False,True,-1
40,Общественное питание,0.06403754134282988,False,False,-1
40,Продовольствие,0.6142152571341055,False,False,-1
40,Транспорт,0.05988056562439044,False,False,1
41,Все категории,0.5116532957114671,False,False,-1
41,Здоровье,0.2923369152118664,False,False,-1
41,Маркетплейсы,0.32513870055682026,False,False,-1
41,Общественное питание,0.4574856230286629,False,False,1
41,Продовольствие,0.4010991178385357,False,False,-1
41,Транспорт,0.0563223055442276,False,False,-1
42,Все категории,0.10994888535831171,False,False,-1
42,Здоровье,0.09419631432560277,False,False,-1
42,Маркетплейсы,0.2891047864776095,False,False,-1
42,Общественное питание,0.022991632331254674,False,False,-1
42,Продовольствие,0.3026819934124077,False,False,-1
42,Транспорт,0.07428820227344679,False,False,-1
43,Все категории,0.13044410634777215,False,False,-1
43,Здоровье,0.06468659484608724,False,False,-1
43,Маркетплейсы,0.501924245518343,False,False,-1
43,Общественное питание,0.062619619187546,False,False,-1
43,Продовольствие,0.49929156615964754,False,False,-1
43,Транспорт,0.07802332012725893,False,False,-1
44,Все категории,0.4081241672205968,False,False,-1
44,Здоровье,0.0,False,False,1
44,Маркетплейсы,0.0,False,False,1
44,Общественное питание,0.16269839333424976,False,False,-1
44,Продовольствие,0.303810045445273,False,False,-1
44,Транспорт,0.0,False,False,1
45,Все категории,0.40523318814979864,False,False,-1
45,Здоровье,0.12247344766473581,False,False,-1
45,Маркетплейсы,0.02587328189696307,False,False,-1
45,Общественное питание,0.2910083461187264,False,False,-1
45,Продовольствие,0.27638501307644997,False,False,-1
45,Транспорт,0.051335707791429874,False,False,-1
46,Все категории,0.763292623804948,False,True,-1
46,Здоровье,0.109625901232522,False,False,1
46,Маркетплейсы,0.842771102065144,False,True,-1
46,Общественное питание,0.14264616152876036,False,False,-1
46,Продовольствие,0.2704715783777786,False,False,-1
46,Транспорт,0.0,False,False,1
47,Все категории,0.036490314398827564,False,False,-1
47,Здоровье,0.14051650248270067,False,False,-1
47,Маркетплейсы,0.9005187644664039,False,True,-1
47,Общественное питание,0.32445473884495435,False,False,-1
47,Продовольствие,0.17509771450617223,False,False,-1
47,Транспорт,0.15868723644086108,False,False,-1
48,Все категории,0.08615825312288028,False,False,-1
48,Здоровье,0.320629550515688,False,False,-1
48,Маркетплейсы,0.3254903574330682,False,False,-1
48,Общественное питание,0.11671221874514676,False,False,1
48,Продовольствие,0.2111022829489244,False,False,-1
48,Транспорт,0.06124621067437262,False,False,-1
49,Все категории,0.7487184308528577,False,True,-1
49,Здоровье,0.18839317315771292,False,False,-1
49,Маркетплейсы,0.9459435657860229,False,True,-1
49,Общественное питание,0.21063508225929706,False,False,1
49,Продовольствие,0.883757036656398,False,True,-1
49,Транспорт,0.023411485782423233,False,False,-1
50,Все категории,0.0,False,False,1
50,Здоровье,0.21165620916832034,False,False,1
50,Маркетплейсы,0.9275717999145184,False,True,-1
50,Общественное питание,0.0,False,False,1
50,Продовольствие,0.2211278955429583,False,False,-1
50,Транспорт,0.27687893317860823,False,False,1
51,Все категории,0.2824166443219865,False,False,-1
51,Здоровье,0.037408634145325706,False,False,-1
51,Маркетплейсы,0.9177845971027957,False,True,-1
51,Общественное питание,0.1604323973021309,False,False,-1
51,Продовольствие,0.10690924599961033,False,False,-1
51,Транспорт,0.7389309054241683,False,True,-1
52,Все категории,0.520954392160571,False,False,-1
52,Здоровье,0.6556015417855451,False,False,-1
52,Маркетплейсы,0.0,False,False,1
52,Общественное питание,0.378423302890546,False,False,1
52,Продовольствие,0.18631798383741108,False,False,-1
52,Транспорт,0.0,False,False,1
53,Все категории,0.2327907474873917,False,False,-1
53,Здоровье,0.41724591185720583,False,False,-1
53,Маркетплейсы,0.7362740774647203,False,True,-1
53,Общественное питание,0.2719714987468124,False,False,-1
53,Продовольствие,0.4817423265595192,False,False,-1
53,Транспорт,0.0293645988045229,False,False,1
54,Все категории,0.274988759622659,False,False,-1
54,Здоровье,0.0,False,False,1
54,Маркетплейсы,0.30495421892193775,False,False,-1
54,Общественное питание,0.15410427459449763,False,False,-1
54,Продовольствие,0.8633826647928016,False,True,-1
54,Транспорт,0.06632790668579491,False,False,-1
55,Все категории,0.28730215919614543,False,False,-1
55,Здоровье,0.0,False,False,1
55,Маркетплейсы,0.8406996925867939,False,True,-1
55,Общественное питание,0.18286234357191977,False,False,-1
55,Продовольствие,0.5217573126290334,False,False,-1
55,Транспорт,0.3941777649662127,False,False,-1
56,Все категории,0.4028090159962205,False,False,-1
56,Здоровье,0.2260173353099338,False,False,-1
56,Маркетплейсы,0.1274236106062729,False,False,-1
56,Общественное питание,0.7065018251003171,False,True,1
56,Продовольствие,0.5157247379343046,False,False,-1
56,Транспорт,0.19327094085315566,False,False,-1
57,Все категории,0.5094026422125076,False,False,-1
57,Здоровье,0.604452903009522,False,False,-1
57,Маркетплейсы,0.8888217672080434,False,True,-1
57,Общественное питание,0.24501124497240084,False,False,1
57,Продовольствие,0.7186350203570525,False,True,-1
57,Транспорт,0.28023172181108147,False,False,-1
58,Все категории,0.17308377425364102,False,False,-1
58,Здоровье,0.13953208991736984,False,False,1
58,Маркетплейсы,0.3271046214227774,False,False,-1
58,Общественное питание,0.07220899519328727,False,False,-1
58,Продовольствие,0.8461098919893129,False,True,-1
58,Транспорт,0.5909874429400007,False,False,1
59,Все категории,0.4875154438738549,False,False,-1
59,Здоровье,0.2565541903405619,False,False,-1
59,Маркетплейсы,0.08808568957455032,False,False,-1
59,Общественное питание,0.5005716053069112,False,False,-1
59,Продовольствие,0.6482395083720298,False,False,-1
59,Транспорт,0.021758736928620445,False,False,1
60,Все категории,0.5827435216231752,False,False,-1
60,Здоровье,0.44069518567193033,False,False,-1
60,Маркетплейсы,0.8561716555716993,False,True,-1
60,Общественное питание,0.2878508855640398,False,False,1
60,Продовольствие,0.07775453188270207,False,False,-1
60,Транспорт,0.26895232519488005,False,False,-1
61,Все категории,0.3866852750310441,False,False,-1
61,Здоровье,0.33330924928789146,False,False,-1
61,Маркетплейсы,0.8687314108165315,False,True,-1
61,Общественное питание,0.502014957628451,False,False,1
61,Продовольствие,0.7491673856000318,False,True,-1
61,Транспорт,0.029811088444904613,False,False,-1
62,Все категории,0.4438113752746795,False,False,-1
62,Здоровье,0.8472822237831761,False,True,-1
62,Маркетплейсы,0.520252107825713,False,False,-1
62,Общественное питание,0.36774404635407765,False,False,-1
62,Продовольствие,0.10213545642615127,False,False,-1
62,Транспорт,0.47257760048530106,False,False,-1
63,Все категории,0.5892785264899096,False,False,-1
63,Здоровье,1.0407382379126675,True,True,-1
63,Маркетплейсы,0.6625771278909379,False,False,-1
63,Общественное питание,0.19863423436338462,False,False,1
63,Продовольствие,1.026633658901356,True,True,-1
63,Транспорт,0.0,False,False,1
64,Все категории,0.2352560244495453,False,False,-1
64,Здоровье,0.0715804699414051,False,False,-1
64,Маркетплейсы,0.05726567941179804,False,False,1
64,Общественное питание,0.0,False,False,1
64,Продовольствие,0.3352979096602799,False,False,1
64,Транспорт,0.7538240891838617,False,True,-1
65,Все категории,0.09142023250208389,False,False,-1
65,Здоровье,0.0,False,False,1
65,Маркетплейсы,0.3991971791780544,False,False,-1
65,Общественное питание,0.07645847733629257,False,False,-1
65,Продовольствие,0.02059048463401221,False,False,-1
65,Транспорт,0.0,False,False,1
66,Все категории,0.37000625578313096,False,False,-1
66,Здоровье,0.08363159724266403,False,False,-1
66,Маркетплейсы,0.0,False,False,1
66,Общественное питание,0.6651423147907201,False,False,-1
66,Продовольствие,0.6832084348700113,False,False,-1
66,Транспорт,0.040185533266516554,False,False,-1
67,Все категории,0.3838906029910958,False,False,-1
67,Здоровье,0.08983053105505104,False,False,-1
67,Маркетплейсы,1.0236788164360182,True,True,-1
67,Общественное питание,0.07675116194596754,False,False,-1
67,Продовольствие,0.6166156426534284,False,False,-1
67,Транспорт,0.11667794453564995,False,False,-1
68,Все категории,0.21731220892685438,False,False,-1
68,Здоровье,0.0,False,False,1
68,Маркетплейсы,0.2100179593776927,False,False,-1
68,Общественное питание,0.13434619971654144,False,False,-1
68,Продовольствие,0.17382312324707916,False,False,-1
68,Транспорт,0.3687388832805305,False,False,1
69,Все категории,0.26907980991621583,False,False,-1
69,Здоровье,0.08996684958994644,False,False,-1
69,Маркетплейсы,0.2907805731297264,False,False,-1
69,Общественное питание,0.5613396486997457,False,False,1
69,Продовольствие,0.9699367836132486,False,True,-1
69,Транспорт,0.260516385804951,False,False,-1
70,Все категории,0.24625893806981863,False,False,-1
70,Здоровье,0.03730118492922904,False,False,-1
70,Маркетплейсы,0.20378948766346333,False,False,-1
70,Общественное питание,0.0,False,False,1
70,Продовольствие,0.4454001653410481,False,False,-1
70,Транспорт,0.522914915533213,False,False,-1
71,Все категории,0.24740183737249727,False,False,-1
71,Здоровье,0.23455847321783907,False,False,1
71,Маркетплейсы,0.8178006573758551,False,True,-1
71,Общественное питание,0.27766761618023306,False,False,1
71,Продовольствие,0.8112669734311556,False,True,-1
71,Транспорт,0.1910573359525638,False,False,1
72,Все категории,0.11946605712469599,False,False,-1
72,Здоровье,0.0,False,False,1
72,Маркетплейсы,0.23847991090971205,False,False,-1
72,Общественное питание,0.09235424714888585,False,False,-1
72,Продовольствие,0.17511315366266036,False,False,-1
72,Транспорт,0.244217663373481,False,False,-1
73,Все категории,0.1495485196703698,False,False,-1
73,Здоровье,0.02108590437944162,False,False,1
73,Маркетплейсы,0.30771201345453764,False,False,-1
73,Общественное питание,0.6392419458175235,False,False,-1
73,Продовольствие,0.3018024864701943,False,False,-1
73,Транспорт,0.5883869152181597,False,False,-1
74,Все категории,0.8223813136048527,False,True,-1
74,Здоровье,0.2657935411557527,False,False,1
74,Маркетплейсы,0.4850180573093035,False,False,-1
74,Общественное питание,0.10104317053895664,False,False,-1
74,Продовольствие,0.22813670720397417,False,False,-1
74,Транспорт,0.08553876183645065,False,False,-1
75,Все категории,0.5304353321285381,False,False,-1
75,Здоровье,0.14181088168399258,False,False,-1
75,Маркетплейсы,0.7815308817380441,False,True,-1
75,Общественное питание,0.012861408273385028,False,False,-1
75,Продовольствие,0.4901942425790772,False,False,-1
75,Транспорт,0.0,False,False,1
76,Все категории,1.0146306103310347,True,True,-1
76,Здоровье,0.0,False,False,1
76,Маркетплейсы,0.34479173365570326,False,False,-1
76,Общественное питание,0.3991917773254039,False,False,-1
76,Продовольствие,0.9528294995617923,False,True,-1
76,Транспорт,0.2372771699396573,False,False,-1
77,Все категории,0.6031668352835021,False,False,-1
77,Здоровье,0.2776994147947684,False,False,-1
77,Маркетплейсы,1.0862162126976111,True,True,-1
77,Общественное питание,0.224806502226494,False,False,-1
77,Продовольствие,0.8668007085031002,False,True,-1
77,Транспорт,0.09893360577261678,False,False,-1
78,Все категории,0.08784668507256632,False,False,-1
78,Здоровье,0.3460161923499546,False,False,-1
78,Маркетплейсы,0.0,False,False,1
78,Общественное питание,0.0,False,False,1
78,Продовольствие,0.21228185779474473,False,False,-1
78,Транспорт,0.13562194716938422,False,False,1
79,Все категории,0.5465418205676777,False,False,-1
79,Здоровье,0.2815613988814125,False,False,-1
79,Маркетплейсы,1.4575565410009483,False,True,-1
79,Общественное питание,0.11394544135727697,False,False,1
79,Продовольствие,0.7896228703724341,False,True,-1
79,Транспорт,0.140904511103133,False,False,-1
80,Все категории,0.8089100331344677,False,True,-1
80,Здоровье,0.2592955436923919,False,False,-1
80,Маркетплейсы,0.7833206435489359,False,True,-1
80,Общественное питание,0.05496095062413113,False,False,-1
80,Продовольствие,0.38030625952345115,False,False,-1
80,Транспорт,0.0,False,False,1
81,Все категории,0.42270297667515244,False,False,-1
81,Здоровье,0.7918169526248515,False,True,-1
81,Маркетплейсы,0.6583386402709833,False,False,-1
81,Общественное питание,0.5040696674913523,False,False,-1
81,Продовольствие,0.8822050913320725,False,True,-1
81,Транспорт,1.0515759138000755,True,True,-1
82,Все категории,0.14750066153357988,False,False,-1
82,Здоровье,0.05030311053659113,False,False,-1
82,Маркетплейсы,0.4084398050903809,False,False,-1
82,Общественное питание,0.34257004006781655,False,False,1
82,Продовольствие,1.1895691771971455,True,True,-1
82,Транспорт,0.0717932728556322,False,False,1
83,Все категории,0.11949369894571124,False,False,-1
83,Здоровье,0.0492397185017298,False,False,1
83,Маркетплейсы,0.7852228138765088,False,True,-1
83,Общественное питание,0.5082620546454591,False,False,-1
83,Продовольствие,0.4393964584071639,False,False,-1
83,Транспорт,0.9287877329339607,False,True,-1
85,Все категории,0.0,False,False,0
85,Здоровье,0.0,False,False,0
85,Маркетплейсы,0.0,False,False,0
85,Общественное питание,0.0,False,False,0
85,Продовольствие,0.0,False,False,0
85,Транспорт,0.0,False,False,0
86,Все категории,0.0,False,False,0
86,Здоровье,0.0,False,False,0
86,Маркетплейсы,0.0,False,False,0
86,Общественное питание,0.0,False,False,0
86,Продовольствие,0.0,False,False,0
86,Транспорт,0.0,False,False,0
87,Все категории,0.0,False,False,0
87,Здоровье,0.0,False,False,0
87,Маркетплейсы,0.0,False,False,0
87,Общественное питание,0.0,False,False,0
87,Продовольствие,0.0,False,False,0
87,Транспорт,0.0,False,False,0
88,Все категории,0.0,False,False,0
88,Здоровье,0.0,False,False,0
88,Маркетплейсы,0.0,False,False,0
88,Общественное питание,0.0,False,False,0
88,Продовольствие,0.0,False,False,0
88,Транспорт,0.0,False,False,0
89,Все категории,0.0,False,False,0
89,Здоровье,0.0,False,False,0
89,Маркетплейсы,0.0,False,False,0
89,Общественное питание,0.0,False,False,0
89,Продовольствие,0.0,False,False,0
89,Транспорт,0.0,False,False,0
90,Все категории,0.0,False,False,0
90,Здоровье,0.0,False,False,0
90,Маркетплейсы,0.0,False,False,0
90,Общественное питание,0.0,False,False,0
90,Продовольствие,0.0,False,False,0
90,Транспорт,0.0,False,False,0
91,Все категории,0.0,False,False,0
91,Здоровье,0.0,False,False,0
91,Маркетплейсы,0.0,False,False,0
91,Общественное питание,0.0,False,False,0
91,Продовольствие,0.0,False,False,0
91,Транспорт,0.0,False,False,0
92,Все категории,0.0,False,False,0
92,Здоровье,0.0,False,False,0
92,Маркетплейсы,0.0,False,False,0
92,Общественное питание,0.0,False,False,0
92,Продовольствие,0.0,False,False,0
92,Транспорт,0.0,False,False,0
93,Все категории,0.0,False,False,0
93,Здоровье,0.0,False,False,0
93,Маркетплейсы,0.0,False,False,0
93,Общественное питание,0.0,False,False,0
93,Продовольствие,0.0,False,False,0
93,Транспорт,0.0,False,False,0
94,Все категории,0.0,False,False,0
94,Здоровье,0.0,False,False,0
94,Маркетплейсы,0.0,False,False,0
94,Общественное питание,0.0,False,False,0
94,Продовольствие,0.0,False,False,0
94,Транспорт,0.0,False,False,0
95,Все категории,0.0,False,False,0
95,Здоровье,0.0,False,False,0
95,Маркетплейсы,0.0,False,False,0
95,Общественное питание,0.0,False,False,0
95,Продовольствие,0.0,False,False,0
95,Транспорт,0.0,False,False,0
96,Все категории,0.0,False,False,0
96,Здоровье,0.0,False,False,0
96,Маркетплейсы,0.0,False,False,0
96,Общественное питание,0.0,False,False,0
96,Продовольствие,0.0,False,False,0
96,Транспорт,0.0,False,False,0
97,Все категории,0.0,False,False,0
97,Здоровье,0.0,False,False,0
97,Маркетплейсы,0.0,False,False,0
97,Общественное питание,0.0,False,False,0
97,Продовольствие,0.0,False,False,0
97,Транспорт,0.0,False,False,0
98,Все категории,0.0,False,False,0
98,Здоровье,0.0,False,False,0
98,Маркетплейсы,0.0,False,False,0
98,Общественное питание,0.0,False,False,0
98,Продовольствие,0.0,False,False,0
98,Транспорт,0.0,False,False,0
99,Все категории,0.0,False,False,0
99,Здоровье,0.0,False,False,0
99,Маркетплейсы,0.0,False,False,0
99,Общественное питание,0.0,False,False,0
99,Продовольствие,0.0,False,False,0
99,Транспорт,0.0,False,False,0
100,Все категории,0.0,False,False,0
100,Здоровье,0.0,False,False,0
100,Маркетплейсы,0.0,False,False,0
100,Общественное питание,0.0,False,False,0
100,Продовольствие,0.0,False,False,0
100,Транспорт,0.0,False,False,0
101,Все категории,0.0,False,False,0
101,Здоровье,0.0,False,False,0
101,Маркетплейсы,0.0,False,False,0
101,Общественное питание,0.0,False,False,0
101,Продовольствие,0.0,False,False,0
101,Транспорт,0.0,False,False,0
102,Все категории,0.0,False,False,0
102,Здоровье,0.0,False,False,0
102,Маркетплейсы,0.0,False,False,0
102,Общественное питание,0.0,False,False,0
102,Продовольствие,0.0,False,False,0
102,Транспорт,0.0,False,False,0
103,Все категории,0.0,False,False,0
103,Здоровье,0.0,False,False,0
103,Маркетплейсы,0.0,False,False,0
103,Общественное питание,0.0,False,False,0
103,Продовольствие,0.0,False,False,0
103,Транспорт,0.0,False,False,0
104,Все категории,0.0,False,False,0
104,Здоровье,0.0,False,False,0
104,Маркетплейсы,0.0,False,False,0
104,Общественное питание,0.0,False,False,0
104,Продовольствие,0.0,False,False,0
104,Транспорт,0.0,False,False,0
105,Все категории,0.0,False,False,0
105,Здоровье,0.0,False,False,0
105,Маркетплейсы,0.0,False,False,0
105,Общественное питание,0.0,False,False,0
105,Продовольствие,0.0,False,False,0
105,Транспорт,0.0,False,False,0
106,Все категории,0.0,False,False,0
106,Здоровье,0.0,False,False,0
106,Маркетплейсы,0.0,False,False,0
106,Общественное питание,0.0,False,False,0
106,Продовольствие,0.0,False,False,0
106,Транспорт,0.0,False,False,0
107,Все категории,0.0,False,False,0
107,Здоровье,0.0,False,False,0
107,Маркетплейсы,0.0,False,False,0
107,Общественное питание,0.0,False,False,0
107,Продовольствие,0.0,False,False,0
107,Транспорт,0.0,False,False,0
108,Все категории,0.0,False,False,0
108,Здоровье,0.0,False,False,0
108,Маркетплейсы,0.0,False,False,0
108,Общественное питание,0.0,False,False,0
108,Продовольствие,0.0,False,False,0
108,Транспорт,0.0,False,False,0
109,Все категории,0.0,False,False,0
109,Здоровье,0.0,False,False,0
109,Маркетплейсы,0.0,False,False,0
109,Общественное питание,0.0,False,False,0
109,Продовольствие,0.0,False,False,0
109,Транспорт,0.0,False,False,0
111,Все категории,0.0,False,False,0
111,Здоровье,0.0,False,False,0
111,Маркетплейсы,0.0,False,False,0
111,Общественное питание,0.0,False,False,0
111,Продовольствие,0.0,False,False,0
111,Транспорт,0.0,False,False,0
113,Все категории,0.0,False,False,0
113,Здоровье,0.0,False,False,0
113,Маркетплейсы,0.0,False,False,0
113,Общественное питание,0.0,False,False,0
113,Продовольствие,0.0,False,False,0
113,Транспорт,0.0,False,False,0
114,Все категории,0.0,False,False,0
114,Здоровье,0.0,False,False,0
114,Маркетплейсы,0.0,False,False,0
114,Общественное питание,0.0,False,False,0
114,Продовольствие,0.0,False,False,0
114,Транспорт,0.0,False,False,0
116,Все категории,0.0,False,False,0
116,Здоровье,0.0,False,False,0
116,Маркетплейсы,0.0,False,False,0
116,Общественное питание,0.0,False,False,0
116,Продовольствие,0.0,False,False,0
116,Транспорт,0.0,False,False,0
121,Все категории,0.0,False,False,0
121,Здоровье,0.0,False,False,0
121,Маркетплейсы,0.0,False,False,0
121,Общественное питание,0.0,False,False,0
121,Продовольствие,0.0,False,False,0
121,Транспорт,0.0,False,False,0
140,Все категории,0.0,False,False,0
140,Здоровье,0.0,False,False,0
140,Маркетплейсы,0.0,False,False,0
140,Общественное питание,0.0,False,False,0
140,Продовольствие,0.0,False,False,0
140,Транспорт,0.0,False,False,0
142,Все категории,0.0,False,False,0
142,Здоровье,0.0,False,False,0
142,Маркетплейсы,0.0,False,False,0
142,Общественное питание,0.0,False,False,0
142,Продовольствие,0.0,False,False,0
142,Транспорт,0.0,False,False,0
143,Все категории,0.0,False,False,0
143,Здоровье,0.0,False,False,0
143,Маркетплейсы,0.0,False,False,0
143,Общественное питание,0.0,False,False,0
143,Продовольствие,0.0,False,False,0
143,Транспорт,0.0,False,False,0
145,Все категории,0.0,False,False,0
145,Здоровье,0.0,False,False,0
145,Маркетплейсы,0.0,False,False,0
145,Общественное питание,0.0,False,False,0
145,Продовольствие,0.0,False,False,0
145,Транспорт,0.0,False,False,0
158,Все категории,0.0,False,False,0
158,Здоровье,0.0,False,False,0
158,Маркетплейсы,0.0,False,False,0
158,Общественное питание,0.0,False,False,0
158,Продовольствие,0.0,False,False,0
158,Транспорт,0.0,False,False,0
160,Все категории,0.0,False,False,0
160,Здоровье,0.0,False,False,0
160,Маркетплейсы,0.0,False,False,0
160,Общественное питание,0.0,False,False,0
160,Продовольствие,0.0,False,False,0
160,Транспорт,0.0,False,False,0
167,Все категории,0.6084397607163353,False,False,-1
167,Здоровье,0.6659579701521057,False,False,-1
167,Маркетплейсы,0.5355732783461615,False,False,-1
167,Общественное питание,0.0,False,False,1
167,Продовольствие,0.2557736735783802,False,False,-1
167,Транспорт,0.30593833764518413,False,False,-1
168,Все категории,0.7768169743856455,False,True,-1
168,Здоровье,0.30674650509119905,False,False,-1
168,Маркетплейсы,0.6115142960967536,False,False,-1
168,Общественное питание,0.19017205738138365,False,False,-1
168,Продовольствие,0.5817679577136172,False,False,-1
168,Транспорт,0.1709122842476637,False,False,-1
169,Все категории,0.28414583274259847,False,False,-1
169,Здоровье,0.7152768476538551,False,True,-1
169,Маркетплейсы,0.3746294407666558,False,False,-1
169,Общественное питание,0.0,False,False,1
169,Продовольствие,0.24189181125276538,False,False,-1
169,Транспорт,0.06691009440633985,False,False,-1
172,Все категории,0.0,False,False,0
172,Здоровье,0.0,False,False,0
172,Маркетплейсы,0.0,False,False,0
172,Общественное питание,0.0,False,False,0
172,Продовольствие,0.0,False,False,0
172,Транспорт,0.0,False,False,0
173,Все категории,0.711230686099851,False,True,-1
173,Здоровье,0.6878512432880858,False,False,-1
173,Маркетплейсы,1.215714800384554,True,True,-1
173,Общественное питание,0.3620617278591304,False,False,1
173,Продовольствие,0.2747155077091952,False,False,-1
173,Транспорт,0.1558970576084235,False,False,-1
174,Все категории,0.15560927382607886,False,False,-1
174,Здоровье,0.12594865580313536,False,False,1
174,Маркетплейсы,0.9433319707321761,False,True,-1
174,Общественное питание,0.04115605258683637,False,False,-1
174,Продовольствие,0.057727494173187066,False,False,-1
174,Транспорт,0.1548210782371638,False,False,-1
176,Все категории,1.1942440767163762,True,True,-1
176,Здоровье,0.7718338591468692,False,True,-1
176,Маркетплейсы,0.18492387804495647,False,False,-1
176,Общественное питание,0.0,False,False,1
176,Продовольствие,0.28624540171026003,False,False,-1
176,Транспорт,0.043187484743219096,False,False,1
177,Все категории,0.0,False,False,0
177,Здоровье,0.0,False,False,0
177,Маркетплейсы,0.0,False,False,0
177,Общественное питание,0.0,False,False,0
177,Продовольствие,0.0,False,False,0
177,Транспорт,0.0,False,False,0
178,Все категории,0.0,False,False,0
178,Здоровье,0.0,False,False,0
178,Маркетплейсы,0.0,False,False,0
178,Общественное питание,0.0,False,False,0
178,Продовольствие,0.0,False,False,0
178,Транспорт,0.0,False,False,0
179,Все категории,0.07616806265888926,False,False,1
179,Здоровье,0.1714150412134946,False,False,-1
179,Маркетплейсы,0.08271521690108202,False,False,1
179,Общественное питание,0.7960059640424869,False,True,1
179,Продовольствие,0.5461756617335705,False,False,1
179,Транспорт,0.0,False,False,1
181,Все категории,0.5664949726220809,False,False,-1
181,Здоровье,0.253048805892581,False,False,-1
181,Маркетплейсы,0.5838224044840841,False,False,-1
181,Общественное питание,0.38992190216115014,False,False,-1
181,Продовольствие,0.2874890348078774,False,False,-1
181,Транспорт,0.208938669575234,False,False,-1
183,Все категории,0.0,False,False,0
183,Здоровье,0.0,False,False,0
183,Маркетплейсы,0.0,False,False,0
183,Общественное питание,0.0,False,False,0
183,Продовольствие,0.0,False,False,0
183,Транспорт,0.0,False,False,0
184,Все категории,0.7097960887341113,False,True,-1
184,Здоровье,0.5862790481848995,False,False,-1
184,Маркетплейсы,0.052368411335692144,False,False,-1
184,Общественное питание,0.05113006396758582,False,False,1
184,Продовольствие,1.0224515738120257,True,True,-1
184,Транспорт,0.3952320907233081,False,False,-1
185,Все категории,1.0019015842254866,True,True,-1
185,Здоровье,0.0,False,False,1
185,Маркетплейсы,1.0144301181353381,True,True,-1
185,Общественное питание,0.015760691397358112,False,False,1
185,Продовольствие,0.5599839615331751,False,False,-1
185,Транспорт,0.6540591507579886,False,False,-1
186,Все категории,0.39818156469840815,False,False,1
186,Здоровье,0.36007050452997813,False,False,-1
186,Маркетплейсы,0.35387284198913216,False,False,1
186,Общественное питание,0.7818701461764358,False,True,1
186,Продовольствие,0.17909254540968358,False,False,-1
186,Транспорт,0.10542670828288547,False,False,-1
187,Все категории,0.0,False,False,0
187,Здоровье,0.0,False,False,0
187,Маркетплейсы,0.0,False,False,0
187,Общественное питание,0.0,False,False,0
187,Продовольствие,0.0,False,False,0
187,Транспорт,0.0,False,False,0
188,Все категории,1.3125034172130792,True,True,-1
188,Здоровье,0.02683032752439414,False,False,-1
188,Маркетплейсы,0.8933481784438672,False,True,-1
188,Общественное питание,0.319367148801322,False,False,-1
188,Продовольствие,0.7002061764175592,False,True,-1
188,Транспорт,0.9258911773880077,False,True,1
189,Все категории,0.0,False,False,0
189,Здоровье,0.0,False,False,0
189,Маркетплейсы,0.0,False,False,0
189,Общественное питание,0.0,False,False,0
189,Продовольствие,0.0,False,False,0
189,Транспорт,0.0,False,False,0
190,Все категории,0.17189269616044917,False,False,1
190,Здоровье,0.10054568454173357,False,False,1
190,Маркетплейсы,0.3649201599516619,False,False,1
190,Общественное питание,0.18084359979367526,False,False,1
190,Продовольствие,0.26417265247794497,False,False,1
190,Транспорт,0.16157565275320365,False,False,-1
191,Все категории,0.22176871918623065,False,False,-1
191,Здоровье,0.4846603228391355,False,False,-1
191,Маркетплейсы,0.0,False,False,1
191,Общественное питание,0.16115548972863275,False,False,1
191,Продовольствие,0.688618415774862,False,False,-1
191,Транспорт,0.37752517258533475,False,False,-1
192,Все категории,0.12939786818146623,False,False,-1
192,Здоровье,0.09386235784456931,False,False,1
192,Маркетплейсы,0.6054344200764061,False,False,-1
192,Общественное питание,0.13206040205549693,False,False,1
192,Продовольствие,0.141344254464372,False,False,-1
192,Транспорт,0.03642888635201527,False,False,1
193,Все категории,0.17293094569350992,False,False,1
193,Здоровье,0.0863740532901559,False,False,-1
193,Маркетплейсы,0.4505828700974389,False,False,-1
193,Общественное питание,0.43291336938833436,False,False,1
193,Продовольствие,0.2731506557417656,False,False,-1
193,Транспорт,0.13497775545855062,False,False,1
194,Все категории,0.3496028793824515,False,False,-1
194,Здоровье,0.23541137807713952,False,False,-1
194,Маркетплейсы,0.14086128382961308,False,False,-1
194,Общественное питание,0.32670284988605514,False,False,1
194,Продовольствие,0.71684283891676,False,True,-1
194,Транспорт,0.01610223486746129,False,False,-1
195,Все категории,0.37337808306722425,False,False,-1
195,Здоровье,0.06895545987700011,False,False,1
195,Маркетплейсы,0.5736482957545227,False,False,-1
195,Общественное питание,0.514323870170947,False,False,1
195,Продовольствие,1.0074449624577364,True,True,-1
195,Транспорт,0.35307265256556086,False,False,1
196,Все категории,0.48631870825585155,False,False,-1
196,Здоровье,0.04856551453539833,False,False,-1
196,Маркетплейсы,0.6340292490906548,False,False,-1
196,Общественное питание,0.027347277041256543,False,False,1
196,Продовольствие,0.3279724191026645,False,False,-1
196,Транспорт,0.6943834526790319,False,False,-1
197,Все категории,0.07145342478980213,False,False,-1
197,Здоровье,0.03302154688750389,False,False,1
197,Маркетплейсы,0.4123463896972621,False,False,-1
197,Общественное питание,0.05011483835408939,False,False,-1
197,Продовольствие,0.1969399609440085,False,False,-1
197,Транспорт,0.7732017990165606,False,True,-1
198,Все категории,0.33207149302731087,False,False,-1
198,Здоровье,0.23847476276793,False,False,-1
198,Маркетплейсы,0.7011528982516329,False,True,-1
198,Общественное питание,0.011692494206470894,False,False,-1
198,Продовольствие,0.49103922937593614,False,False,-1
198,Транспорт,0.0,False,False,1
200,Все категории,0.21908195688323245,False,False,1
200,Здоровье,0.01205568517373136,False,False,1
200,Маркетплейсы,0.02844582736386854,False,False,-1
200,Общественное питание,0.45018249021027656,False,False,1
200,Продовольствие,0.3740264026490158,False,False,1
200,Транспорт,0.4341072267513151,False,False,1
201,Все категории,0.7578856627665583,False,True,-1
201,Здоровье,0.06866613278012879,False,False,1
201,Маркетплейсы,0.3846148470970267,False,False,-1
201,Общественное питание,0.16580721003592752,False,False,1
201,Продовольствие,0.012923485550511551,False,False,-1
201,Транспорт,0.10358681647165818,False,False,1
202,Все категории,0.4661518447103019,False,False,-1
202,Здоровье,0.05458235697710043,False,False,1
202,Маркетплейсы,0.39857544593480526,False,False,-1
202,Общественное питание,0.3041037079725534,False,False,1
202,Продовольствие,0.0035333519567235933,False,False,-1
202,Транспорт,0.23646566545492603,False,False,1
203,Все категории,0.42340912641426304,False,False,-1
203,Здоровье,0.5512723860844043,False,False,-1
203,Маркетплейсы,0.3783396074687253,False,False,-1
203,Общественное питание,0.5427433813670981,False,False,1
203,Продовольствие,0.8032793996438504,False,True,-1
203,Транспорт,0.5493103380446499,False,False,1
204,Все категории,0.4018620158970113,False,False,-1
204,Здоровье,0.4973748854570904,False,False,-1
204,Маркетплейсы,0.05370618435302699,False,False,-1
204,Общественное питание,0.4059775719693501,False,False,-1
204,Продовольствие,0.4221511324219269,False,False,-1
204,Транспорт,0.2903093865174945,False,False,-1
205,Все категории,0.0,False,False,1
205,Здоровье,0.3790600712999128,False,False,-1
205,Маркетплейсы,0.7141071714589852,False,True,-1
205,Общественное питание,0.26403771309475355,False,False,1
205,Продовольствие,0.5002084042384787,False,False,-1
205,Транспорт,0.22392198651566114,False,False,1
206,Все категории,0.04506680885322231,False,False,-1
206,Здоровье,0.11754993629250104,False,False,-1
206,Маркетплейсы,0.8102106980589652,False,True,-1
206,Общественное питание,0.24161965942345254,False,False,-1
206,Продовольствие,0.30815152536415596,False,False,-1
206,Транспорт,0.009861742869571463,False,False,1
207,Все категории,0.16135443396235302,False,False,-1
207,Здоровье,0.5873231744436873,False,False,-1
207,Маркетплейсы,0.2071258049646832,False,False,-1
207,Общественное питание,0.8410995264126366,False,True,-1
207,Продовольствие,0.5441634376417144,False,False,-1
207,Транспорт,0.17340259611147407,False,False,1
208,Все категории,0.2169446994611628,False,False,-1
208,Здоровье,0.0,False,False,1
208,Маркетплейсы,0.35313404396638687,False,False,-1
208,Общественное питание,0.6392807540411398,False,False,-1
208,Продовольствие,0.5037482025165569,False,False,-1
208,Транспорт,1.020545384084202,True,True,-1
209,Все категории,0.3516447106934929,False,False,-1
209,Здоровье,0.39911188655530694,False,False,-1
209,Маркетплейсы,0.25847396015574814,False,False,-1
209,Общественное питание,0.01900297141874306,False,False,-1
209,Продовольствие,0.038310453603022515,False,False,-1
209,Транспорт,0.07988992440803502,False,False,-1
210,Все категории,0.24387326385086278,False,False,-1
210,Здоровье,0.1020439153237972,False,False,-1
210,Маркетплейсы,0.16912019310458626,False,False,-1
210,Общественное питание,0.12681893631116442,False,False,1
210,Продовольствие,0.009049644733134243,False,False,1
210,Транспорт,0.0,False,False,1
211,Все категории,0.03087306528641466,False,False,-1
211,Здоровье,0.3000831656207079,False,False,1
211,Маркетплейсы,0.5027228360068394,False,False,-1
211,Общественное питание,0.07289127967312439,False,False,-1
211,Продовольствие,0.6714809183283256,False,False,-1
211,Транспорт,0.19229541393911986,False,False,1
212,Все категории,0.3120340395975335,False,False,-1
212,Здоровье,0.3558998469126549,False,False,1
212,Маркетплейсы,0.11166177042463149,False,False,-1
212,Общественное питание,0.13946951086499249,False,False,-1
212,Продовольствие,0.6375797519309991,False,False,-1
212,Транспорт,0.09984929114710553,False,False,1
213,Все категории,0.5750272445865993,False,False,-1
213,Здоровье,0.33259377263299267,False,False,-1
213,Маркетплейсы,0.42697310981984554,False,False,-1
213,Общественное питание,0.02171046119394704,False,False,1
213,Продовольствие,0.36316100968339726,False,False,-1
213,Транспорт,0.06506183474931387,False,False,1
214,Все категории,0.19025055453937129,False,False,-1
214,Здоровье,0.08129813016574397,False,False,-1
214,Маркетплейсы,0.5361183273424301,False,False,-1
214,Общественное питание,0.5060853081173216,False,False,1
214,Продовольствие,0.3043668016715998,False,False,-1
214,Транспорт,0.07831747146854134,False,False,-1
215,Все категории,0.7350617549784385,False,True,-1
215,Здоровье,0.872557290343671,False,True,-1
215,Маркетплейсы,0.5857194813488095,False,False,-1
215,Общественное питание,0.1622623673029818,False,False,-1
215,Продовольствие,0.6999876881859379,False,False,-1
215,Транспорт,0.0719910755289842,False,False,-1
216,Все категории,0.22178283167030732,False,False,-1
216,Здоровье,0.21477806783423403,False,False,-1
216,Маркетплейсы,0.36160101224420754,False,False,-1
216,Общественное питание,0.38652908751183473,False,False,-1
216,Продовольствие,0.5230709969202716,False,False,-1
216,Транспорт,0.05549435007604142,False,False,1
217,Все категории,0.033256894544610324,False,False,-1
217,Здоровье,0.2959819598522766,False,False,-1
217,Маркетплейсы,0.7072023371371489,False,True,-1
217,Общественное питание,0.1390338366681105,False,False,1
217,Продовольствие,0.375888003394916,False,False,-1
217,Транспорт,0.23530082142947656,False,False,1
218,Все категории,0.2973943421103432,False,False,-1
218,Здоровье,0.5896276750772849,False,False,-1
218,Маркетплейсы,1.31927554233662,True,True,-1
218,Общественное питание,0.5459114432272576,False,False,-1
218,Продовольствие,0.08448170756422141,False,False,-1
218,Транспорт,0.4227253684661476,False,False,-1
219,Все категории,0.2235211807222291,False,False,-1
219,Здоровье,0.3109788645301879,False,False,-1
219,Маркетплейсы,0.3607724787555685,False,False,-1
219,Общественное питание,0.48671312217028395,False,False,-1
219,Продовольствие,0.24064137604369706,False,False,-1
219,Транспорт,0.09841955898434346,False,False,1
220,Все категории,0.9096521452649168,False,True,-1
220,Здоровье,0.09784063064042203,False,False,1
220,Маркетплейсы,0.5593982822655393,False,False,-1
220,Общественное питание,0.1651843817268237,False,False,-1
220,Продовольствие,0.10887755927297488,False,False,-1
220,Транспорт,0.4105203109785304,False,False,-1
221,Все категории,0.890526229731935,False,True,-1
221,Здоровье,0.3578087332294064,False,False,-1
221,Маркетплейсы,0.09313027594680318,False,False,-1
221,Общественное питание,0.0774184404549853,False,False,1
221,Продовольствие,0.8285923987268198,False,True,-1
221,Транспорт,0.04399916182857573,False,False,-1
222,Все категории,0.11921266077932208,False,False,1
222,Здоровье,0.12889390691661723,False,False,-1
222,Маркетплейсы,0.31781639447610527,False,False,-1
222,Общественное питание,0.18070771633166902,False,False,-1
222,Продовольствие,0.0,False,False,1
222,Транспорт,0.22154564848150327,False,False,1
223,Все категории,0.20278064822091285,False,False,-1
223,Здоровье,0.15585050608069734,False,False,-1
223,Маркетплейсы,0.5874629979612603,False,False,-1
223,Общественное питание,0.04533387397350125,False,False,-1
223,Продовольствие,0.8374868951988518,False,True,-1
223,Транспорт,0.0,False,False,1
224,Все категории,0.25390274648815025,False,False,-1
224,Здоровье,0.4647975479198815,False,False,-1
224,Маркетплейсы,0.24555213185570357,False,False,-1
224,Общественное питание,0.19671574652068224,False,False,-1
224,Продовольствие,0.3405349103180424,False,False,-1
224,Транспорт,0.0069308305114230695,False,False,1
225,Все категории,0.28897097601490007,False,False,-1
225,Здоровье,0.25818904383666763,False,False,-1
225,Маркетплейсы,0.8433443390615212,False,True,-1
225,Общественное питание,0.1714964944455174,False,False,-1
225,Продовольствие,0.33373849084243046,False,False,-1
225,Транспорт,0.16690723190158632,False,False,-1
226,Все категории,0.006777085440899555,False,False,-1
226,Здоровье,0.18643804761261623,False,False,-1
226,Маркетплейсы,0.3260983397842956,False,False,-1
226,Общественное питание,0.0,False,False,1
226,Продовольствие,0.9871805321778426,False,True,-1
226,Транспорт,0.03461571545234016,False,False,1
227,Все категории,0.0,False,False,1
227,Здоровье,0.0,False,False,1
227,Маркетплейсы,0.18222133911347796,False,False,-1
227,Общественное питание,0.2518803237087714,False,False,-1
227,Продовольствие,0.4026148602228883,False,False,-1
227,Транспорт,0.19846228317598041,False,False,-1
228,Все категории,0.22197046777760754,False,False,-1
228,Здоровье,0.22078810470746868,False,False,-1
228,Маркетплейсы,0.6766187878071808,False,False,-1
228,Общественное питание,0.0,False,False,1
228,Продовольствие,0.4376858308677676,False,False,-1
228,Транспорт,0.122914173892716,False,False,-1
229,Все категории,0.18735933986785314,False,False,-1
229,Здоровье,0.45576508524861625,False,False,-1
229,Маркетплейсы,0.1912020877058575,False,False,-1
229,Общественное питание,0.045652058050693445,False,False,-1
229,Продовольствие,0.5688305787157046,False,False,-1
229,Транспорт,0.0,False,False,1
230,Все категории,0.04648679736767733,False,False,-1
230,Здоровье,0.3523321808467085,False,False,-1
230,Маркетплейсы,0.29457625209628774,False,False,-1
230,Общественное питание,0.07742713483262037,False,False,-1
230,Продовольствие,0.4914174955588808,False,False,-1
230,Транспорт,0.03090260632441108,False,False,-1
231,Все категории,0.13733302305168896,False,False,-1
231,Здоровье,0.42270069176465086,False,False,-1
231,Маркетплейсы,0.24834448652469338,False,False,-1
231,Общественное питание,0.0533997532210185,False,False,-1
231,Продовольствие,0.7204581366398211,False,True,-1
231,Транспорт,0.08214952725917701,False,False,-1
232,Все категории,0.10985668387391384,False,False,-1
232,Здоровье,0.24542065183401374,False,False,1
232,Маркетплейсы,0.4594982488649312,False,False,-1
232,Общественное питание,0.17054249512477776,False,False,-1
232,Продовольствие,0.06130335503297267,False,False,-1
232,Транспорт,0.7660756642707583,False,True,1
233,Все категории,0.012643556735249376,False,False,-1
233,Здоровье,0.003358587279566866,False,False,-1
233,Маркетплейсы,0.2923440340346856,False,False,-1
233,Общественное питание,0.25285184052145726,False,False,-1
233,Продовольствие,0.22753618936712106,False,False,-1
233,Транспорт,0.0,False,False,1
234,Все категории,0.4186087569105775,False,False,-1
234,Здоровье,0.4918942143350621,False,False,-1
234,Маркетплейсы,0.8491304966003134,False,True,-1
234,Общественное питание,0.1158156262561646,False,False,-1
234,Продовольствие,0.6217318759007138,False,False,-1
234,Транспорт,0.0,False,False,1
235,Все категории,0.36076499077467006,False,False,1
235,Здоровье,0.0853959952697439,False,False,-1
235,Маркетплейсы,0.36586617436707625,False,False,-1
235,Общественное питание,0.4842527594246989,False,False,1
235,Продовольствие,0.19239784680981598,False,False,1
235,Транспорт,0.10955885984118524,False,False,-1
236,Все категории,0.3149000227198362,False,False,-1
236,Здоровье,0.320099865676439,False,False,-1
236,Маркетплейсы,0.2363038583509776,False,False,-1
236,Общественное питание,0.0,False,False,1
236,Продовольствие,0.5100512869904356,False,False,-1
236,Транспорт,0.16651340141042648,False,False,1
237,Все категории,0.860415755640174,False,True,-1
237,Здоровье,0.3924049613027327,False,False,-1
237,Маркетплейсы,0.43793583263012126,False,False,-1
237,Общественное питание,0.44038390360294577,False,False,-1
237,Продовольствие,0.4047081636711685,False,False,-1
237,Транспорт,0.05346407431388549,False,False,-1
238,Все категории,0.02761569715364169,False,False,-1
238,Здоровье,0.25603600804129883,False,False,-1
238,Маркетплейсы,0.6207616538776028,False,False,-1
238,Общественное питание,0.8475195998542394,False,True,1
238,Продовольствие,0.20769418679850482,False,False,-1
238,Транспорт,0.0376698965535536,False,False,-1
239,Все категории,0.574394135024592,False,False,-1
239,Здоровье,1.0422562691928852,True,True,-1
239,Маркетплейсы,0.4193465412601488,False,False,-1
239,Общественное питание,0.16251506571641108,False,False,-1
239,Продовольствие,0.9380288598658755,False,True,-1
239,Транспорт,0.5200922606470287,False,False,-1
240,Все категории,0.22160156829002914,False,False,-1
240,Здоровье,0.21733599440539697,False,False,-1
240,Маркетплейсы,0.18996101598012555,False,False,1
240,Общественное питание,0.07549776046200896,False,False,1
240,Продовольствие,0.34320424405355465,False,False,-1
240,Транспорт,0.0,False,False,1
241,Все категории,0.12621981774244348,False,False,-1
241,Здоровье,0.038954635289546236,False,False,1
241,Маркетплейсы,0.6871386128220123,False,False,-1
241,Общественное питание,0.12064265995208762,False,False,-1
241,Продовольствие,0.44225822737246134,False,False,-1
241,Транспорт,0.07188577075116828,False,False,1
242,Все категории,0.18353858862259093,False,False,1
242,Здоровье,0.24052677906054643,False,False,-1
242,Маркетплейсы,0.4127310818620947,False,False,-1
242,Общественное питание,0.4509962979200377,False,False,-1
242,Продовольствие,0.10923949990328913,False,False,-1
242,Транспорт,0.28798469467601884,False,False,-1
243,Все категории,0.3220962471762857,False,False,-1
243,Здоровье,0.2014795165258363,False,False,-1
243,Маркетплейсы,0.4909654969505196,False,False,-1
243,Общественное питание,0.0,False,False,1
243,Продовольствие,0.3363196392991088,False,False,-1
243,Транспорт,0.11356987605338831,False,False,-1
269,Все категории,0.3394171683134076,False,False,-1
269,Здоровье,0.13521233070884192,False,False,-1
269,Маркетплейсы,0.849109209885831,False,True,-1
269,Общественное питание,0.27275545899042186,False,False,-1
269,Продовольствие,0.45099279059085484,False,False,-1
269,Транспорт,0.0,False,False,1
270,Все категории,0.435883362243492,False,False,-1
270,Здоровье,0.4101430609578821,False,False,-1
270,Маркетплейсы,1.2702533171062118,True,True,-1
270,Общественное питание,0.7177378604214062,False,True,-1
270,Продовольствие,0.2590199577358452,False,False,-1
270,Транспорт,0.6959926851278375,False,False,1
271,Все категории,0.2708268589013675,False,False,-1
271,Здоровье,0.05035240971944499,False,False,1
271,Маркетплейсы,0.7310861697436383,False,True,-1
271,Общественное питание,0.12373833499519904,False,False,1
271,Продовольствие,0.4359287038428232,False,False,-1
271,Транспорт,0.30250266775325385,False,False,-1
272,Все категории,0.325465138734799,False,False,-1
272,Здоровье,0.40790724110882504,False,False,-1
272,Маркетплейсы,0.07235418290271611,False,False,-1
272,Общественное питание,0.06963244526865153,False,False,1
272,Продовольствие,0.8256406585587724,False,True,-1
272,Транспорт,0.006897200790062355,False,False,1
273,Все категории,0.4756993100718554,False,False,-1
273,Здоровье,0.6367715501099107,False,False,-1
273,Маркетплейсы,0.643759559026388,False,False,-1
273,Общественное питание,0.16065231626047546,False,False,1
273,Продовольствие,0.13422110977263996,False,False,-1
273,Транспорт,0.017089159175145363,False,False,1
274,Все категории,0.7726786424928325,False,True,-1
274,Здоровье,0.4027833486612713,False,False,-1
274,Маркетплейсы,0.998839068228984,False,True,-1
274,Общественное питание,0.0,False,False,1
274,Продовольствие,1.0235389656987144,True,True,-1
274,Транспорт,0.3091641774192221,False,False,-1
275,Все категории,0.7889532115317678,False,True,-1
275,Здоровье,0.2738674508410068,False,False,-1
275,Маркетплейсы,0.6478982283226017,False,False,-1
275,Общественное питание,1.4103079670851204,False,True,-1
275,Продовольствие,0.12924434281789746,False,False,-1
275,Транспорт,0.7460931750294111,False,True,-1
276,Все категории,0.0,False,False,1
276,Здоровье,0.20500253540002705,False,False,1
276,Маркетплейсы,0.1541525831854672,False,False,-1
276,Общественное питание,0.07740906821820509,False,False,-1
276,Продовольствие,0.81131384034334,False,True,-1
276,Транспорт,0.12532132311759805,False,False,-1
277,Все категории,0.46001287581428074,False,False,-1
277,Здоровье,0.02255689468479835,False,False,1
277,Маркетплейсы,0.030119357395425594,False,False,1
277,Общественное питание,0.059434509220414516,False,False,-1
277,Продовольствие,0.7425957153854191,False,True,-1
277,Транспорт,0.2326094829065003,False,False,-1
278,Все категории,0.0745071556983101,False,False,-1
278,Здоровье,0.20966216399225307,False,False,-1
278,Маркетплейсы,0.3179440055993788,False,False,-1
278,Общественное питание,0.012290017513672119,False,False,1
278,Продовольствие,0.22209645775405962,False,False,-1
278,Транспорт,0.0,False,False,1
279,Все категории,0.9716425452543571,False,True,-1
279,Здоровье,0.1567275259647553,False,False,-1
279,Маркетплейсы,0.6249946907982531,False,False,-1
279,Общественное питание,0.6655313988675511,False,False,1
279,Продовольствие,0.9905460024888006,False,True,-1
279,Транспорт,0.0,False,False,1
280,Все категории,0.4370309385284564,False,False,-1
280,Здоровье,0.22716727713473572,False,False,1
280,Маркетплейсы,0.6459290316600483,False,False,-1
280,Общественное питание,0.29557017759139376,False,False,-1
280,Продовольствие,0.5226170275513912,False,False,-1
280,Транспорт,0.8442266383980299,False,True,-1
281,Все категории,0.7596778459721355,False,True,-1
281,Здоровье,0.2147770117514594,False,False,1
281,Маркетплейсы,0.7566833880510573,False,True,-1
281,Общественное питание,0.20096821216973815,False,False,-1
281,Продовольствие,0.7983199026601495,False,True,-1
281,Транспорт,0.3460949125136494,False,False,-1
282,Все категории,0.289846971267376,False,False,-1
282,Здоровье,0.29317333125777,False,False,-1
282,Маркетплейсы,0.1294848572783725,False,False,-1
282,Общественное питание,0.0,False,False,1
282,Продовольствие,0.7596114854638784,False,True,-1
282,Транспорт,0.16630826494575826,False,False,-1
283,Все категории,0.4889399604452609,False,False,-1
283,Здоровье,0.5993407899001137,False,False,-1
283,Маркетплейсы,0.16134358053759526,False,False,-1
283,Общественное питание,0.2676003022974969,False,False,-1
283,Продовольствие,0.7062389447869242,False,True,-1
283,Транспорт,0.4779472387534609,False,False,-1
284,Все категории,0.3637803215768752,False,False,-1
284,Здоровье,0.2138824997318166,False,False,-1
284,Маркетплейсы,0.2851327609641314,False,False,-1
284,Общественное питание,0.0,False,False,1
284,Продовольствие,0.4210484779916941,False,False,-1
284,Транспорт,0.4387465368219261,False,False,1
285,Все категории,0.04913414882018363,False,False,1
285,Здоровье,0.0,False,False,1
285,Маркетплейсы,0.4163635182304138,False,False,-1
285,Общественное питание,0.005454911715748703,False,False,-1
285,Продовольствие,0.020192756289581934,False,False,1
285,Транспорт,0.05016854072406261,False,False,-1
286,Все категории,0.0,False,False,0
286,Здоровье,0.0,False,False,0
286,Маркетплейсы,0.0,False,False,0
286,Общественное питание,0.0,False,False,0
286,Продовольствие,0.0,False,False,0
286,Транспорт,0.0,False,False,0
287,Все категории,0.10031185612499804,False,False,-1
287,Здоровье,0.3298337961291475,False,False,-1
287,Маркетплейсы,0.5580333549583982,False,False,-1
287,Общественное питание,0.6697761412462302,False,False,1
287,Продовольствие,0.040493526214597064,False,False,-1
287,Транспорт,0.39135869699197234,False,False,1
288,Все категории,0.03068267740064079,False,False,-1
288,Здоровье,0.3259419431155994,False,False,-1
288,Маркетплейсы,0.025306898464149102,False,False,-1
288,Общественное питание,0.046710514664311864,False,False,-1
288,Продовольствие,0.3272192174998141,False,False,-1
288,Транспорт,0.24402949018210401,False,False,-1
289,Все категории,0.4628920054237825,False,False,-1
289,Здоровье,0.35887948074749687,False,False,-1
289,Маркетплейсы,0.2427414784779411,False,False,-1
289,Общественное питание,0.27927805449402676,False,False,1
289,Продовольствие,0.6386702379369382,False,False,-1
289,Транспорт,0.14600068421212403,False,False,-1
290,Все категории,0.16346271661359218,False,False,-1
290,Здоровье,0.36884367774719806,False,False,-1
290,Маркетплейсы,0.06550815754485204,False,False,-1
290,Общественное питание,0.14030339614717888,False,False,-1
290,Продовольствие,0.41926557063593417,False,False,-1
290,Транспорт,0.14449485709521348,False,False,-1
291,Все категории,0.4634021190093762,False,False,1
291,Здоровье,0.27820765882665166,False,False,-1
291,Маркетплейсы,0.0719669618296764,False,False,-1
291,Общественное питание,0.0,False,False,1
291,Продовольствие,0.08603573154616573,False,False,1
291,Транспорт,0.17736389747854397,False,False,-1
292,Все категории,0.38725342680535746,False,False,-1
292,Здоровье,0.04053025382548971,False,False,1
292,Маркетплейсы,0.49334431745496266,False,False,-1
292,Общественное питание,0.6462148359012897,False,False,-1
292,Продовольствие,0.4587733959618987,False,False,-1
292,Транспорт,0.21580120658270863,False,False,-1
293,Все категории,0.5038057562049967,False,False,-1
293,Здоровье,0.445239008312184,False,False,-1
293,Маркетплейсы,0.5610653021259815,False,False,-1
293,Общественное питание,0.0,False,False,1
293,Продовольствие,0.661120108287569,False,False,-1
293,Транспорт,0.0,False,False,1
294,Все категории,0.18728849797503128,False,False,-1
294,Здоровье,0.10141561124933865,False,False,-1
294,Маркетплейсы,0.37740887102232334,False,False,-1
294,Общественное питание,0.0774407281074902,False,False,-1
294,Продовольствие,0.9582181525170457,False,True,-1
294,Транспорт,0.03493114520496576,False,False,-1
295,Все категории,0.3869783394861154,False,False,-1
295,Здоровье,0.42937616745000906,False,False,-1
295,Маркетплейсы,0.8968596248170613,False,True,-1
295,Общественное питание,0.3867598603647042,False,False,-1
295,Продовольствие,0.4840220644267962,False,False,-1
295,Транспорт,0.30584673391127604,False,False,1
296,Все категории,0.3285092298894506,False,False,-1
296,Здоровье,0.28947129581144815,False,False,-1
296,Маркетплейсы,0.20055416994134584,False,False,-1
296,Общественное питание,0.15158093227792707,False,False,-1
296,Продовольствие,0.7048548130403963,False,True,-1
296,Транспорт,0.11527736121880353,False,False,-1
297,Все категории,0.0,False,False,1
297,Здоровье,0.14566311368626708,False,False,-1
297,Маркетплейсы,0.008096622296803038,False,False,-1
297,Общественное питание,0.4511840635379277,False,False,1
297,Продовольствие,0.6841066103890239,False,False,-1
297,Транспорт,0.0,False,False,1
298,Все категории,0.43414996350220264,False,False,-1
298,Здоровье,0.6959375741513694,False,False,-1
298,Маркетплейсы,0.08969167615214602,False,False,-1
298,Общественное питание,0.021840474475602015,False,False,-1
298,Продовольствие,0.8329952728082461,False,True,-1
298,Транспорт,0.031818440078104415,False,False,1
299,Все категории,0.0,False,False,0
299,Здоровье,0.0,False,False,0
299,Маркетплейсы,0.0,False,False,0
299,Общественное питание,0.0,False,False,0
299,Продовольствие,0.0,False,False,0
299,Транспорт,0.0,False,False,0
300,Все категории,0.111987242227614,False,False,1
300,Здоровье,0.1700328723252259,False,False,-1
300,Маркетплейсы,0.30995157401124274,False,False,-1
300,Общественное питание,0.13334355739042883,False,False,-1
300,Продовольствие,0.5046115623140326,False,False,-1
300,Транспорт,0.32266079068104825,False,False,1
301,Все категории,0.44125466897840204,False,False,-1
301,Здоровье,0.0,False,False,1
301,Маркетплейсы,0.1555516216535216,False,False,-1
301,Общественное питание,0.09427617622374862,False,False,-1
301,Продовольствие,0.3349865371855914,False,False,-1
301,Транспорт,0.030066757207569586,False,False,-1
302,Все категории,0.36856610970669723,False,False,-1
302,Здоровье,0.17434191882858735,False,False,-1
302,Маркетплейсы,0.929663693765299,False,True,-1
302,Общественное питание,0.36696659886875393,False,False,1
302,Продовольствие,0.22661010251940944,False,False,-1
302,Транспорт,0.0,False,False,1
303,Все категории,0.27711952715363214,False,False,-1
303,Здоровье,0.20832674234280796,False,False,-1
303,Маркетплейсы,0.6734971880259675,False,False,-1
303,Общественное питание,0.3595137549961864,False,False,1
303,Продовольствие,0.510942659638967,False,False,-1
303,Транспорт,0.2878812798713034,False,False,-1
304,Все категории,0.5589007344759552,False,False,-1
304,Здоровье,0.19475073520539132,False,False,-1
304,Маркетплейсы,0.5552077044272311,False,False,-1
304,Общественное питание,0.30693938912239005,False,False,-1
304,Продовольствие,0.5679732313658725,False,False,-1
304,Транспорт,0.3649617593364944,False,False,-1
305,Все категории,0.5663265764904921,False,False,-1
305,Здоровье,0.2015891438503592,False,False,-1
305,Маркетплейсы,0.4227584871717309,False,False,-1
305,Общественное питание,0.3802076318860924,False,False,1
305,Продовольствие,0.25930122766355046,False,False,-1
305,Транспорт,0.03614653920886009,False,False,-1
306,Все категории,0.7072058774849641,False,True,-1
306,Здоровье,0.0,False,False,1
306,Маркетплейсы,0.6608473217944197,False,False,-1
306,Общественное питание,0.239067495939003,False,False,1
306,Продовольствие,0.12494907714925882,False,False,-1
306,Транспорт,0.5512758072894236,False,False,1
307,Все категории,0.3393129123930859,False,False,-1
307,Здоровье,0.16318607225832482,False,False,-1
307,Маркетплейсы,0.852159854056195,False,True,-1
307,Общественное питание,0.3225043599606446,False,False,-1
307,Продовольствие,0.26795954596364574,False,False,-1
307,Транспорт,0.17134463081064413,False,False,-1
308,Все категории,0.33946584817122194,False,False,-1
308,Здоровье,0.2720604558590199,False,False,-1
308,Маркетплейсы,0.8251958057997963,False,True,-1
308,Общественное питание,0.2987390840119593,False,False,1
308,Продовольствие,0.007987709708234134,False,False,-1
308,Транспорт,0.21531524002534508,False,False,-1
309,Все категории,0.15160772514388213,False,False,-1
309,Здоровье,0.19870327305745072,False,False,-1
309,Маркетплейсы,0.7751823367696394,False,True,-1
309,Общественное питание,0.003258966133733568,False,False,-1
309,Продовольствие,0.0020414170517657204,False,False,-1
309,Транспорт,0.0,False,False,1
310,Все категории,0.0,False,False,0
310,Здоровье,0.0,False,False,0
310,Маркетплейсы,0.0,False,False,0
310,Общественное питание,0.0,False,False,0
310,Продовольствие,0.0,False,False,0
310,Транспорт,0.0,False,False,0
311,Все категории,0.1398511410564406,False,False,-1
311,Здоровье,0.20341091681334666,False,False,-1
311,Маркетплейсы,0.860995363738379,False,True,-1
311,Общественное питание,0.0,False,False,1
311,Продовольствие,0.47128783392224105,False,False,1
311,Транспорт,0.0,False,False,1
312,Все категории,0.16258286786610943,False,False,-1
312,Здоровье,0.3752879048705956,False,False,-1
312,Маркетплейсы,0.14147602089217065,False,False,-1
312,Общественное питание,0.0,False,False,1
312,Продовольствие,0.38991987349897045,False,False,-1
312,Транспорт,0.6905516141265262,False,False,-1
313,Все категории,0.0,False,False,0
313,Здоровье,0.0,False,False,0
313,Маркетплейсы,0.0,False,False,0
313,Общественное питание,0.0,False,False,0
313,Продовольствие,0.0,False,False,0
313,Транспорт,0.0,False,False,0
314,Все категории,0.0,False,False,1
314,Здоровье,0.12090670874657972,False,False,-1
314,Маркетплейсы,0.6917971664347955,False,False,-1
314,Общественное питание,0.013163721933816125,False,False,1
314,Продовольствие,0.0,False,False,1
314,Транспорт,0.459577111591309,False,False,-1
315,Все категории,0.022059422993619668,False,False,1
315,Здоровье,0.4508574366978262,False,False,-1
315,Маркетплейсы,0.30011302373714216,False,False,-1
315,Общественное питание,0.3448439191780577,False,False,1
315,Продовольствие,0.11752827336412525,False,False,-1
315,Транспорт,0.04729366006303992,False,False,1
316,Все категории,0.131091883509467,False,False,-1
316,Здоровье,0.7680356155352633,False,True,-1
316,Маркетплейсы,0.4884584592786547,False,False,-1
316,Общественное питание,0.04162424710228557,False,False,1
316,Продовольствие,0.13432947122390826,False,False,-1
316,Транспорт,0.136206268839514,False,False,-1
317,Все категории,0.026630118346184672,False,False,-1
317,Здоровье,0.41830365515150303,False,False,-1
317,Маркетплейсы,0.26506741713108434,False,False,-1
317,Общественное питание,0.1568295904686442,False,False,1
317,Продовольствие,0.2699024015472134,False,False,-1
317,Транспорт,0.04532417559218321,False,False,-1
318,Все категории,0.3864734521843707,False,False,-1
318,Здоровье,0.5891258942225961,False,False,-1
318,Маркетплейсы,0.8702931745945446,False,True,-1
318,Общественное питание,0.17658653936746177,False,False,1
318,Продовольствие,0.6817514362897497,False,False,1
318,Транспорт,0.0,False,False,1
319,Все категории,0.04831130480586221,False,False,1
319,Здоровье,0.0,False,False,1
319,Маркетплейсы,0.2143015504510093,False,False,1
319,Общественное питание,0.1386437510151648,False,False,1
319,Продовольствие,0.061708183410884646,False,False,-1
319,Транспорт,0.9271437580613721,False,True,-1
320,Все категории,0.26650228992867336,False,False,1
320,Здоровье,0.4425368937762105,False,False,-1
320,Маркетплейсы,0.3055072622284845,False,False,-1
320,Общественное питание,0.5942134497239603,False,False,1
320,Продовольствие,0.012476666860412391,False,False,1
320,Транспорт,0.18949317971685048,False,False,1
321,Все категории,0.0,False,False,1
321,Здоровье,0.02362751196872534,False,False,-1
321,Маркетплейсы,0.8987617378634335,False,True,-1
321,Общественное питание,0.1342226787794136,False,False,1
321,Продовольствие,0.2786050387772052,False,False,-1
321,Транспорт,0.11207879802556076,False,False,1
322,Все категории,0.0,False,False,0
322,Здоровье,0.0,False,False,0
322,Маркетплейсы,0.0,False,False,0
322,Общественное питание,0.0,False,False,0
322,Продовольствие,0.0,False,False,0
322,Транспорт,0.0,False,False,0
323,Все категории,0.3117321036086853,False,False,1
323,Здоровье,0.30333802764129686,False,False,-1
323,Маркетплейсы,0.08017632969383376,False,False,-1
323,Общественное питание,0.33417468221699204,False,False,1
323,Продовольствие,0.5069186150509248,False,False,1
323,Транспорт,0.17196734880644296,False,False,1
324,Все категории,0.2951021845693281,False,False,-1
324,Здоровье,0.18222317632011678,False,False,-1
324,Маркетплейсы,0.7113214002155631,False,True,-1
324,Общественное питание,0.01306834935926636,False,False,-1
324,Продовольствие,0.4655617669976544,False,False,-1
324,Транспорт,0.32890060499735896,False,False,-1
325,Все категории,0.08080041172118485,False,False,-1
325,Здоровье,0.16034509868980248,False,False,-1
325,Маркетплейсы,0.6645477360669174,False,False,-1
325,Общественное питание,0.0,False,False,1
325,Продовольствие,0.21804942731990573,False,False,-1
325,Транспорт,0.2633201188905093,False,False,-1
326,Все категории,0.11065775681115594,False,False,-1
326,Здоровье,0.055496487413196904,False,False,-1
326,Маркетплейсы,0.7484872694621382,False,True,-1
326,Общественное питание,0.0,False,False,1
326,Продовольствие,0.06303563338936202,False,False,-1
326,Транспорт,0.0,False,False,1
327,Все категории,0.06264743035761416,False,False,-1
327,Здоровье,0.24326927840289558,False,False,-1
327,Маркетплейсы,0.553358370859525,False,False,-1
327,Общественное питание,0.03926269333091628,False,False,-1
327,Продовольствие,0.38016955933256213,False,False,-1
327,Транспорт,0.020607620277969196,False,False,-1
328,Все категории,0.0,False,False,0
328,Здоровье,0.0,False,False,0
328,Маркетплейсы,0.0,False,False,0
328,Общественное питание,0.0,False,False,0
328,Продовольствие,0.0,False,False,0
328,Транспорт,0.0,False,False,0
329,Все категории,0.15176934977828538,False,False,-1
329,Здоровье,0.014745864498960176,False,False,1
329,Маркетплейсы,0.6263949938069191,False,False,-1
329,Общественное питание,0.30871442592127096,False,False,-1
329,Продовольствие,0.06304364788161917,False,False,1
329,Транспорт,0.31331497369346234,False,False,-1
330,Все категории,0.5331825010350846,False,False,-1
330,Здоровье,0.3037353852534986,False,False,-1
330,Маркетплейсы,0.8126901912074773,False,True,-1
330,Общественное питание,0.07098099118434298,False,False,-1
330,Продовольствие,0.3697442378059601,False,False,-1
330,Транспорт,0.23071538722903778,False,False,-1
331,Все категории,0.3310612045006618,False,False,-1
331,Здоровье,0.196325036114198,False,False,-1
331,Маркетплейсы,0.5455712038271547,False,False,-1
331,Общественное питание,0.08303341737068226,False,False,-1
331,Продовольствие,0.6210497324784914,False,False,-1
331,Транспорт,0.253736837212591,False,False,-1
332,Все категории,0.04165318037722743,False,False,1
332,Здоровье,0.07621368973518114,False,False,1
332,Маркетплейсы,0.4259631828265168,False,False,-1
332,Общественное питание,0.024729211446639907,False,False,1
332,Продовольствие,0.19613894131119558,False,False,-1
332,Транспорт,0.391264212357025,False,False,1
333,Все категории,0.1262258020813946,False,False,1
333,Здоровье,0.0,False,False,1
333,Маркетплейсы,0.7093361178965427,False,True,-1
333,Общественное питание,0.4470243264571153,False,False,1
333,Продовольствие,0.0,False,False,1
333,Транспорт,0.0,False,False,1
334,Все категории,0.02674135324880035,False,False,-1
334,Здоровье,0.00582801606663412,False,False,1
334,Маркетплейсы,0.1034495230112995,False,False,1
334,Общественное питание,0.04691938923549442,False,False,1
334,Продовольствие,0.1425431976592803,False,False,-1
334,Транспорт,0.08736604491072442,False,False,1
335,Все категории,0.08410307775051046,False,False,-1
335,Здоровье,0.05343800874957105,False,False,1
335,Маркетплейсы,0.37067349012075224,False,False,-1
335,Общественное питание,0.012686189671717835,False,False,-1
335,Продовольствие,0.40955488809009477,False,False,-1
335,Транспорт,0.06116258038548912,False,False,1
336,Все категории,0.0117855318188895,False,False,-1
336,Здоровье,0.09210514979987697,False,False,-1
336,Маркетплейсы,0.7488420976069967,False,True,-1
336,Общественное питание,0.015376966760320965,False,False,-1
336,Продовольствие,0.28822191871592645,False,False,-1
336,Транспорт,0.13375918273363466,False,False,1
337,Все категории,0.28297871993831214,False,False,-1
337,Здоровье,0.06062509126706428,False,False,1
337,Маркетплейсы,0.574217886399238,False,False,-1
337,Общественное питание,0.18201659215399815,False,False,-1
337,Продовольствие,0.019484268919885417,False,False,1
337,Транспорт,0.17235675904471542,False,False,-1
338,Все категории,0.026828498473056184,False,False,-1
338,Здоровье,0.0,False,False,1
338,Маркетплейсы,0.30734193930386877,False,False,-1
338,Общественное питание,0.15605288957046762,False,False,1
338,Продовольствие,0.07639690329736645,False,False,-1
338,Транспорт,0.14241713444247384,False,False,1
339,Все категории,0.2183633631818423,False,False,-1
339,Здоровье,0.029183046810331223,False,False,-1
339,Маркетплейсы,0.29806567854612165,False,False,-1
339,Общественное питание,0.06112849220569108,False,False,1
339,Продовольствие,0.21270254687926704,False,False,-1
339,Транспорт,0.16128739055829724,False,False,-1
340,Все категории,0.0,False,False,1
340,Здоровье,0.09531161802366572,False,False,1
340,Маркетплейсы,0.3319155931861847,False,False,-1
340,Общественное питание,0.2464934714722935,False,False,1
340,Продовольствие,0.11828830496524931,False,False,1
340,Транспорт,0.2778794911009678,False,False,1
341,Все категории,0.5771852511327308,False,False,-1
341,Здоровье,0.15888336464316388,False,False,1
341,Маркетплейсы,0.28620917295073145,False,False,-1
341,Общественное питание,0.40349810179628187,False,False,1
341,Продовольствие,0.43508340800202133,False,False,-1
341,Транспорт,0.1176784901799579,False,False,1
342,Все категории,0.5540090332322287,False,False,-1
342,Здоровье,0.13362781092125314,False,False,-1
342,Маркетплейсы,0.765518774056545,False,True,-1
342,Общественное питание,0.3802528007804434,False,False,1
342,Продовольствие,0.15666116618538,False,False,-1
342,Транспорт,0.31777846358363815,False,False,1
343,Все категории,0.01812201326690041,False,False,-1
343,Здоровье,0.11837473179428126,False,False,1
343,Маркетплейсы,0.45430212855419083,False,False,-1
343,Общественное питание,0.0,False,False,1
343,Продовольствие,0.12296799683774187,False,False,-1
343,Транспорт,0.0,False,False,1
344,Все категории,0.0,False,False,0
344,Здоровье,0.0,False,False,0
344,Маркетплейсы,0.0,False,False,0
344,Общественное питание,0.0,False,False,0
344,Продовольствие,0.0,False,False,0
344,Транспорт,0.0,False,False,0
345,Все категории,0.33680902867183515,False,False,-1
345,Здоровье,0.44912655677377966,False,False,-1
345,Маркетплейсы,0.814305612704108,False,True,-1
345,Общественное питание,0.02328085413921631,False,False,-1
345,Продовольствие,0.015616779007181933,False,False,-1
345,Транспорт,0.47653813711980797,False,False,-1
346,Все категории,0.28073994803156793,False,False,-1
346,Здоровье,0.09246422103922969,False,False,1
346,Маркетплейсы,0.16584304588614462,False,False,-1
346,Общественное питание,0.01619128829658427,False,False,-1
346,Продовольствие,0.3134557092806175,False,False,-1
346,Транспорт,0.023179836203414378,False,False,1
347,Все категории,0.5278674581086747,False,False,-1
347,Здоровье,0.17640661226447976,False,False,-1
347,Маркетплейсы,0.6036134759665661,False,False,-1
347,Общественное питание,0.09915645298805414,False,False,-1
347,Продовольствие,0.21609965456464436,False,False,-1
347,Транспорт,0.09785608917693553,False,False,-1
348,Все категории,0.40386379767982755,False,False,-1
348,Здоровье,0.12692622255549638,False,False,1
348,Маркетплейсы,0.6117807128451502,False,False,-1
348,Общественное питание,0.18159800942992663,False,False,1
348,Продовольствие,0.5741722513949654,False,False,-1
348,Транспорт,0.5285389972671517,False,False,-1
349,Все категории,0.4515091204423699,False,False,-1
349,Здоровье,0.10951682073905344,False,False,-1
349,Маркетплейсы,0.494408649950992,False,False,-1
349,Общественное питание,0.1882949548591762,False,False,1
349,Продовольствие,0.45484410102242434,False,False,-1
349,Транспорт,0.43064248154435764,False,False,-1
350,Все категории,0.0,False,False,0
350,Здоровье,0.0,False,False,0
350,Маркетплейсы,0.0,False,False,0
350,Общественное питание,0.0,False,False,0
350,Продовольствие,0.0,False,False,0
350,Транспорт,0.0,False,False,0
351,Все категории,0.7351415681433604,False,True,-1
351,Здоровье,0.47729143379926553,False,False,-1
351,Маркетплейсы,0.2385034953240731,False,False,-1
351,Общественное питание,0.0,False,False,1
351,Продовольствие,0.5041806235142555,False,False,-1
351,Транспорт,0.0,False,False,1
352,Все категории,0.42278146778898434,False,False,-1
352,Здоровье,0.0,False,False,1
352,Маркетплейсы,0.8662600475284923,False,True,-1
352,Общественное питание,0.18549494016134102,False,False,-1
352,Продовольствие,0.5047172057459093,False,False,-1
352,Транспорт,0.4074876488639555,False,False,-1
353,Все категории,0.3434765063881171,False,False,-1
353,Здоровье,0.26172501636547746,False,False,-1
353,Маркетплейсы,0.3971765506258722,False,False,-1
353,Общественное питание,0.9419728844847846,False,True,-1
353,Продовольствие,0.05892544497829333,False,False,1
353,Транспорт,0.19083589946021823,False,False,-1
354,Все категории,0.4837812877664458,False,False,-1
354,Здоровье,0.20941333936469375,False,False,-1
354,Маркетплейсы,0.021460115855477607,False,False,-1
354,Общественное питание,0.2172747092534002,False,False,-1
354,Продовольствие,0.4527144873468366,False,False,-1
354,Транспорт,0.20793862159723558,False,False,-1
355,Все категории,0.4144350322424179,False,False,-1
355,Здоровье,0.0672072322234086,False,False,-1
355,Маркетплейсы,0.1223566119973348,False,False,-1
355,Общественное питание,0.023409371135343512,False,False,1
355,Продовольствие,0.49884263736882395,False,False,-1
355,Транспорт,0.056210844739073784,False,False,-1
356,Все категории,0.1968359331274287,False,False,-1
356,Здоровье,0.08377297253678367,False,False,-1
356,Маркетплейсы,0.30087867028266946,False,False,-1
356,Общественное питание,0.1873235023889083,False,False,1
356,Продовольствие,0.2642348815556147,False,False,-1
356,Транспорт,0.1852189565065978,False,False,-1
357,Все категории,0.6651444990138736,False,False,-1
357,Здоровье,0.011775739489838496,False,False,-1
357,Маркетплейсы,0.9568878727087786,False,True,-1
357,Общественное питание,1.051226568283726,True,True,1
357,Продовольствие,0.8584130010951776,False,True,-1
357,Транспорт,0.041835493706970026,False,False,-1
358,Все категории,0.40478808154572593,False,False,-1
358,Здоровье,0.17601260554614095,False,False,-1
358,Маркетплейсы,0.1947291725157731,False,False,-1
358,Общественное питание,0.0,False,False,1
358,Продовольствие,0.4682566481532163,False,False,-1
358,Транспорт,0.5849059946820825,False,False,-1
359,Все категории,0.31875244299974853,False,False,-1
359,Здоровье,0.06326272709114031,False,False,-1
359,Маркетплейсы,0.5212753520927379,False,False,-1
359,Общественное питание,0.036566840695559155,False,False,-1
359,Продовольствие,0.38223432529474244,False,False,-1
359,Транспорт,0.23157944780394923,False,False,1
360,Все категории,0.31863363626931246,False,False,-1
360,Здоровье,0.7621823339931215,False,True,-1
360,Маркетплейсы,0.5078501334206093,False,False,-1
360,Общественное питание,0.731965606083771,False,True,1
360,Продовольствие,0.6863534572885145,False,False,-1
360,Транспорт,0.0,False,False,1
361,Все категории,0.17890034551281575,False,False,-1
361,Здоровье,0.4316501134891888,False,False,1
361,Маркетплейсы,0.4022176566954918,False,False,-1
361,Общественное питание,0.08690602940959063,False,False,1
361,Продовольствие,0.6715464446467663,False,False,-1
361,Транспорт,0.475177067324534,False,False,1
362,Все категории,0.47918549895931806,False,False,-1
362,Здоровье,0.18463908199973889,False,False,-1
362,Маркетплейсы,0.986968851787291,False,True,-1
362,Общественное питание,0.11913155853988389,False,False,-1
362,Продовольствие,0.47749930500355287,False,False,-1
362,Транспорт,0.0,False,False,1
363,Все категории,0.1433900787673366,False,False,-1
363,Здоровье,0.0485341009702806,False,False,1
363,Маркетплейсы,0.5504359125879932,False,False,-1
363,Общественное питание,0.23099522128335226,False,False,-1
363,Продовольствие,0.3083078897544498,False,False,-1
363,Транспорт,0.050109053575287624,False,False,1
364,Все категории,0.17662106310716016,False,False,-1
364,Здоровье,0.49210109804241564,False,False,1
364,Маркетплейсы,0.6083982600050803,False,False,-1
364,Общественное питание,0.09420518937160421,False,False,-1
364,Продовольствие,0.7369612908801157,False,True,-1
364,Транспорт,0.6639705947115921,False,False,-1
365,Все категории,0.1928166239659609,False,False,-1
365,Здоровье,0.15608381009261585,False,False,-1
365,Маркетплейсы,0.5415841065283826,False,False,-1
365,Общественное питание,0.14413490403399276,False,False,-1
365,Продовольствие,0.22239989142661343,False,False,-1
365,Транспорт,0.46311595981841713,False,False,-1
366,Все категории,0.2663533219598205,False,False,-1
366,Здоровье,0.017469476038232234,False,False,-1
366,Маркетплейсы,0.9658726122092736,False,True,-1
366,Общественное питание,0.7435088397469509,False,True,1
366,Продовольствие,0.5527352461696602,False,False,-1
366,Транспорт,0.1456906692718657,False,False,-1
367,Все категории,0.6993558405571944,False,False,-1
367,Здоровье,0.05806802987878565,False,False,-1
367,Маркетплейсы,0.8981036350376908,False,True,-1
367,Общественное питание,0.928657857360522,False,True,1
367,Продовольствие,0.989961160870362,False,True,-1
367,Транспорт,0.0378424884441866,False,False,1
368,Все категории,0.3787649218186765,False,False,-1
368,Здоровье,0.04359660150995298,False,False,-1
368,Маркетплейсы,0.9565748858720506,False,True,-1
368,Общественное питание,0.06766599971693901,False,False,-1
368,Продовольствие,0.4672270229663803,False,False,-1
368,Транспорт,0.09387568443476857,False,False,-1
369,Все категории,0.13644139172808334,False,False,-1
369,Здоровье,0.2176307111965593,False,False,-1
369,Маркетплейсы,0.5199053438584674,False,False,-1
369,Общественное питание,0.0,False,False,1
369,Продовольствие,0.8738075750906953,False,True,-1
369,Транспорт,0.0,False,False,1
370,Все категории,0.8714899771260163,False,True,-1
370,Здоровье,0.05257895799148607,False,False,-1
370,Маркетплейсы,0.8158191121377245,False,True,-1
370,Общественное питание,0.5840090023925137,False,False,-1
370,Продовольствие,0.7947923957756519,False,True,-1
370,Транспорт,0.19921327577484543,False,False,-1
371,Все категории,0.45178228729908665,False,False,-1
371,Здоровье,0.2095429167457819,False,False,-1
371,Маркетплейсы,0.7189770188072745,False,True,-1
371,Общественное питание,0.5571997520041508,False,False,-1
371,Продовольствие,0.3482306017574832,False,False,-1
371,Транспорт,0.21566417343195454,False,False,-1
372,Все категории,0.22878310213360165,False,False,-1
372,Здоровье,0.10485759475338371,False,False,1
372,Маркетплейсы,0.6929582232481762,False,False,-1
372,Общественное питание,0.0027886756854176298,False,False,1
372,Продовольствие,0.42789456364390227,False,False,-1
372,Транспорт,0.260812306233568,False,False,-1
373,Все категории,0.7286109651346898,False,True,-1
373,Здоровье,0.5367368939672525,False,False,-1
373,Маркетплейсы,0.3522583068234233,False,False,-1
373,Общественное питание,0.12710260814604862,False,False,1
373,Продовольствие,0.6019246350731352,False,False,-1
373,Транспорт,0.23186412054834005,False,False,-1
374,Все категории,0.9754716648217423,False,True,-1
374,Здоровье,0.09904822750294318,False,False,-1
374,Маркетплейсы,0.12471172473833084,False,False,-1
374,Общественное питание,0.0,False,False,1
374,Продовольствие,0.6456221521978178,False,False,-1
374,Транспорт,0.3982846190106959,False,False,-1
375,Все категории,0.5433909058815608,False,False,-1
375,Здоровье,0.5858953892625092,False,False,-1
375,Маркетплейсы,0.05298241134475912,False,False,-1
375,Общественное питание,0.4335507011015253,False,False,-1
375,Продовольствие,0.6142598149739231,False,False,-1
375,Транспорт,0.49232587417708484,False,False,-1
376,Все категории,0.5978853486909184,False,False,-1
376,Здоровье,0.12948306304802298,False,False,-1
376,Маркетплейсы,0.045119362523797,False,False,-1
376,Общественное питание,0.572742092482151,False,False,-1
376,Продовольствие,0.039101660882602335,False,False,-1
376,Транспорт,0.7175998843830909,False,True,-1
377,Все категории,0.4617862274410762,False,False,-1
377,Здоровье,0.11249167591393433,False,False,-1
377,Маркетплейсы,0.10602520784570965,False,False,-1
377,Общественное питание,0.12008272432404954,False,False,1
377,Продовольствие,0.8820337399671132,False,True,-1
377,Транспорт,0.1302083604182068,False,False,-1
378,Все категории,0.1527822756106253,False,False,-1
378,Здоровье,0.3339349775582115,False,False,-1
378,Маркетплейсы,0.5385094958952652,False,False,-1
378,Общественное питание,0.010941397132825645,False,False,-1
378,Продовольствие,0.21510711964548707,False,False,-1
378,Транспорт,0.5280551468362252,False,False,-1
379,Все категории,0.2798289875515632,False,False,-1
379,Здоровье,0.7467412390208676,False,True,-1
379,Маркетплейсы,0.819018121000282,False,True,-1
379,Общественное питание,0.297020547456183,False,False,-1
379,Продовольствие,0.49867570262192695,False,False,-1
379,Транспорт,0.08802743461345036,False,False,1
380,Все категории,0.6805795048771025,False,False,-1
380,Здоровье,0.16997859485968395,False,False,-1
380,Маркетплейсы,0.7642676318207055,False,True,-1
380,Общественное питание,0.3135625935762232,False,False,-1
380,Продовольствие,0.5906794125724615,False,False,-1
380,Транспорт,0.0378156499110304,False,False,-1
381,Все категории,0.6146794934550468,False,False,-1
381,Здоровье,0.16928442750902062,False,False,-1
381,Маркетплейсы,0.6379240170971869,False,False,-1
381,Общественное питание,0.4483521689640094,False,False,-1
381,Продовольствие,0.15879837410516534,False,False,-1
381,Транспорт,0.04463273076595328,False,False,-1
382,Все категории,0.25313108341330814,False,False,-1
382,Здоровье,0.12362475713927659,False,False,1
382,Маркетплейсы,0.09303251041004745,False,False,-1
382,Общественное питание,0.1349643654230369,False,False,-1
382,Продовольствие,0.7002545111357251,False,True,-1
382,Транспорт,0.22680620080636926,False,False,1
383,Все категории,0.43947332150621443,False,False,-1
383,Здоровье,0.03897390622620597,False,False,1
383,Маркетплейсы,0.7775059806827402,False,True,-1
383,Общественное питание,0.6719807431742548,False,False,-1
383,Продовольствие,0.6553038854352256,False,False,-1
383,Транспорт,0.22083770122920943,False,False,-1
384,Все категории,0.7275716154785907,False,True,-1
384,Здоровье,0.0027302126033550145,False,False,-1
384,Маркетплейсы,0.8101509449509349,False,True,-1
384,Общественное питание,0.2654108377215276,False,False,1
384,Продовольствие,0.5959750623599583,False,False,-1
384,Транспорт,0.756106278142356,False,True,-1
385,Все категории,0.6822871496304773,False,False,-1
385,Здоровье,0.0,False,False,1
385,Маркетплейсы,0.09634956923980437,False,False,-1
385,Общественное питание,0.01218073965757882,False,False,1
385,Продовольствие,0.693062412990726,False,False,-1
385,Транспорт,0.2609130936995342,False,False,-1
386,Все категории,0.0,False,False,1
386,Здоровье,0.12302209501195199,False,False,-1
386,Маркетплейсы,0.9482622269052938,False,True,-1
386,Общественное питание,0.7433136490711487,False,True,1
386,Продовольствие,0.10519527021998665,False,False,-1
386,Транспорт,0.14849682383625457,False,False,1
387,Все категории,0.6359432110016683,False,False,-1
387,Здоровье,0.16521341054270244,False,False,-1
387,Маркетплейсы,0.558158127907902,False,False,-1
387,Общественное питание,0.5320862117510449,False,False,-1
387,Продовольствие,0.48405035642087946,False,False,-1
387,Транспорт,0.16474869300407477,False,False,-1
388,Все категории,0.15161751937767615,False,False,-1
388,Здоровье,1.1984819488861418,True,True,-1
388,Маркетплейсы,0.1048000340600432,False,False,-1
388,Общественное питание,0.8031200593516563,False,True,-1
388,Продовольствие,0.14913408763779828,False,False,-1
388,Транспорт,0.42534001307720537,False,False,-1
389,Все категории,0.03446078699062942,False,False,-1
389,Здоровье,0.12764517409528048,False,False,-1
389,Маркетплейсы,0.3609751359744524,False,False,-1
389,Общественное питание,0.2037658145189723,False,False,1
389,Продовольствие,0.048550423639099075,False,False,-1
389,Транспорт,0.04765626380051073,False,False,-1
390,Все категории,0.0,False,False,1
390,Здоровье,0.3544517745594661,False,False,-1
390,Маркетплейсы,0.6867566553298351,False,False,-1
390,Общественное питание,0.058869685143825914,False,False,1
390,Продовольствие,0.17364509573285122,False,False,-1
390,Транспорт,0.16839936055498803,False,False,-1
391,Все категории,0.1916605798657819,False,False,-1
391,Здоровье,0.12717104684932237,False,False,-1
391,Маркетплейсы,0.8016890366369805,False,True,-1
391,Общественное питание,0.2187642550676513,False,False,1
391,Продовольствие,0.2221734143032385,False,False,-1
391,Транспорт,0.20217449401959925,False,False,-1
392,Все категории,0.3178649939120613,False,False,-1
392,Здоровье,0.07618087546695715,False,False,-1
392,Маркетплейсы,0.6182195317997592,False,False,-1
392,Общественное питание,0.7049537724192656,False,True,1
392,Продовольствие,0.04446403972221119,False,False,-1
392,Транспорт,0.17966158288450607,False,False,-1
393,Все категории,0.0,False,False,1
393,Здоровье,0.22165789207991182,False,False,-1
393,Маркетплейсы,0.3917916072120064,False,False,-1
393,Общественное питание,0.4004583135678917,False,False,1
393,Продовольствие,0.0,False,False,1
393,Транспорт,0.3616506310955313,False,False,1
394,Все категории,0.0,False,False,0
394,Здоровье,0.0,False,False,0
394,Маркетплейсы,0.0,False,False,0
394,Общественное питание,0.0,False,False,0
394,Продовольствие,0.0,False,False,0
394,Транспорт,0.0,False,False,0
395,Все категории,0.3202457938317261,False,False,-1
395,Здоровье,0.26366660481967186,False,False,-1
395,Маркетплейсы,0.14256675046115658,False,False,-1
395,Общественное питание,0.3508903945804247,False,False,1
395,Продовольствие,0.20923700078182006,False,False,-1
395,Транспорт,0.4440282496025614,False,False,1
396,Все категории,0.29046310841473977,False,False,-1
396,Здоровье,0.10562518725803804,False,False,-1
396,Маркетплейсы,0.0,False,False,1
396,Общественное питание,0.4009132743526123,False,False,-1
396,Продовольствие,0.6130636018760423,False,False,-1
396,Транспорт,0.011643727432363263,False,False,-1
397,Все категории,0.3598318597713292,False,False,-1
397,Здоровье,0.1067136364270572,False,False,-1
397,Маркетплейсы,0.011292100072953157,False,False,-1
397,Общественное питание,0.0,False,False,1
397,Продовольствие,0.5073995153470386,False,False,-1
397,Транспорт,0.5863591689817887,False,False,-1
398,Все категории,0.3522625873294801,False,False,-1
398,Здоровье,0.15076223982977469,False,False,-1
398,Маркетплейсы,0.4846705427273392,False,False,-1
398,Общественное питание,0.43973099776020574,False,False,1
398,Продовольствие,0.80865823166966,False,True,-1
398,Транспорт,0.1696750846964279,False,False,1
401,Все категории,0.7106611313312863,False,True,-1
401,Здоровье,0.2509591014007285,False,False,-1
401,Маркетплейсы,0.38498675648813485,False,False,-1
401,Общественное питание,0.19608472904936863,False,False,-1
401,Продовольствие,0.6046986346875305,False,False,-1
401,Транспорт,0.20343925810577124,False,False,1
402,Все категории,0.457330029358644,False,False,-1
402,Здоровье,0.8263134375903826,False,True,-1
402,Маркетплейсы,0.12882365755389646,False,False,-1
402,Общественное питание,0.35031775936925347,False,False,-1
402,Продовольствие,0.24684358046507837,False,False,-1
402,Транспорт,0.32685338477959847,False,False,-1
403,Все категории,0.8552744952997893,False,True,-1
403,Здоровье,0.10047417550350782,False,False,-1
403,Маркетплейсы,1.0485028755558903,True,True,-1
403,Общественное питание,0.1960667644692431,False,False,-1
403,Продовольствие,0.46672720623944863,False,False,-1
403,Транспорт,0.6164943759735129,False,False,-1
404,Все категории,0.0,False,False,1
404,Здоровье,0.0,False,False,1
404,Маркетплейсы,0.008578291455695414,False,False,-1
404,Общественное питание,0.1252915914338972,False,False,1
404,Продовольствие,0.0,False,False,1
404,Транспорт,0.5440857134033237,False,False,1
405,Все категории,0.4043685468325,False,False,-1
405,Здоровье,0.1735294577160875,False,False,-1
405,Маркетплейсы,1.124089157000041,False,True,-1
405,Общественное питание,0.8003680063704415,False,True,-1
405,Продовольствие,0.6372285812081081,False,False,-1
405,Транспорт,0.443616306016245,False,False,-1
406,Все категории,0.0,False,False,0
406,Здоровье,0.0,False,False,0
406,Маркетплейсы,0.0,False,False,0
406,Общественное питание,0.0,False,False,0
406,Продовольствие,0.0,False,False,0
406,Транспорт,0.0,False,False,0
408,Все категории,0.2455206743825351,False,False,-1
408,Здоровье,0.35890793976634205,False,False,-1
408,Маркетплейсы,0.03820546249667782,False,False,-1
408,Общественное питание,0.7501791134609748,False,True,1
408,Продовольствие,0.5237338057858074,False,False,-1
408,Транспорт,0.19923509713156623,False,False,-1
409,Все категории,0.061432787439841,False,False,-1
409,Здоровье,0.35437959610866465,False,False,-1
409,Маркетплейсы,0.37273331857760406,False,False,-1
409,Общественное питание,0.7707989345767872,False,True,-1
409,Продовольствие,0.0,False,False,1
409,Транспорт,0.42713406007136456,False,False,-1
410,Все категории,0.941971845187975,False,True,-1
410,Здоровье,0.0975213703069554,False,False,-1
410,Маркетплейсы,0.3067057725560689,False,False,-1
410,Общественное питание,0.29252594261555837,False,False,-1
410,Продовольствие,0.11844595525747215,False,False,-1
410,Транспорт,0.21751680483047287,False,False,1
413,Все категории,0.0,False,False,1
413,Здоровье,0.5387570995031808,False,False,-1
413,Маркетплейсы,0.5326315910283562,False,False,-1
413,Общественное питание,0.509218695809199,False,False,-1
413,Продовольствие,0.20455386903398276,False,False,-1
413,Транспорт,0.12339017369370764,False,False,-1
414,Все категории,0.4973055776828803,False,False,-1
414,Здоровье,0.7337509711552948,False,True,-1
414,Маркетплейсы,0.5667565238775689,False,False,-1
414,Общественное питание,0.34444431012764887,False,False,-1
414,Продовольствие,0.880483328377234,False,True,-1
414,Транспорт,0.15949874553800708,False,False,-1
415,Все категории,0.0,False,False,0
415,Здоровье,0.0,False,False,0
415,Маркетплейсы,0.0,False,False,0
415,Общественное питание,0.0,False,False,0
415,Продовольствие,0.0,False,False,0
415,Транспорт,0.0,False,False,0
416,Все категории,0.8131240269944078,False,True,-1
416,Здоровье,0.4300528761864627,False,False,-1
416,Маркетплейсы,0.7610890724091682,False,True,-1
416,Общественное питание,0.6264006706553595,False,False,-1
416,Продовольствие,0.36358737009147013,False,False,-1
416,Транспорт,0.25135524554219896,False,False,-1
417,Все категории,0.0,False,False,0
417,Здоровье,0.0,False,False,0
417,Маркетплейсы,0.0,False,False,0
417,Общественное питание,0.0,False,False,0
417,Продовольствие,0.0,False,False,0
417,Транспорт,0.0,False,False,0
418,Все категории,0.15882672821732036,False,False,-1
418,Здоровье,0.0,False,False,1
418,Маркетплейсы,0.15335053259355927,False,False,-1
418,Общественное питание,0.22732232636253202,False,False,-1
418,Продовольствие,0.23952807630216533,False,False,-1
418,Транспорт,0.014511760137385449,False,False,-1
419,Все категории,0.0,False,False,1
419,Здоровье,0.0,False,False,1
419,Маркетплейсы,0.7967202559914335,False,True,-1
419,Общественное питание,0.0,False,False,1
419,Продовольствие,0.06464473477524568,False,False,-1
419,Транспорт,0.0,False,False,1
420,Все категории,0.0,False,False,1
420,Здоровье,0.0,False,False,1
420,Маркетплейсы,1.10900918242015,True,True,-1
420,Общественное питание,0.3726730630360544,False,False,-1
420,Продовольствие,0.13802441982343555,False,False,-1
420,Транспорт,0.005200892005271837,False,False,-1
421,Все категории,0.0,False,False,1
421,Здоровье,0.5457025491279034,False,False,-1
421,Маркетплейсы,0.6727440273414971,False,False,-1
421,Общественное питание,0.5952656782656721,False,False,1
421,Продовольствие,0.0,False,False,1
421,Транспорт,0.011341187884886542,False,False,-1
422,Все категории,0.3203816397458725,False,False,-1
422,Здоровье,0.2501252862245466,False,False,-1
422,Маркетплейсы,0.08232219041985972,False,False,-1
422,Общественное питание,0.15307707839309398,False,False,-1
422,Продовольствие,0.32993879503714063,False,False,-1
422,Транспорт,0.19772826148731393,False,False,-1
423,Все категории,0.3176910727173198,False,False,-1
423,Здоровье,0.08087345749730732,False,False,-1
423,Маркетплейсы,0.7884604629770925,False,True,-1
423,Общественное питание,0.15957575162538173,False,False,-1
423,Продовольствие,0.5908959792558557,False,False,-1
423,Транспорт,0.17025728254813416,False,False,-1
424,Все категории,0.21956412520317625,False,False,-1
424,Здоровье,0.3868011203042372,False,False,-1
424,Маркетплейсы,1.0927261956038092,True,True,-1
424,Общественное питание,0.3278108942193407,False,False,1
424,Продовольствие,0.4111516507860682,False,False,-1
424,Транспорт,0.2006046840045721,False,False,1
425,Все категории,0.49835390326228735,False,False,-1
425,Здоровье,0.09424066008314341,False,False,1
425,Маркетплейсы,0.05225647041868424,False,False,-1
425,Общественное питание,0.655794541364652,False,False,1
425,Продовольствие,0.6938212098970202,False,False,-1
425,Транспорт,0.06713889034503989,False,False,-1
426,Все категории,0.0,False,False,0
426,Здоровье,0.0,False,False,0
426,Маркетплейсы,0.0,False,False,0
426,Общественное питание,0.0,False,False,0
426,Продовольствие,0.0,False,False,0
426,Транспорт,0.0,False,False,0
428,Все категории,0.08318486675148845,False,False,-1
428,Здоровье,0.044933530103107105,False,False,1
428,Маркетплейсы,0.7733786646923385,False,True,-1
428,Общественное питание,0.5452088781527907,False,False,-1
428,Продовольствие,0.0,False,False,1
428,Транспорт,0.05916621503958028,False,False,-1
429,Все категории,0.3743982943568467,False,False,1
429,Здоровье,0.16184729762634617,False,False,1
429,Маркетплейсы,0.15680452050550522,False,False,-1
429,Общественное питание,0.16722129684451872,False,False,-1
429,Продовольствие,0.3717802039674446,False,False,1
429,Транспорт,0.14157505096494083,False,False,-1
430,Все категории,0.23235515704415505,False,False,-1
430,Здоровье,0.20653591022265583,False,False,-1
430,Маркетплейсы,0.8637693810230629,False,True,-1
430,Общественное питание,0.14281900176909343,False,False,-1
430,Продовольствие,0.13717726902737817,False,False,-1
430,Транспорт,0.11416406967720827,False,False,-1
431,Все категории,0.11730889568082242,False,False,-1
431,Здоровье,0.04219727218232741,False,False,1
431,Маркетплейсы,0.33518624066911873,False,False,-1
431,Общественное питание,0.07028373115644931,False,False,-1
431,Продовольствие,0.8549154091324034,False,True,-1
431,Транспорт,0.08173923918304538,False,False,-1
432,Все категории,0.0,False,False,1
432,Здоровье,0.2773332365913629,False,False,-1
432,Маркетплейсы,0.9089130014896216,False,True,-1
432,Общественное питание,0.08567996262012975,False,False,-1
432,Продовольствие,1.0160957968259026,True,True,-1
432,Транспорт,0.07853500239310526,False,False,-1
433,Все категории,0.13309728182196337,False,False,-1
433,Здоровье,0.0,False,False,1
433,Маркетплейсы,0.138450284870134,False,False,-1
433,Общественное питание,0.785184815398833,False,True,1
433,Продовольствие,0.22248261231839866,False,False,-1
433,Транспорт,0.5166622198993789,False,False,1
434,Все категории,0.2912887840442427,False,False,1
434,Здоровье,0.20101312702755408,False,False,1
434,Маркетплейсы,0.7406921597608327,False,True,-1
434,Общественное питание,0.10121495262647878,False,False,-1
434,Продовольствие,0.19980757935238758,False,False,-1
434,Транспорт,0.26971172777949126,False,False,1
435,Все категории,0.17091762008011513,False,False,-1
435,Здоровье,0.36587176675576394,False,False,-1
435,Маркетплейсы,0.6350792267513847,False,False,-1
435,Общественное питание,0.2084396673698053,False,False,-1
435,Продовольствие,0.42143687056784007,False,False,-1
435,Транспорт,0.10156386014033186,False,False,-1
436,Все категории,0.005641533456839376,False,False,-1
436,Здоровье,0.15492223429339086,False,False,-1
436,Маркетплейсы,0.04605901337115052,False,False,1
436,Общественное питание,0.28452423835360097,False,False,-1
436,Продовольствие,0.0,False,False,1
436,Транспорт,0.8097779746565622,False,True,1
437,Все категории,0.19251250171390627,False,False,-1
437,Здоровье,0.263883912569717,False,False,-1
437,Маркетплейсы,1.2464336824175564,True,True,-1
437,Общественное питание,0.6201152575788998,False,False,1
437,Продовольствие,0.05020186403309809,False,False,-1
437,Транспорт,0.20292033748508226,False,False,-1
438,Все категории,0.2697141217390382,False,False,1
438,Здоровье,0.13487716976133107,False,False,1
438,Маркетплейсы,0.8207275723992536,False,True,-1
438,Общественное питание,0.07380170208818415,False,False,-1
438,Продовольствие,0.4302273746403563,False,False,-1
438,Транспорт,0.11700393154737798,False,False,-1
439,Все категории,0.0,False,False,0
439,Здоровье,0.0,False,False,0
439,Маркетплейсы,0.0,False,False,0
439,Общественное питание,0.0,False,False,0
439,Продовольствие,0.0,False,False,0
439,Транспорт,0.0,False,False,0
440,Все категории,0.7765809843670703,False,True,-1
440,Здоровье,0.05837748299577275,False,False,-1
440,Маркетплейсы,0.6641792127503776,False,False,-1
440,Общественное питание,0.13096608780799654,False,False,-1
440,Продовольствие,0.5432201262622042,False,False,-1
440,Транспорт,0.7375590154277687,False,True,-1
441,Все категории,0.3777649740983307,False,False,-1
441,Здоровье,0.04937207023231503,False,False,-1
441,Маркетплейсы,0.08045467812464055,False,False,-1
441,Общественное питание,0.6445075172201599,False,False,1
441,Продовольствие,0.6833528189114344,False,False,-1
441,Транспорт,0.10672436852574166,False,False,-1
442,Все категории,0.18998481016918978,False,False,-1
442,Здоровье,0.06320774209299632,False,False,1
442,Маркетплейсы,0.720656002028328,False,True,-1
442,Общественное питание,0.1712823067112006,False,False,1
442,Продовольствие,0.018402048887610004,False,False,1
442,Транспорт,0.08011272711076964,False,False,1
443,Все категории,0.6482603871544643,False,False,1
443,Здоровье,0.48848456603045365,False,False,1
443,Маркетплейсы,0.22040129413381004,False,False,-1
443,Общественное питание,0.005264315717032897,False,False,-1
443,Продовольствие,0.15437069026929645,False,False,1
443,Транспорт,0.4943126948370642,False,False,1
444,Все категории,0.5176046718940559,False,False,-1
444,Здоровье,0.3534133341526291,False,False,-1
444,Маркетплейсы,0.34746575984353933,False,False,-1
444,Общественное питание,0.02348579060336485,False,False,1
444,Продовольствие,0.25621402749554245,False,False,-1
444,Транспорт,0.2556841657454815,False,False,-1
445,Все категории,0.03176462351185587,False,False,-1
445,Здоровье,0.06592981123488345,False,False,-1
445,Маркетплейсы,0.47563508770570095,False,False,-1
445,Общественное питание,0.21720003253334547,False,False,-1
445,Продовольствие,0.10510575849116147,False,False,-1
445,Транспорт,0.2666701653781619,False,False,1
446,Все категории,0.2034919206667502,False,False,1
446,Здоровье,0.013105753659592004,False,False,-1
446,Маркетплейсы,0.415752114592863,False,False,-1
446,Общественное питание,0.6763279661267095,False,False,1
446,Продовольствие,0.3580499427302051,False,False,1
446,Транспорт,0.06389331981556301,False,False,-1
447,Все категории,0.0,False,False,1
447,Здоровье,0.14406631774799397,False,False,-1
447,Маркетплейсы,0.002394808425265016,False,False,-1
447,Общественное питание,0.023866458438507127,False,False,-1
447,Продовольствие,0.23835072864548523,False,False,-1
447,Транспорт,0.18330290821829537,False,False,-1
448,Все категории,0.31434931226965884,False,False,-1
448,Здоровье,0.026170094263517907,False,False,1
448,Маркетплейсы,0.08502083278512151,False,False,-1
448,Общественное питание,0.04281147730843274,False,False,-1
448,Продовольствие,0.8169669433878568,False,True,-1
448,Транспорт,0.09237340631107074,False,False,-1
449,Все категории,0.2813597303830017,False,False,-1
449,Здоровье,0.16542278122451648,False,False,1
449,Маркетплейсы,0.498859391120289,False,False,-1
449,Общественное питание,0.46531272466906926,False,False,1
449,Продовольствие,0.35535147307996046,False,False,-1
449,Транспорт,0.09020071793445286,False,False,1
450,Все категории,0.4058933391450033,False,False,-1
450,Здоровье,0.016169775372187292,False,False,-1
450,Маркетплейсы,1.1155009166386485,True,True,-1
450,Общественное питание,0.706667118327629,False,True,-1
450,Продовольствие,0.1210130231875729,False,False,-1
450,Транспорт,0.12604517698708576,False,False,-1
451,Все категории,0.17435801079115631,False,False,-1
451,Здоровье,0.19241147400804354,False,False,-1
451,Маркетплейсы,0.1513132235620701,False,False,-1
451,Общественное питание,0.3697279561878446,False,False,-1
451,Продовольствие,0.1306872647162739,False,False,-1
451,Транспорт,0.08661568280294957,False,False,-1
452,Все категории,0.23915111609762224,False,False,-1
452,Здоровье,0.1623213045937057,False,False,1
452,Маркетплейсы,0.04658566888367972,False,False,-1
452,Общественное питание,0.09330047372337119,False,False,-1
452,Продовольствие,0.8707399354493952,False,True,-1
452,Транспорт,0.02029130672876553,False,False,1
453,Все категории,0.7338550928559817,False,True,-1
453,Здоровье,0.5323127720016214,False,False,-1
453,Маркетплейсы,0.47180989128899065,False,False,-1
453,Общественное питание,0.697131794108247,False,False,-1
453,Продовольствие,0.7933600719300016,False,True,-1
453,Транспорт,0.18155722696039442,False,False,-1
455,Все категории,0.4142693830053762,False,False,-1
455,Здоровье,0.4362772161794215,False,False,1
455,Маркетплейсы,0.38806728226673765,False,False,-1
455,Общественное питание,0.0,False,False,1
455,Продовольствие,0.4662054667742861,False,False,-1
455,Транспорт,0.04650801055101239,False,False,1
456,Все категории,0.4357346627460083,False,False,-1
456,Здоровье,0.28649290866567056,False,False,-1
456,Маркетплейсы,0.4846130057751038,False,False,-1
456,Общественное питание,0.16811159675858198,False,False,1
456,Продовольствие,0.18284661736171037,False,False,-1
456,Транспорт,0.2840148134050425,False,False,-1
457,Все категории,0.5964918038864826,False,False,-1
457,Здоровье,0.29124525388536965,False,False,-1
457,Маркетплейсы,0.48986957491997374,False,False,-1
457,Общественное питание,0.26980516502994073,False,False,1
457,Продовольствие,1.0954300568772672,True,True,-1
457,Транспорт,0.23294219170341174,False,False,-1
458,Все категории,0.0,False,False,1
458,Здоровье,0.23659236681686774,False,False,1
458,Маркетплейсы,0.5210870173145565,False,False,-1
458,Общественное питание,0.19204777995576994,False,False,1
458,Продовольствие,0.15006643961796406,False,False,-1
458,Транспорт,0.2743911643617016,False,False,1
459,Все категории,0.7372728427761426,False,True,-1
459,Здоровье,0.33379973233878113,False,False,-1
459,Маркетплейсы,1.0062507970814083,True,True,-1
459,Общественное питание,0.8990694715632859,False,True,-1
459,Продовольствие,0.4919702992579138,False,False,-1
459,Транспорт,0.5670354766844898,False,False,-1
460,Все категории,0.5550333976574445,False,False,-1
460,Здоровье,0.14622387878338994,False,False,-1
460,Маркетплейсы,0.3061046764130334,False,False,-1
460,Общественное питание,0.6773734273358119,False,False,-1
460,Продовольствие,0.501493793987715,False,False,-1
460,Транспорт,0.12704389750100964,False,False,1
461,Все категории,0.0,False,False,0
461,Здоровье,0.0,False,False,0
461,Маркетплейсы,0.0,False,False,0
461,Общественное питание,0.0,False,False,0
461,Продовольствие,0.0,False,False,0
461,Транспорт,0.0,False,False,0
462,Все категории,0.0,False,False,0
462,Здоровье,0.0,False,False,0
462,Маркетплейсы,0.0,False,False,0
462,Общественное питание,0.0,False,False,0
462,Продовольствие,0.0,False,False,0
462,Транспорт,0.0,False,False,0
466,Все категории,0.0,False,False,0
466,Здоровье,0.0,False,False,0
466,Маркетплейсы,0.0,False,False,0
466,Общественное питание,0.0,False,False,0
466,Продовольствие,0.0,False,False,0
466,Транспорт,0.0,False,False,0
469,Все категории,0.0,False,False,0
469,Здоровье,0.0,False,False,0
469,Маркетплейсы,0.0,False,False,0
469,Общественное питание,0.0,False,False,0
469,Продовольствие,0.0,False,False,0
469,Транспорт,0.0,False,False,0
474,Все категории,0.0,False,False,0
474,Здоровье,0.0,False,False,0
474,Маркетплейсы,0.0,False,False,0
474,Общественное питание,0.0,False,False,0
474,Продовольствие,0.0,False,False,0
474,Транспорт,0.0,False,False,0
478,Все категории,0.43516246048091506,False,False,-1
478,Здоровье,0.1576497052611071,False,False,-1
478,Маркетплейсы,0.0,False,False,1
478,Общественное питание,0.42114847230115143,False,False,-1
478,Продовольствие,0.44185585032819663,False,False,-1
478,Транспорт,0.0,False,False,1
479,Все категории,0.7022267088878348,False,True,-1
479,Здоровье,0.1510719098445458,False,False,-1
479,Маркетплейсы,0.9428797665625372,False,True,-1
479,Общественное питание,0.23842581798924206,False,False,-1
479,Продовольствие,0.8069630224958584,False,True,-1
479,Транспорт,0.0375096946960974,False,False,-1
480,Все категории,0.31299039109184545,False,False,-1
480,Здоровье,0.38751558456629376,False,False,-1
480,Маркетплейсы,0.5979559780933474,False,False,-1
480,Общественное питание,0.39387197451105577,False,False,1
480,Продовольствие,0.3720085891219037,False,False,-1
480,Транспорт,0.18885342654114723,False,False,-1
481,Все категории,0.506013770449132,False,False,-1
481,Здоровье,0.48950733929047496,False,False,-1
481,Маркетплейсы,0.729312982500773,False,True,-1
481,Общественное питание,0.20923615788879135,False,False,-1
481,Продовольствие,0.5587954541517487,False,False,-1
481,Транспорт,0.12801129860236013,False,False,1
482,Все категории,0.527814996732523,False,False,-1
482,Здоровье,0.06327874481247275,False,False,-1
482,Маркетплейсы,0.5395927889859958,False,False,-1
482,Общественное питание,0.1412468021086864,False,False,-1
482,Продовольствие,0.35580583568661867,False,False,-1
482,Транспорт,0.04924722883723312,False,False,1
483,Все категории,0.14478850561705192,False,False,-1
483,Здоровье,0.0,False,False,1
483,Маркетплейсы,0.10352423226035024,False,False,1
483,Общественное питание,0.30700009336227363,False,False,-1
483,Продовольствие,0.7424990395292863,False,True,-1
483,Транспорт,0.011686273355983504,False,False,1
484,Все категории,0.36645049791775874,False,False,-1
484,Здоровье,0.05719255492159972,False,False,1
484,Маркетплейсы,0.18733275341821873,False,False,-1
484,Общественное питание,0.027522494975067535,False,False,1
484,Продовольствие,0.0,False,False,1
484,Транспорт,0.05187743896779834,False,False,-1
485,Все категории,0.3160364811912599,False,False,-1
485,Здоровье,0.0,False,False,1
485,Маркетплейсы,0.5216562803043393,False,False,-1
485,Общественное питание,0.1921400412742575,False,False,1
485,Продовольствие,0.5309757581393668,False,False,-1
485,Транспорт,0.2183300216996572,False,False,-1
486,Все категории,0.0016393925752492405,False,False,-1
486,Здоровье,0.15611186014387413,False,False,1
486,Маркетплейсы,0.4889001599795242,False,False,-1
486,Общественное питание,0.6140505512491949,False,False,1
486,Продовольствие,0.10738604980005317,False,False,-1
486,Транспорт,0.28373365413697743,False,False,-1
487,Все категории,0.05682952431732395,False,False,-1
487,Здоровье,0.03783477826919476,False,False,1
487,Маркетплейсы,0.03258164770717026,False,False,-1
487,Общественное питание,0.5013986463121682,False,False,1
487,Продовольствие,0.7099610366965385,False,True,-1
487,Транспорт,0.4851302089296584,False,False,1
489,Все категории,0.20353626983217293,False,False,-1
489,Здоровье,0.0,False,False,1
489,Маркетплейсы,0.7744437452681605,False,True,-1
489,Общественное питание,0.3040536579071472,False,False,-1
489,Продовольствие,0.5939900575109363,False,False,-1
489,Транспорт,0.8233193451379883,False,True,-1
490,Все категории,0.3106480926113685,False,False,-1
490,Здоровье,0.23807680627187827,False,False,-1
490,Маркетплейсы,0.3806419540508797,False,False,-1
490,Общественное питание,0.03882250961070684,False,False,-1
490,Продовольствие,0.3882777140003192,False,False,-1
490,Транспорт,0.2831606282643188,False,False,-1
491,Все категории,0.4518840031416156,False,False,-1
491,Здоровье,0.1288687512562882,False,False,1
491,Маркетплейсы,0.4579879091236402,False,False,-1
491,Общественное питание,0.1443268499072281,False,False,-1
491,Продовольствие,0.3481749032860084,False,False,-1
491,Транспорт,0.7832262838913937,False,True,1
492,Все категории,0.3177810166901193,False,False,-1
492,Здоровье,0.3833029311826208,False,False,1
492,Маркетплейсы,0.8449674346486276,False,True,-1
492,Общественное питание,0.4811610743117891,False,False,1
492,Продовольствие,0.12293788575390696,False,False,-1
492,Транспорт,0.19477364017271337,False,False,1
493,Все категории,0.036351418218329046,False,False,1
493,Здоровье,0.2718300487488904,False,False,1
493,Маркетплейсы,0.9733082000229363,False,True,-1
493,Общественное питание,0.7222790175803387,False,True,1
493,Продовольствие,0.05764779560062269,False,False,-1
493,Транспорт,0.47855863299056267,False,False,1
494,Все категории,0.6108894902780807,False,False,-1
494,Здоровье,0.3266697924840609,False,False,-1
494,Маркетплейсы,0.36144679820634085,False,False,-1
494,Общественное питание,0.6541154015244266,False,False,-1
494,Продовольствие,0.23629477932634196,False,False,-1
494,Транспорт,0.1888757367158933,False,False,-1
495,Все категории,0.15014143302255767,False,False,-1
495,Здоровье,0.5122392655880813,False,False,-1
495,Маркетплейсы,0.14065483519594754,False,False,1
495,Общественное питание,0.1513939012169398,False,False,-1
495,Продовольствие,0.2656953840863311,False,False,-1
495,Транспорт,0.01435860874224508,False,False,1
496,Все категории,0.4159666976516433,False,False,-1
496,Здоровье,0.05154751877710789,False,False,-1
496,Маркетплейсы,0.12216654582241007,False,False,-1
496,Общественное питание,0.25490346854314266,False,False,1
496,Продовольствие,0.6073087062969147,False,False,-1
496,Транспорт,0.1469739139162376,False,False,-1
497,Все категории,0.4362016478066781,False,False,-1
497,Здоровье,0.3857053954030327,False,False,-1
497,Маркетплейсы,1.0462347030470696,True,True,-1
497,Общественное питание,0.37360404046865925,False,False,1
497,Продовольствие,0.4524035814749541,False,False,-1
497,Транспорт,0.28877772972053584,False,False,-1
498,Все категории,0.28460640786253866,False,False,-1
498,Здоровье,0.15442447976649964,False,False,-1
498,Маркетплейсы,0.024652626996340923,False,False,-1
498,Общественное питание,0.20216332497416278,False,False,-1
498,Продовольствие,0.5609260665041392,False,False,-1
498,Транспорт,0.27896271202923406,False,False,-1
499,Все категории,0.0,False,False,1
499,Здоровье,0.04949303101347417,False,False,-1
499,Маркетплейсы,0.0,False,False,1
499,Общественное питание,0.08450009185037127,False,False,-1
499,Продовольствие,0.44070262212101163,False,False,-1
499,Транспорт,0.8109085572917091,False,True,-1
500,Все категории,0.12431976159645092,False,False,-1
500,Здоровье,0.11603083935020775,False,False,-1
500,Маркетплейсы,0.5075547686912696,False,False,-1
500,Общественное питание,0.20710884767205157,False,False,1
500,Продовольствие,0.4957687640601759,False,False,-1
500,Транспорт,0.22333485436469236,False,False,1
501,Все категории,0.0,False,False,1
501,Здоровье,0.2684943982018415,False,False,-1
501,Маркетплейсы,0.6456501404244182,False,False,-1
501,Общественное питание,0.2382370112031304,False,False,-1
501,Продовольствие,0.26989574491723545,False,False,-1
501,Транспорт,0.10868715371110532,False,False,-1
502,Все категории,0.04872040306246646,False,False,1
502,Здоровье,0.0,False,False,1
502,Маркетплейсы,0.5659571622141537,False,False,-1
502,Общественное питание,0.11207572959521711,False,False,-1
502,Продовольствие,0.3423144307986922,False,False,-1
502,Транспорт,1.0494752531711615,True,True,-1
503,Все категории,0.06756762496675395,False,False,-1
503,Здоровье,0.33824806831203674,False,False,-1
503,Маркетплейсы,0.25468499002631745,False,False,1
503,Общественное питание,0.16760217762376897,False,False,-1
503,Продовольствие,0.22605312542709988,False,False,-1
503,Транспорт,0.499097236217638,False,False,-1
504,Все категории,0.31252318571460835,False,False,-1
504,Здоровье,0.0,False,False,1
504,Маркетплейсы,0.28060220950401105,False,False,-1
504,Общественное питание,0.3959352002159517,False,False,-1
504,Продовольствие,0.19345368785501738,False,False,-1
504,Транспорт,0.16914704743001852,False,False,-1
505,Все категории,0.43661698308861896,False,False,-1
505,Здоровье,0.1612752265872528,False,False,-1
505,Маркетплейсы,0.4726779977248613,False,False,-1
505,Общественное питание,0.37789056185699665,False,False,-1
505,Продовольствие,0.14375425642519257,False,False,-1
505,Транспорт,0.46601971808329723,False,False,-1
506,Все категории,0.10512305362940563,False,False,-1
506,Здоровье,0.19009434599933261,False,False,1
506,Маркетплейсы,0.7149680258414034,False,True,-1
506,Общественное питание,0.19109215569553584,False,False,1
506,Продовольствие,0.4726033454530165,False,False,-1
506,Транспорт,0.0,False,False,1
507,Все категории,0.4198694173245434,False,False,-1
507,Здоровье,0.003671284293949112,False,False,-1
507,Маркетплейсы,0.5646570112414779,False,False,-1
507,Общественное питание,0.0,False,False,1
507,Продовольствие,0.3986927282824303,False,False,-1
507,Транспорт,0.28009577622249954,False,False,-1
508,Все категории,0.461925161700394,False,False,-1
508,Здоровье,0.1283020904340448,False,False,-1
508,Маркетплейсы,0.2063088025885338,False,False,-1
508,Общественное питание,0.34840900337946257,False,False,-1
508,Продовольствие,0.6245164334433534,False,False,-1
508,Транспорт,0.2546802558953203,False,False,-1
509,Все категории,0.570874857556818,False,False,-1
509,Здоровье,0.07191265607393371,False,False,-1
509,Маркетплейсы,0.4089308341914608,False,False,-1
509,Общественное питание,0.3060669948911311,False,False,-1
509,Продовольствие,0.526853907005829,False,False,-1
509,Транспорт,0.31173120142199917,False,False,-1
510,Все категории,0.23478315672683736,False,False,-1
510,Здоровье,0.002237761528805726,False,False,-1
510,Маркетплейсы,0.6868727935883735,False,False,-1
510,Общественное питание,0.4896677590626275,False,False,-1
510,Продовольствие,0.4296878930255816,False,False,-1
510,Транспорт,0.13574824571232638,False,False,1
511,Все категории,0.21574243318780012,False,False,1
511,Здоровье,0.18453693329405582,False,False,-1
511,Маркетплейсы,0.7980432574206948,False,True,-1
511,Общественное питание,0.547525198108482,False,False,-1
511,Продовольствие,1.0295105870292627,True,True,-1
511,Транспорт,0.1527956632522997,False,False,-1
512,Все категории,0.11918240542527472,False,False,-1
512,Здоровье,0.12377718726059606,False,False,-1
512,Маркетплейсы,0.9734181811854252,False,True,-1
512,Общественное питание,0.273851701447019,False,False,1
512,Продовольствие,0.13015462582645515,False,False,-1
512,Транспорт,0.4237133177167942,False,False,1
514,Все категории,0.46364934920340506,False,False,-1
514,Здоровье,0.32325566949504625,False,False,-1
514,Маркетплейсы,0.4783351223750798,False,False,-1
514,Общественное питание,0.29307499124545094,False,False,-1
514,Продовольствие,0.2997458072440941,False,False,-1
514,Транспорт,0.24718985285446032,False,False,-1
515,Все категории,0.0,False,False,1
515,Здоровье,0.009994175921207327,False,False,1
515,Маркетплейсы,0.484862556175382,False,False,-1
515,Общественное питание,0.6638327798782077,False,False,1
515,Продовольствие,0.29185827516592444,False,False,-1
515,Транспорт,0.48178620379884307,False,False,-1
516,Все категории,0.2953700048316369,False,False,-1
516,Здоровье,0.3674649320402111,False,False,-1
516,Маркетплейсы,0.6516992750695911,False,False,-1
516,Общественное питание,0.13167277028189536,False,False,-1
516,Продовольствие,0.8792727474495929,False,True,-1
516,Транспорт,0.37073136110830984,False,False,1
517,Все категории,0.4221744686105237,False,False,-1
517,Здоровье,0.10937714441143903,False,False,-1
517,Маркетплейсы,0.23697285269083374,False,False,-1
517,Общественное питание,0.8607596584360268,False,True,1
517,Продовольствие,0.5187149675888518,False,False,-1
517,Транспорт,0.05259585475209362,False,False,-1
518,Все категории,0.37960695817743795,False,False,-1
518,Здоровье,0.24657897358672948,False,False,-1
518,Маркетплейсы,0.8828770864449345,False,True,-1
518,Общественное питание,0.2611847977833941,False,False,1
518,Продовольствие,0.7785114540390207,False,True,-1
518,Транспорт,0.03512319479604946,False,False,-1
519,Все категории,0.059407448336825805,False,False,1
519,Здоровье,0.03575655159041627,False,False,1
519,Маркетплейсы,0.09844297829218962,False,False,1
519,Общественное питание,0.08219522191591444,False,False,1
519,Продовольствие,0.3369538514932532,False,False,-1
519,Транспорт,0.8101508536378154,False,True,-1
520,Все категории,0.5050376968843107,False,False,1
520,Здоровье,0.24375500211690404,False,False,1
520,Маркетплейсы,0.4907991982927201,False,False,-1
520,Общественное питание,0.42120098677675155,False,False,1
520,Продовольствие,0.07595447646513304,False,False,-1
520,Транспорт,0.823856173135358,False,True,1
521,Все категории,0.2695970572739161,False,False,-1
521,Здоровье,0.14490140582441727,False,False,-1
521,Маркетплейсы,0.718139543434342,False,True,-1
521,Общественное питание,0.2149081165963213,False,False,1
521,Продовольствие,0.9671748418237149,False,True,-1
521,Транспорт,0.2979809944015565,False,False,1
522,Все категории,0.30001162780601515,False,False,-1
522,Здоровье,0.3623292805089341,False,False,-1
522,Маркетплейсы,0.9562662238912116,False,True,-1
522,Общественное питание,0.46276863620083153,False,False,-1
522,Продовольствие,0.16810189674192166,False,False,-1
522,Транспорт,0.20166243361784275,False,False,-1
523,Все категории,0.3295121732500383,False,False,-1
523,Здоровье,0.02554015055030147,False,False,-1
523,Маркетплейсы,0.03977514813325085,False,False,1
523,Общественное питание,0.0,False,False,1
523,Продовольствие,0.16000655717558315,False,False,-1
523,Транспорт,0.6001040808480067,False,False,1
524,Все категории,0.2280183214892204,False,False,-1
524,Здоровье,0.034906687838982944,False,False,-1
524,Маркетплейсы,0.7203566672339521,False,True,-1
524,Общественное питание,0.10389396206706522,False,False,-1
524,Продовольствие,0.49541870630837803,False,False,-1
524,Транспорт,0.005257984367037463,False,False,-1
525,Все категории,0.15581012697713917,False,False,1
525,Здоровье,0.3627748075561348,False,False,1
525,Маркетплейсы,0.11799361929904523,False,False,-1
525,Общественное питание,0.24905799711151572,False,False,-1
525,Продовольствие,0.08970948061772777,False,False,1
525,Транспорт,0.5672879129846344,False,False,1
526,Все категории,0.0,False,False,0
526,Здоровье,0.0,False,False,0
526,Маркетплейсы,0.0,False,False,0
526,Общественное питание,0.0,False,False,0
526,Продовольствие,0.0,False,False,0
526,Транспорт,0.0,False,False,0
527,Все категории,0.2950934088179126,False,False,-1
527,Здоровье,0.0,False,False,1
527,Маркетплейсы,0.8879129570645123,False,True,-1
527,Общественное питание,0.343741144656191,False,False,1
527,Продовольствие,0.682158413340876,False,False,-1
527,Транспорт,0.4083671265400701,False,False,1
528,Все категории,0.0,False,False,1
528,Здоровье,0.7076467913731801,False,True,-1
528,Маркетплейсы,0.3665357015387134,False,False,-1
528,Общественное питание,0.6445773014368774,False,False,1
528,Продовольствие,0.36165690113895604,False,False,-1
528,Транспорт,0.23188542914326465,False,False,-1
529,Все категории,0.2590892322107035,False,False,-1
529,Здоровье,0.13071673372226308,False,False,-1
529,Маркетплейсы,0.223237345137704,False,False,-1
529,Общественное питание,0.2112881575881801,False,False,-1
529,Продовольствие,0.611834659454285,False,False,-1
529,Транспорт,0.129441585078641,False,False,-1
530,Все категории,0.2501332492549435,False,False,-1
530,Здоровье,0.26396226735601946,False,False,1
530,Маркетплейсы,0.24246011090937103,False,False,-1
530,Общественное питание,0.4391214958528886,False,False,1
530,Продовольствие,0.3213147145738988,False,False,-1
530,Транспорт,0.40667981514406615,False,False,1
531,Все категории,0.1692951290056896,False,False,-1
531,Здоровье,0.29036381964034136,False,False,-1
531,Маркетплейсы,0.3704235843026814,False,False,-1
531,Общественное питание,0.4371934512169081,False,False,-1
531,Продовольствие,0.672229696934312,False,False,-1
531,Транспорт,0.13728837985824077,False,False,-1
532,Все категории,0.1129597514555864,False,False,-1
532,Здоровье,0.0,False,False,1
532,Маркетплейсы,1.249640843488744,True,True,-1
532,Общественное питание,0.08783083966584407,False,False,1
532,Продовольствие,0.8349491359652067,False,True,-1
532,Транспорт,0.04495660876763566,False,False,-1
533,Все категории,0.4096372617463223,False,False,-1
533,Здоровье,0.020343476224030113,False,False,-1
533,Маркетплейсы,0.6031717125209408,False,False,-1
533,Общественное питание,0.5354307009965384,False,False,-1
533,Продовольствие,0.2958742682266167,False,False,-1
533,Транспорт,0.10300595480599761,False,False,1
534,Все категории,0.23488829047828025,False,False,-1
534,Здоровье,0.09925327887495533,False,False,-1
534,Маркетплейсы,0.5653896423627942,False,False,-1
534,Общественное питание,0.30378688813869414,False,False,1
534,Продовольствие,0.21102996431583798,False,False,-1
534,Транспорт,0.2991350654098801,False,False,-1
535,Все категории,0.41858215698833773,False,False,-1
535,Здоровье,0.4362411202356004,False,False,-1
535,Маркетплейсы,0.7797071769435365,False,True,-1
535,Общественное питание,0.0,False,False,1
535,Продовольствие,0.5721718568070957,False,False,-1
535,Транспорт,0.004138391672100533,False,False,-1
536,Все категории,0.2431784575063351,False,False,-1
536,Здоровье,2.2091915029373124,True,True,-1
536,Маркетплейсы,0.7946272843804328,False,True,-1
536,Общественное питание,0.3710369272833156,False,False,-1
536,Продовольствие,0.5380384732667918,False,False,-1
536,Транспорт,0.5858344685794602,False,False,-1
537,Все категории,0.016290808769058765,False,False,-1
537,Здоровье,0.12865941305897774,False,False,1
537,Маркетплейсы,0.3109723531053411,False,False,-1
537,Общественное питание,0.10727991373775761,False,False,1
537,Продовольствие,0.01979442608548182,False,False,1
537,Транспорт,0.1207331683372457,False,False,1
538,Все категории,0.2405651715303685,False,False,-1
538,Здоровье,0.3308494331403192,False,False,-1
538,Маркетплейсы,0.417619687951749,False,False,-1
538,Общественное питание,0.551331320664168,False,False,1
538,Продовольствие,0.12369800486985943,False,False,-1
538,Транспорт,0.6471260341524826,False,False,1
539,Все категории,0.36659961204344144,False,False,-1
539,Здоровье,0.35213757543194435,False,False,-1
539,Маркетплейсы,0.9615090886492617,False,True,-1
539,Общественное питание,0.12036760869576976,False,False,1
539,Продовольствие,0.6757878993695853,False,False,1
539,Транспорт,0.058361070768528436,False,False,-1
540,Все категории,0.24711321325477054,False,False,-1
540,Здоровье,0.036107536889654276,False,False,-1
540,Маркетплейсы,0.4060901998451658,False,False,-1
540,Общественное питание,0.2735238543294586,False,False,1
540,Продовольствие,0.6075688288237304,False,False,-1
540,Транспорт,0.0707588985944258,False,False,-1
541,Все категории,0.6530946282675841,False,False,-1
541,Здоровье,0.1956143638956493,False,False,-1
541,Маркетплейсы,0.0909842010310008,False,False,-1
541,Общественное питание,0.3557202417000574,False,False,-1
541,Продовольствие,0.20891544986010813,False,False,-1
541,Транспорт,0.4121449413038427,False,False,1
542,Все категории,0.29023179379052116,False,False,-1
542,Здоровье,0.16793583304645007,False,False,-1
542,Маркетплейсы,1.1516874732158142,True,True,-1
542,Общественное питание,0.5122300764419707,False,False,-1
542,Продовольствие,0.6410076094105098,False,False,-1
542,Транспорт,0.16248614830947883,False,False,-1
543,Все категории,0.08704336712837135,False,False,1
543,Здоровье,0.5985984299379545,False,False,-1
543,Маркетплейсы,0.5041166487839981,False,False,-1
543,Общественное питание,0.19423887633260212,False,False,-1
543,Продовольствие,0.26825888738693193,False,False,-1
543,Транспорт,0.4042899830625196,False,False,1
544,Все категории,0.49613280165528895,False,False,-1
544,Здоровье,0.7535826084261237,False,True,-1
544,Маркетплейсы,0.19644268905220413,False,False,-1
544,Общественное питание,0.17285820803302307,False,False,1
544,Продовольствие,1.0328711540796287,True,True,-1
544,Транспорт,0.17811712215053632,False,False,1
545,Все категории,0.7971849532719347,False,True,-1
545,Здоровье,0.1612590121653366,False,False,-1
545,Маркетплейсы,0.6238993148020637,False,False,-1
545,Общественное питание,0.6345505798932142,False,False,-1
545,Продовольствие,0.07410203680887825,False,False,-1
545,Транспорт,0.15497504063020592,False,False,-1
546,Все категории,0.10724262256959366,False,False,-1
546,Здоровье,0.4540408182416561,False,False,-1
546,Маркетплейсы,0.47407644108856517,False,False,-1
546,Общественное питание,0.31572854162272446,False,False,1
546,Продовольствие,0.3892216058801211,False,False,-1
546,Транспорт,0.00022758329279334855,False,False,1
547,Все категории,0.2326005088027715,False,False,-1
547,Здоровье,0.12424400491149523,False,False,-1
547,Маркетплейсы,0.4215244147967226,False,False,-1
547,Общественное питание,1.065434569326913,True,True,1
547,Продовольствие,0.5411442752469575,False,False,-1
547,Транспорт,0.0,False,False,1
548,Все категории,0.501292543937315,False,False,-1
548,Здоровье,0.9050101960313511,False,True,-1
548,Маркетплейсы,1.1576949407619026,True,True,-1
548,Общественное питание,0.5662803903883938,False,False,-1
548,Продовольствие,0.8929354724119842,False,True,-1
548,Транспорт,0.11240301486638063,False,False,-1
549,Все категории,0.2896659199092507,False,False,-1
549,Здоровье,0.22406536861363824,False,False,-1
549,Маркетплейсы,0.9457198521169103,False,True,-1
549,Общественное питание,0.15431544236560624,False,False,1
549,Продовольствие,0.5589330469977849,False,False,-1
549,Транспорт,0.5234878199129949,False,False,-1
550,Все категории,0.6646192606921184,False,False,-1
550,Здоровье,0.0,False,False,1
550,Маркетплейсы,0.5145109493423266,False,False,-1
550,Общественное питание,0.16891081260607738,False,False,-1
550,Продовольствие,0.04826567443237065,False,False,-1
550,Транспорт,0.013865282220413042,False,False,1
552,Все категории,0.33315251419848896,False,False,-1
552,Здоровье,0.35174911862052183,False,False,-1
552,Маркетплейсы,1.2594226466369103,True,True,-1
552,Общественное питание,0.01715328792819587,False,False,1
552,Продовольствие,0.14082520434657805,False,False,-1
552,Транспорт,0.21020045087440664,False,False,1
553,Все категории,0.4170944591789264,False,False,-1
553,Здоровье,0.045730645533388486,False,False,1
553,Маркетплейсы,0.36170591938792673,False,False,-1
553,Общественное питание,0.41968824574525215,False,False,-1
553,Продовольствие,0.49815712827239456,False,False,-1
553,Транспорт,0.4433389070905078,False,False,-1
554,Все категории,0.49548976561626124,False,False,-1
554,Здоровье,0.0722438114753364,False,False,-1
554,Маркетплейсы,0.616278080029737,False,False,-1
554,Общественное питание,0.45454414892186,False,False,-1
554,Продовольствие,0.4630121583812694,False,False,-1
554,Транспорт,0.3967712496771856,False,False,-1
555,Все категории,0.27189610142209275,False,False,-1
555,Здоровье,0.09187978340849079,False,False,1
555,Маркетплейсы,0.6506530889165426,False,False,-1
555,Общественное питание,0.416723077867338,False,False,-1
555,Продовольствие,0.17187444398539137,False,False,-1
555,Транспорт,0.05064661128589616,False,False,1
556,Все категории,0.11660168500719151,False,False,-1
556,Здоровье,0.0,False,False,1
556,Маркетплейсы,0.8145274355422809,False,True,-1
556,Общественное питание,0.03389690976321781,False,False,1
556,Продовольствие,0.004309448115168937,False,False,1
556,Транспорт,0.3822844839552632,False,False,1
557,Все категории,0.33534254051016665,False,False,-1
557,Здоровье,0.0,False,False,1
557,Маркетплейсы,0.6925262124299145,False,False,-1
557,Общественное питание,0.7796622309311046,False,True,-1
557,Продовольствие,0.829907541937558,False,True,-1
557,Транспорт,0.6437753943902729,False,False,-1
558,Все категории,0.22217888312608802,False,False,1
558,Здоровье,0.2811235316077313,False,False,-1
558,Маркетплейсы,0.23610867612640773,False,False,-1
558,Общественное питание,0.10537944297824453,False,False,-1
558,Продовольствие,0.0,False,False,1
558,Транспорт,0.5061059820507203,False,False,-1
559,Все категории,0.2153289507327113,False,False,1
559,Здоровье,0.3056872031243206,False,False,1
559,Маркетплейсы,1.141226787877099,True,True,-1
559,Общественное питание,0.10187928972755927,False,False,-1
559,Продовольствие,0.3032184050868433,False,False,-1
559,Транспорт,0.9261213062553213,False,True,1
560,Все категории,0.21337401914830934,False,False,-1
560,Здоровье,0.37687890893129117,False,False,1
560,Маркетплейсы,0.3352802497565505,False,False,-1
560,Общественное питание,0.19689467921068338,False,False,-1
560,Продовольствие,0.3205725393336034,False,False,-1
560,Транспорт,0.021401700879481733,False,False,-1
561,Все категории,0.17803219037315882,False,False,-1
561,Здоровье,0.2962372796439361,False,False,-1
561,Маркетплейсы,1.0917271701425857,True,True,-1
561,Общественное питание,0.4674800193187124,False,False,-1
561,Продовольствие,0.10160860780533873,False,False,-1
561,Транспорт,0.9097663592347384,False,True,1
562,Все категории,0.43796155098718437,False,False,-1
562,Здоровье,0.49578851373190336,False,False,-1
562,Маркетплейсы,1.555615767293886,True,True,-1
562,Общественное питание,0.785804005125601,False,True,-1
562,Продовольствие,0.3755353246778116,False,False,-1
562,Транспорт,0.2508648644370097,False,False,-1
563,Все категории,0.07893872056129003,False,False,-1
563,Здоровье,0.37288414387516405,False,False,-1
563,Маркетплейсы,0.5165447217858193,False,False,-1
563,Общественное питание,0.07513703244413583,False,False,-1
563,Продовольствие,0.17041320518960615,False,False,-1
563,Транспорт,0.25657206281986467,False,False,1
564,Все категории,0.6030508783485817,False,False,-1
564,Здоровье,0.11540855196732613,False,False,-1
564,Маркетплейсы,0.49713608522709585,False,False,-1
564,Общественное питание,0.2638479511877919,False,False,-1
564,Продовольствие,0.6815584377030048,False,False,-1
564,Транспорт,0.37160488901622735,False,False,-1
565,Все категории,0.20341229946501005,False,False,-1
565,Здоровье,0.08639095272535635,False,False,1
565,Маркетплейсы,0.9041789361753914,False,True,-1
565,Общественное питание,0.05569417014617303,False,False,-1
565,Продовольствие,0.2715424470334102,False,False,-1
565,Транспорт,0.40753030428854736,False,False,1
566,Все категории,0.5009188007575335,False,False,-1
566,Здоровье,0.1697594724224742,False,False,-1
566,Маркетплейсы,0.6918929029294808,False,False,-1
566,Общественное питание,0.07318769538713088,False,False,-1
566,Продовольствие,0.3326617856135129,False,False,-1
566,Транспорт,0.1375222388224504,False,False,1
567,Все категории,0.3455337999358402,False,False,1
567,Здоровье,0.07763207955766765,False,False,-1
567,Маркетплейсы,0.0,False,False,1
567,Общественное питание,0.02828699016027378,False,False,1
567,Продовольствие,0.02425376147153635,False,False,1
567,Транспорт,0.3430969436949321,False,False,-1
568,Все категории,0.5461630999300815,False,False,-1
568,Здоровье,0.0,False,False,1
568,Маркетплейсы,0.7204701697198824,False,True,-1
568,Общественное питание,0.08250070594002856,False,False,1
568,Продовольствие,0.6604568864244974,False,False,-1
568,Транспорт,0.3198727537708975,False,False,1
569,Все категории,0.7963774501283326,False,True,-1
569,Здоровье,0.37788491138372765,False,False,1
569,Маркетплейсы,0.980702958819025,False,True,-1
569,Общественное питание,0.32629767180655,False,False,-1
569,Продовольствие,1.2441849035060277,True,True,-1
569,Транспорт,0.18823252000109825,False,False,-1
570,Все категории,0.4154937052037577,False,False,-1
570,Здоровье,0.32861826161581675,False,False,-1
570,Маркетплейсы,0.36461181197547887,False,False,-1
570,Общественное питание,0.14437252084774022,False,False,-1
570,Продовольствие,0.3158437819447375,False,False,-1
570,Транспорт,0.44392043706281403,False,False,1
571,Все категории,0.24105481275111285,False,False,-1
571,Здоровье,0.8150896775392809,False,True,-1
571,Маркетплейсы,0.8085070600546937,False,True,-1
571,Общественное питание,0.4839899479866874,False,False,-1
571,Продовольствие,0.40312910777277877,False,False,-1
571,Транспорт,0.2590516608394362,False,False,-1
572,Все категории,0.10788902412612861,False,False,-1
572,Здоровье,0.8350416056673517,False,True,-1
572,Маркетплейсы,0.6879625092864262,False,False,-1
572,Общественное питание,0.07714073002152019,False,False,1
572,Продовольствие,0.23267178005142863,False,False,-1
572,Транспорт,0.07997499117095525,False,False,1
573,Все категории,0.0,False,False,0
573,Здоровье,0.0,False,False,0
573,Маркетплейсы,0.0,False,False,0
573,Общественное питание,0.0,False,False,0
573,Продовольствие,0.0,False,False,0
573,Транспорт,0.0,False,False,0
574,Все категории,0.3833953049099096,False,False,-1
574,Здоровье,0.5291584321540921,False,False,-1
574,Маркетплейсы,0.8227152097858079,False,True,-1
574,Общественное питание,0.4750179728093108,False,False,-1
574,Продовольствие,0.48725286784279775,False,False,-1
574,Транспорт,0.23373845615242977,False,False,-1
576,Все категории,0.0,False,False,0
576,Здоровье,0.0,False,False,0
576,Маркетплейсы,0.0,False,False,0
576,Общественное питание,0.0,False,False,0
576,Продовольствие,0.0,False,False,0
576,Транспорт,0.0,False,False,0
577,Все категории,0.0,False,False,0
577,Здоровье,0.0,False,False,0
577,Маркетплейсы,0.0,False,False,0
577,Общественное питание,0.0,False,False,0
577,Продовольствие,0.0,False,False,0
577,Транспорт,0.0,False,False,0
578,Все категории,0.7370357743937418,False,True,-1
578,Здоровье,0.0,False,False,1
578,Маркетплейсы,0.6582467815303257,False,False,-1
578,Общественное питание,0.6458204151394228,False,False,-1
578,Продовольствие,0.6447974829693883,False,False,-1
578,Транспорт,0.06701735988175703,False,False,1
579,Все категории,0.15097515971752912,False,False,-1
579,Здоровье,0.07656706548110459,False,False,-1
579,Маркетплейсы,0.2511231089773062,False,False,-1
579,Общественное питание,0.3617033172682031,False,False,-1
579,Продовольствие,0.49740406373813784,False,False,-1
579,Транспорт,0.029884624866763007,False,False,1
580,Все категории,0.05667075172784386,False,False,-1
580,Здоровье,0.011413500868641069,False,False,-1
580,Маркетплейсы,0.7776716068123757,False,True,-1
580,Общественное питание,0.23222417049389887,False,False,-1
580,Продовольствие,0.17654469409444326,False,False,-1
580,Транспорт,0.6780469474114182,False,False,1
581,Все категории,0.11519767760249353,False,False,-1
581,Здоровье,0.36857185029401707,False,False,-1
581,Маркетплейсы,0.5580166279974451,False,False,-1
581,Общественное питание,0.075937577315657,False,False,-1
581,Продовольствие,0.5693273198052207,False,False,-1
581,Транспорт,0.4302267778416842,False,False,-1
582,Все категории,0.3357124835467888,False,False,-1
582,Здоровье,0.013779907263564706,False,False,-1
582,Маркетплейсы,0.07221412351514014,False,False,-1
582,Общественное питание,0.8729839574591844,False,True,1
582,Продовольствие,0.8798831530134068,False,True,-1
582,Транспорт,0.05591513274325338,False,False,1
583,Все категории,0.07836559841454288,False,False,-1
583,Здоровье,0.06362949338037063,False,False,-1
583,Маркетплейсы,0.729705991083537,False,True,-1
583,Общественное питание,0.059780476782378314,False,False,-1
583,Продовольствие,0.574615304846981,False,False,-1
583,Транспорт,0.18434752329197196,False,False,-1
584,Все категории,0.31532980129909904,False,False,-1
584,Здоровье,0.3524976293596012,False,False,-1
584,Маркетплейсы,0.5554465822151404,False,False,-1
584,Общественное питание,0.2679534782614249,False,False,1
584,Продовольствие,0.7499396068067116,False,True,-1
584,Транспорт,0.032042527248915556,False,False,1
585,Все категории,0.2173163323306726,False,False,-1
585,Здоровье,0.5189577904678985,False,False,-1
585,Маркетплейсы,0.11211502966476555,False,False,-1
585,Общественное питание,0.0,False,False,1
585,Продовольствие,0.09148792817184298,False,False,-1
585,Транспорт,0.5692060421258012,False,False,-1
586,Все категории,0.23631647638119796,False,False,-1
586,Здоровье,0.21219080473396834,False,False,-1
586,Маркетплейсы,0.47918053713679665,False,False,-1
586,Общественное питание,1.216900510448148,True,True,-1
586,Продовольствие,0.05887996485663176,False,False,-1
586,Транспорт,0.12912840848921128,False,False,-1
587,Все категории,0.012586945713605954,False,False,1
587,Здоровье,0.4839606657970965,False,False,-1
587,Маркетплейсы,0.26645922580705617,False,False,-1
587,Общественное питание,0.3368975436323229,False,False,1
587,Продовольствие,0.12888282788201896,False,False,-1
587,Транспорт,0.421728910344374,False,False,-1
588,Все категории,0.6240187438477782,False,False,-1
588,Здоровье,0.5793853109887193,False,False,-1
588,Маркетплейсы,0.8681746085457751,False,True,-1
588,Общественное питание,0.6267024003286366,False,False,-1
588,Продовольствие,0.46549777163404293,False,False,-1
588,Транспорт,0.37912393296278185,False,False,-1
589,Все категории,0.30625083133846337,False,False,-1
589,Здоровье,0.1953486864570571,False,False,-1
589,Маркетплейсы,0.9522634977370577,False,True,-1
589,Общественное питание,0.018684666841349243,False,False,1
589,Продовольствие,0.32039674515859534,False,False,-1
589,Транспорт,0.7295706799533819,False,True,-1
590,Все категории,0.0,False,False,0
590,Здоровье,0.0,False,False,0
590,Маркетплейсы,0.0,False,False,0
590,Общественное питание,0.0,False,False,0
590,Продовольствие,0.0,False,False,0
590,Транспорт,0.0,False,False,0
591,Все категории,0.2829379696213045,False,False,-1
591,Здоровье,0.5642189154180861,False,False,-1
591,Маркетплейсы,0.7182365345529473,False,True,-1
591,Общественное питание,0.014012161642276283,False,False,-1
591,Продовольствие,0.47596236832640204,False,False,-1
591,Транспорт,0.08122306869212081,False,False,-1
592,Все категории,0.007851377616014996,False,False,1
592,Здоровье,0.5990845561758281,False,False,1
592,Маркетплейсы,0.5986326736863884,False,False,-1
592,Общественное питание,0.7495203391853088,False,True,1
592,Продовольствие,0.11131628267599208,False,False,1
592,Транспорт,0.0,False,False,1
593,Все категории,0.0,False,False,1
593,Здоровье,0.4149221761814861,False,False,-1
593,Маркетплейсы,1.0705743241435708,True,True,-1
593,Общественное питание,0.1853236843769555,False,False,1
593,Продовольствие,0.16741205623220357,False,False,-1
593,Транспорт,0.13716073118016203,False,False,-1
594,Все категории,0.31476041809442773,False,False,-1
594,Здоровье,0.5728630555825908,False,False,-1
594,Маркетплейсы,0.8335431094691581,False,True,-1
594,Общественное питание,0.0,False,False,1
594,Продовольствие,0.10101611915102818,False,False,-1
594,Транспорт,0.9030275472070813,False,True,-1
595,Все категории,0.28542257723638964,False,False,-1
595,Здоровье,1.0099768262465778,True,True,-1
595,Маркетплейсы,0.48530510496304036,False,False,-1
595,Общественное питание,0.4653119573032489,False,False,-1
595,Продовольствие,0.4556124078167574,False,False,-1
595,Транспорт,1.1033497086825363,True,True,-1
597,Все категории,0.0,False,False,0
597,Здоровье,0.0,False,False,0
597,Маркетплейсы,0.0,False,False,0
597,Общественное питание,0.0,False,False,0
597,Продовольствие,0.0,False,False,0
597,Транспорт,0.0,False,False,0
598,Все категории,0.31459437148416436,False,False,-1
598,Здоровье,0.14772504038880274,False,False,-1
598,Маркетплейсы,0.6645978538502205,False,False,-1
598,Общественное питание,0.3042344259917241,False,False,-1
598,Продовольствие,0.227284423243022,False,False,-1
598,Транспорт,0.4380400064483132,False,False,-1
599,Все категории,0.3280968732614951,False,False,-1
599,Здоровье,0.05539182010167998,False,False,-1
599,Маркетплейсы,0.29458218161383615,False,False,-1
599,Общественное питание,0.6900305647580951,False,False,-1
599,Продовольствие,0.10670793735139195,False,False,-1
599,Транспорт,0.26056709276578166,False,False,-1
600,Все категории,0.22997814843888859,False,False,-1
600,Здоровье,0.22977319110321526,False,False,-1
600,Маркетплейсы,0.6092330521994122,False,False,-1
600,Общественное питание,0.19518243207856023,False,False,1
600,Продовольствие,0.022119836538706916,False,False,-1
600,Транспорт,0.33275151784947243,False,False,-1
601,Все категории,0.5898445707272457,False,False,-1
601,Здоровье,0.1486248510303167,False,False,-1
601,Маркетплейсы,0.5797820177976347,False,False,-1
601,Общественное питание,0.29484118483373367,False,False,-1
601,Продовольствие,0.18540526444710878,False,False,-1
601,Транспорт,0.5124015700868074,False,False,-1
602,Все категории,0.5803327126422028,False,False,-1
602,Здоровье,0.4435028835390924,False,False,-1
602,Маркетплейсы,0.3362201463240495,False,False,-1
602,Общественное питание,0.3146538954300843,False,False,-1
602,Продовольствие,0.2613883525528914,False,False,-1
602,Транспорт,0.26569665243866253,False,False,1
603,Все категории,0.17856119378870608,False,False,-1
603,Здоровье,0.0,False,False,1
603,Маркетплейсы,0.26795498451247374,False,False,-1
603,Общественное питание,0.18650056122256004,False,False,1
603,Продовольствие,0.4401740502177851,False,False,-1
603,Транспорт,0.041851460278337985,False,False,-1
604,Все категории,0.48495814528925374,False,False,-1
604,Здоровье,0.306845077947554,False,False,1
604,Маркетплейсы,0.4741812372062204,False,False,-1
604,Общественное питание,0.5809262880154741,False,False,-1
604,Продовольствие,0.24794420022691332,False,False,-1
604,Транспорт,0.3296488314985028,False,False,-1
605,Все категории,0.12476222459748038,False,False,-1
605,Здоровье,0.02470849425479868,False,False,-1
605,Маркетплейсы,0.39554796478961046,False,False,-1
605,Общественное питание,0.3080320800503846,False,False,-1
605,Продовольствие,0.3154762848617434,False,False,-1
605,Транспорт,0.2966616738692757,False,False,-1
606,Все категории,0.3501053326459173,False,False,-1
606,Здоровье,0.2595386324161469,False,False,1
606,Маркетплейсы,0.4962062829420051,False,False,-1
606,Общественное питание,0.18789943607965953,False,False,1
606,Продовольствие,0.19810594889859756,False,False,-1
606,Транспорт,0.17272673724618945,False,False,-1
607,Все категории,0.0889987580509208,False,False,-1
607,Здоровье,0.05406932781962971,False,False,1
607,Маркетплейсы,0.6498826840444278,False,False,-1
607,Общественное питание,0.04611182583286552,False,False,-1
607,Продовольствие,0.7181766459760623,False,True,-1
607,Транспорт,0.1505758460834474,False,False,-1
608,Все категории,0.061173722976488015,False,False,-1
608,Здоровье,0.0,False,False,1
608,Маркетплейсы,0.535579924465957,False,False,-1
608,Общественное питание,0.1809818301228618,False,False,-1
608,Продовольствие,0.12095585516582288,False,False,-1
608,Транспорт,0.06941485084681631,False,False,-1
611,Все категории,0.0,False,False,0
611,Здоровье,0.0,False,False,0
611,Маркетплейсы,0.0,False,False,0
611,Общественное питание,0.0,False,False,0
611,Продовольствие,0.0,False,False,0
611,Транспорт,0.0,False,False,0
612,Все категории,0.0389870518506545,False,False,-1
612,Здоровье,0.08922550580259,False,False,-1
612,Маркетплейсы,0.4513547553009135,False,False,-1
612,Общественное питание,0.1039094552352875,False,False,-1
612,Продовольствие,0.08593616143967517,False,False,-1
612,Транспорт,0.13715537257307137,False,False,-1
613,Все категории,0.06639334002862385,False,False,1
613,Здоровье,0.48871133967924907,False,False,-1
613,Маркетплейсы,0.49077897058262954,False,False,-1
613,Общественное питание,0.2671071925445922,False,False,1
613,Продовольствие,0.028954079877716338,False,False,-1
613,Транспорт,0.11965004202757112,False,False,-1
614,Все категории,0.1443250683523908,False,False,-1
614,Здоровье,0.0021756754846980753,False,False,1
614,Маркетплейсы,0.0382792887053504,False,False,-1
614,Общественное питание,0.2974036601424062,False,False,-1
614,Продовольствие,0.11638228446437474,False,False,-1
614,Транспорт,0.05345644606582434,False,False,-1
615,Все категории,0.06312568273836947,False,False,-1
615,Здоровье,0.5121574319351268,False,False,1
615,Маркетплейсы,0.409200698960296,False,False,-1
615,Общественное питание,0.05096999408868781,False,False,-1
615,Продовольствие,0.07927518380358037,False,False,-1
615,Транспорт,0.24195896019840735,False,False,1
616,Все категории,0.2503931325997847,False,False,-1
616,Здоровье,0.26777564929166536,False,False,-1
616,Маркетплейсы,0.6342277251179986,False,False,-1
616,Общественное питание,0.1943422879970873,False,False,1
616,Продовольствие,0.4136494184119346,False,False,-1
616,Транспорт,0.06610697817198902,False,False,1
618,Все категории,0.01503902458941514,False,False,1
618,Здоровье,0.0,False,False,1
618,Маркетплейсы,0.0,False,False,1
618,Общественное питание,0.12323811952534783,False,False,1
618,Продовольствие,0.18065380881948973,False,False,1
618,Транспорт,0.3647968833060323,False,False,-1
619,Все категории,0.033498476413496056,False,False,-1
619,Здоровье,0.07390044684972102,False,False,-1
619,Маркетплейсы,0.41783680026458714,False,False,-1
619,Общественное питание,0.15213959578900343,False,False,1
619,Продовольствие,0.08711420190263619,False,False,-1
619,Транспорт,0.18166422097786264,False,False,-1
620,Все категории,0.0,False,False,0
620,Здоровье,0.0,False,False,0
620,Маркетплейсы,0.0,False,False,0
620,Общественное питание,0.0,False,False,0
620,Продовольствие,0.0,False,False,0
620,Транспорт,0.0,False,False,0
621,Все категории,0.34692130529277687,False,False,-1
621,Здоровье,0.0,False,False,1
621,Маркетплейсы,0.5218063981380751,False,False,-1
621,Общественное питание,0.0852462633852348,False,False,-1
621,Продовольствие,0.11682192244484652,False,False,-1
621,Транспорт,0.6212348164012235,False,False,-1
666,Все категории,0.11359718029793123,False,False,-1
666,Здоровье,0.11601982818338297,False,False,-1
666,Маркетплейсы,0.0706138181604512,False,False,-1
666,Общественное питание,0.02081252438286585,False,False,-1
666,Продовольствие,0.4620049966311386,False,False,-1
666,Транспорт,0.02686273976085303,False,False,-1
667,Все категории,0.35041819121534595,False,False,-1
667,Здоровье,0.3395094655005404,False,False,-1
667,Маркетплейсы,0.2927271186639401,False,False,-1
667,Общественное питание,0.0,False,False,1
667,Продовольствие,0.25341733883402856,False,False,-1
667,Транспорт,0.23875780909920336,False,False,-1
668,Все категории,0.24097653213303993,False,False,-1
668,Здоровье,1.114112968083062,True,True,-1
668,Маркетплейсы,0.3744814746338918,False,False,-1
668,Общественное питание,0.20573835397682938,False,False,1
668,Продовольствие,0.7764051842752029,False,True,-1
668,Транспорт,0.0,False,False,1
669,Все категории,0.6178138086179787,False,False,-1
669,Здоровье,0.6286088030680589,False,False,-1
669,Маркетплейсы,0.14003691143672697,False,False,-1
669,Общественное питание,0.11513116810603263,False,False,-1
669,Продовольствие,0.5443916673973599,False,False,-1
669,Транспорт,0.10207415659076127,False,False,1
670,Все категории,0.5022260832474528,False,False,-1
670,Здоровье,0.2994413416277092,False,False,-1
670,Маркетплейсы,0.5332706565924724,False,False,-1
670,Общественное питание,0.7771308698634422,False,True,1
670,Продовольствие,0.27591058673950164,False,False,-1
670,Транспорт,0.023463105163103917,False,False,-1
671,Все категории,0.08006197816921234,False,False,-1
671,Здоровье,0.09167484310689475,False,False,-1
671,Маркетплейсы,0.4324064434014555,False,False,-1
671,Общественное питание,0.27978940638943606,False,False,1
671,Продовольствие,0.4998634217807493,False,False,-1
671,Транспорт,0.15280450147839988,False,False,-1
674,Все категории,0.4048285894234729,False,False,-1
674,Здоровье,0.5619064811440956,False,False,-1
674,Маркетплейсы,0.8546663829306704,False,True,-1
674,Общественное питание,0.17402680694092426,False,False,-1
674,Продовольствие,0.9377343987060198,False,True,-1
674,Транспорт,0.047577366782658156,False,False,1
675,Все категории,0.3490391460208707,False,False,-1
675,Здоровье,0.639613599148963,False,False,-1
675,Маркетплейсы,0.6590127038955493,False,False,-1
675,Общественное питание,0.24544799992058908,False,False,-1
675,Продовольствие,0.39497908371971985,False,False,-1
675,Транспорт,0.17046449575158243,False,False,-1
676,Все категории,0.40035261484172785,False,False,-1
676,Здоровье,0.2207046175201159,False,False,-1
676,Маркетплейсы,0.9412805779328066,False,True,-1
676,Общественное питание,0.2957699812305554,False,False,-1
676,Продовольствие,0.2460353101768934,False,False,-1
676,Транспорт,0.11253695108407707,False,False,1
677,Все категории,0.8015845595066561,False,True,-1
677,Здоровье,0.6031122074281904,False,False,-1
677,Маркетплейсы,0.6149260172290221,False,False,-1
677,Общественное питание,0.208841633933517,False,False,1
677,Продовольствие,0.6718044961348092,False,False,-1
677,Транспорт,0.4657014174738492,False,False,-1
678,Все категории,0.18843342427504078,False,False,1
678,Здоровье,0.24928734955013743,False,False,1
678,Маркетплейсы,0.032522480778379284,False,False,-1
678,Общественное питание,0.2297588573767022,False,False,-1
678,Продовольствие,0.47770947115560713,False,False,1
678,Транспорт,0.2918716714225157,False,False,-1
679,Все категории,0.13848593541258644,False,False,-1
679,Здоровье,0.24020613576376187,False,False,1
679,Маркетплейсы,0.8866088171476385,False,True,-1
679,Общественное питание,0.2964889001124169,False,False,-1
679,Продовольствие,0.5488096205382029,False,False,-1
679,Транспорт,0.3369427484749653,False,False,-1
680,Все категории,0.14249696921931737,False,False,-1
680,Здоровье,0.08643083791543907,False,False,-1
680,Маркетплейсы,0.4133938151964968,False,False,-1
680,Общественное питание,0.08182928753400981,False,False,-1
680,Продовольствие,0.4520808012605343,False,False,-1
680,Транспорт,0.5212640953671922,False,False,1
681,Все категории,0.15694173110352427,False,False,1
681,Здоровье,0.3347291059875245,False,False,-1
681,Маркетплейсы,0.1805347313695772,False,False,1
681,Общественное питание,0.483573843175205,False,False,-1
681,Продовольствие,0.1101600225582626,False,False,1
681,Транспорт,0.19051314313871937,False,False,-1
683,Все категории,0.2609526554385346,False,False,-1
683,Здоровье,0.0486212140941355,False,False,-1
683,Маркетплейсы,0.829009509959798,False,True,-1
683,Общественное питание,0.0881813641013979,False,False,-1
683,Продовольствие,0.4066632889089833,False,False,-1
683,Транспорт,0.014525440931957248,False,False,1
685,Все категории,0.3692900445674024,False,False,-1
685,Здоровье,0.43011309534871167,False,False,-1
685,Маркетплейсы,0.21825897173954995,False,False,-1
685,Общественное питание,0.0,False,False,1
685,Продовольствие,0.4305577499518159,False,False,-1
685,Транспорт,0.0,False,False,1
686,Все категории,0.5595808999662822,False,False,-1
686,Здоровье,0.7633415047859077,False,True,-1
686,Маркетплейсы,0.801549178784265,False,True,-1
686,Общественное питание,0.25730760216448245,False,False,-1
686,Продовольствие,0.38719054573159106,False,False,-1
686,Транспорт,0.5338655255333824,False,False,-1
687,Все категории,0.23897164855720548,False,False,-1
687,Здоровье,0.30078484830278607,False,False,-1
687,Маркетплейсы,0.7970229403482203,False,True,-1
687,Общественное питание,0.40128434764971394,False,False,1
687,Продовольствие,0.23371196754992174,False,False,-1
687,Транспорт,0.0,False,False,1
688,Все категории,0.0,False,False,0
688,Здоровье,0.0,False,False,0
688,Маркетплейсы,0.0,False,False,0
688,Общественное питание,0.0,False,False,0
688,Продовольствие,0.0,False,False,0
688,Транспорт,0.0,False,False,0
689,Все категории,0.3242008986594446,False,False,-1
689,Здоровье,0.10042609573736205,False,False,-1
689,Маркетплейсы,1.3712046373816618,True,True,-1
689,Общественное питание,0.3013904616157937,False,False,1
689,Продовольствие,0.3438137642534387,False,False,-1
689,Транспорт,0.0308143139258035,False,False,1
690,Все категории,0.18177764564631538,False,False,-1
690,Здоровье,0.28253958694118064,False,False,-1
690,Маркетплейсы,0.4365184291150982,False,False,-1
690,Общественное питание,0.0,False,False,1
690,Продовольствие,0.6608656870285394,False,False,-1
690,Транспорт,0.006759795118670461,False,False,-1
691,Все категории,0.18962340341084322,False,False,-1
691,Здоровье,0.20872734181540908,False,False,-1
691,Маркетплейсы,0.3520099905063854,False,False,-1
691,Общественное питание,0.23683941919503687,False,False,-1
691,Продовольствие,0.13624987203158612,False,False,1
691,Транспорт,0.12667231915464347,False,False,-1
692,Все категории,0.32610006428316624,False,False,-1
692,Здоровье,0.3926776683154492,False,False,-1
692,Маркетплейсы,0.7434290648181835,False,True,-1
692,Общественное питание,0.6410454170695759,False,False,1
692,Продовольствие,0.4947078402092463,False,False,-1
692,Транспорт,0.44915102190510814,False,False,1
693,Все категории,0.4095380064316962,False,False,-1
693,Здоровье,0.7325596573727442,False,True,-1
693,Маркетплейсы,0.12818597195933898,False,False,-1
693,Общественное питание,0.2997320764781911,False,False,-1
693,Продовольствие,0.6696026832238828,False,False,-1
693,Транспорт,0.3937256388181663,False,False,-1
694,Все категории,0.23867690531409735,False,False,-1
694,Здоровье,0.4836321470717808,False,False,-1
694,Маркетплейсы,0.2822270830967325,False,False,-1
694,Общественное питание,0.22276055748038914,False,False,-1
694,Продовольствие,0.3366941697209245,False,False,-1
694,Транспорт,0.0919024292793901,False,False,-1
695,Все категории,0.028256693117236914,False,False,-1
695,Здоровье,0.20907813381702361,False,False,-1
695,Маркетплейсы,0.23974357040996752,False,False,-1
695,Общественное питание,0.2910419674372285,False,False,1
695,Продовольствие,0.8286207784037667,False,True,-1
695,Транспорт,0.4573846393369234,False,False,1
696,Все категории,0.594379628970568,False,False,-1
696,Здоровье,0.3336180482122107,False,False,-1
696,Маркетплейсы,0.5876458426698952,False,False,-1
696,Общественное питание,0.8310857271296874,False,True,1
696,Продовольствие,0.22999968010681104,False,False,-1
696,Транспорт,0.47701663567233155,False,False,-1
697,Все категории,0.5503646245462246,False,False,-1
697,Здоровье,0.04790040488718485,False,False,1
697,Маркетплейсы,0.7096523476480711,False,True,-1
697,Общественное питание,0.6540693084043103,False,False,1
697,Продовольствие,0.31307155253663677,False,False,-1
697,Транспорт,0.45245144241796253,False,False,1
698,Все категории,0.6789427221439626,False,False,-1
698,Здоровье,0.20543520600779397,False,False,-1
698,Маркетплейсы,0.8464113152526891,False,True,-1
698,Общественное питание,0.14656942104663148,False,False,1
698,Продовольствие,0.9652496401290189,False,True,-1
698,Транспорт,0.1652025321916722,False,False,-1
699,Все категории,0.37202697057807876,False,False,-1
699,Здоровье,0.1909956917111671,False,False,-1
699,Маркетплейсы,0.18992486698875582,False,False,-1
699,Общественное питание,0.17798958312994578,False,False,1
699,Продовольствие,1.0820222604490968,True,True,-1
699,Транспорт,0.02179124718720088,False,False,1
700,Все категории,0.0,False,False,0
700,Здоровье,0.0,False,False,0
700,Маркетплейсы,0.0,False,False,0
700,Общественное питание,0.0,False,False,0
700,Продовольствие,0.0,False,False,0
700,Транспорт,0.0,False,False,0
701,Все категории,0.3407767060785711,False,False,-1
701,Здоровье,0.05909643239559667,False,False,-1
701,Маркетплейсы,0.5095285509344174,False,False,-1
701,Общественное питание,0.0,False,False,1
701,Продовольствие,0.7206332096178875,False,True,-1
701,Транспорт,0.0,False,False,1
702,Все категории,0.3884714914092958,False,False,-1
702,Здоровье,0.20756278830296732,False,False,-1
702,Маркетплейсы,1.0308693122745152,True,True,-1
702,Общественное питание,0.2962644698077306,False,False,1
702,Продовольствие,0.7746672133408666,False,True,-1
702,Транспорт,0.165091195565021,False,False,1
703,Все категории,0.4829964553758913,False,False,-1
703,Здоровье,0.0,False,False,1
703,Маркетплейсы,1.24678722383895,True,True,-1
703,Общественное питание,0.024535900119935186,False,False,-1
703,Продовольствие,0.20527401289698355,False,False,-1
703,Транспорт,0.22003984804214272,False,False,-1
704,Все категории,0.6191070695862122,False,False,-1
704,Здоровье,0.042192671507557386,False,False,-1
704,Маркетплейсы,0.0,False,False,1
704,Общественное питание,0.006629383765999863,False,False,-1
704,Продовольствие,0.785100318708736,False,True,-1
704,Транспорт,0.5317732453000003,False,False,-1
705,Все категории,0.5467254745912435,False,False,-1
705,Здоровье,0.31036217715126935,False,False,-1
705,Маркетплейсы,0.14281544097964555,False,False,-1
705,Общественное питание,0.005655976556173753,False,False,-1
705,Продовольствие,0.8511335580968362,False,True,-1
705,Транспорт,0.2949270957783046,False,False,1
706,Все категории,0.4540667617240035,False,False,-1
706,Здоровье,0.22950674290097206,False,False,-1
706,Маркетплейсы,0.3901065346205415,False,False,-1
706,Общественное питание,0.30478774985699014,False,False,1
706,Продовольствие,0.9142810409254871,False,True,-1
706,Транспорт,0.35509307950524904,False,False,-1
708,Все категории,0.4390517714700217,False,False,-1
708,Здоровье,0.4513109997918674,False,False,-1
708,Маркетплейсы,0.7193428943450054,False,True,-1
708,Общественное питание,0.017652574359161538,False,False,1
708,Продовольствие,0.4233844858171781,False,False,-1
708,Транспорт,0.04362057160561897,False,False,-1
709,Все категории,0.0,False,False,0
709,Здоровье,0.0,False,False,0
709,Маркетплейсы,0.0,False,False,0
709,Общественное питание,0.0,False,False,0
709,Продовольствие,0.0,False,False,0
709,Транспорт,0.0,False,False,0
710,Все категории,0.6003915976631898,False,False,-1
710,Здоровье,0.3799816951863992,False,False,-1
710,Маркетплейсы,0.9580452445951164,False,True,-1
710,Общественное питание,0.0,False,False,1
710,Продовольствие,0.9891777892656104,False,True,-1
710,Транспорт,0.1369157068456711,False,False,1
711,Все категории,0.17836481985382724,False,False,-1
711,Здоровье,0.4698838553111969,False,False,-1
711,Маркетплейсы,0.5843396377514509,False,False,-1
711,Общественное питание,0.3057926290714557,False,False,1
711,Продовольствие,0.2724176141758254,False,False,-1
711,Транспорт,0.07012650600462281,False,False,1
712,Все категории,0.7065220397768597,False,True,-1
712,Здоровье,0.048980925460635344,False,False,-1
712,Маркетплейсы,0.24425109043315696,False,False,-1
712,Общественное питание,0.03402157534540594,False,False,1
712,Продовольствие,0.6076934807979819,False,False,-1
712,Транспорт,0.12305027127385085,False,False,-1
713,Все категории,0.16403042980905705,False,False,-1
713,Здоровье,0.21636194139267717,False,False,-1
713,Маркетплейсы,0.1135200524159424,False,False,-1
713,Общественное питание,0.126095932333201,False,False,1
713,Продовольствие,0.28973475313491004,False,False,-1
713,Транспорт,0.3887628961099634,False,False,1
714,Все категории,1.1622461490074847,True,True,-1
714,Здоровье,0.8783312714611663,False,True,-1
714,Маркетплейсы,0.6084160409614418,False,False,-1
714,Общественное питание,0.0825239273090076,False,False,1
714,Продовольствие,0.7486041056554562,False,True,-1
714,Транспорт,0.28016719832350767,False,False,-1
715,Все категории,0.09253564234592998,False,False,-1
715,Здоровье,0.3296901504547035,False,False,-1
715,Маркетплейсы,0.5032843661665602,False,False,-1
715,Общественное питание,0.0,False,False,1
715,Продовольствие,0.4798225498679184,False,False,-1
715,Транспорт,0.17995584105229534,False,False,1
716,Все категории,0.2194578138327038,False,False,-1
716,Здоровье,0.2484302489031417,False,False,-1
716,Маркетплейсы,0.016440179979305844,False,False,-1
716,Общественное питание,0.2386233498531279,False,False,1
716,Продовольствие,0.2571033804004299,False,False,-1
716,Транспорт,0.08339377192051597,False,False,-1
717,Все категории,0.15970919384280954,False,False,-1
717,Здоровье,0.2120498881003418,False,False,-1
717,Маркетплейсы,0.45748459605596725,False,False,-1
717,Общественное питание,0.19589377790320017,False,False,-1
717,Продовольствие,0.5472407559790918,False,False,-1
717,Транспорт,0.21637247093334516,False,False,-1
718,Все категории,0.42881067485310975,False,False,-1
718,Здоровье,0.23652941583777798,False,False,-1
718,Маркетплейсы,0.6574895974226582,False,False,-1
718,Общественное питание,0.40055603723120015,False,False,-1
718,Продовольствие,0.8273818326405152,False,True,-1
718,Транспорт,0.0,False,False,1
719,Все категории,0.0026824352185779304,False,False,-1
719,Здоровье,0.07444790820741726,False,False,1
719,Маркетплейсы,0.7026825318709535,False,True,-1
719,Общественное питание,0.36697144798964587,False,False,1
719,Продовольствие,0.2399157308660107,False,False,-1
719,Транспорт,0.08332468705378979,False,False,-1
720,Все категории,0.051847307676819776,False,False,1
720,Здоровье,0.08650039524027803,False,False,-1
720,Маркетплейсы,0.2758512179096656,False,False,-1
720,Общественное питание,0.12885586096202784,False,False,1
720,Продовольствие,0.2539223732915792,False,False,1
720,Транспорт,0.032250192344567566,False,False,1
721,Все категории,0.8247474574694329,False,True,-1
721,Здоровье,0.37787732400841423,False,False,-1
721,Маркетплейсы,0.9301623166164946,False,True,-1
721,Общественное питание,0.37761440600515284,False,False,1
721,Продовольствие,0.40469233623089124,False,False,-1
721,Транспорт,0.47548179120803213,False,False,1
722,Все категории,0.3598827196816637,False,False,-1
722,Здоровье,0.2887092229832366,False,False,-1
722,Маркетплейсы,0.7294766854578945,False,True,-1
722,Общественное питание,0.17490052608986129,False,False,-1
722,Продовольствие,0.47225612987095233,False,False,-1
722,Транспорт,0.30047842224334737,False,False,1
723,Все категории,0.24115944618908014,False,False,-1
723,Здоровье,0.10757834824445248,False,False,-1
723,Маркетплейсы,0.07625865171442747,False,False,-1
723,Общественное питание,0.2248231417436059,False,False,-1
723,Продовольствие,0.4561664904021785,False,False,-1
723,Транспорт,0.11590258862424385,False,False,-1
724,Все категории,0.09585247173920702,False,False,-1
724,Здоровье,0.0,False,False,1
724,Маркетплейсы,0.0,False,False,1
724,Общественное питание,0.0,False,False,1
724,Продовольствие,0.3130681868189623,False,False,1
724,Транспорт,0.3511404632610439,False,False,1
725,Все категории,0.1546018626802317,False,False,-1
725,Здоровье,0.08815426032672424,False,False,1
725,Маркетплейсы,0.7137382756477183,False,True,-1
725,Общественное питание,0.6816705937037885,False,False,1
725,Продовольствие,0.5255499823181491,False,False,-1
725,Транспорт,0.0941006849243933,False,False,1
726,Все категории,0.012469172897204464,False,False,1
726,Здоровье,0.12914386339083575,False,False,-1
726,Маркетплейсы,0.13233243089253088,False,False,-1
726,Общественное питание,0.5621370685663385,False,False,-1
726,Продовольствие,0.0,False,False,1
726,Транспорт,0.4530519660951229,False,False,-1
727,Все категории,0.2521420147228451,False,False,-1
727,Здоровье,0.0,False,False,1
727,Маркетплейсы,0.11671485275300103,False,False,-1
727,Общественное питание,0.27216196891862654,False,False,-1
727,Продовольствие,0.3458848799940725,False,False,-1
727,Транспорт,0.12828014965887755,False,False,-1
731,Все категории,0.5928585372248203,False,False,-1
731,Здоровье,0.0018059323053317977,False,False,-1
731,Маркетплейсы,0.33669511583605854,False,False,-1
731,Общественное питание,0.4019961874663712,False,False,-1
731,Продовольствие,0.6998187603762787,False,False,-1
731,Транспорт,0.11054448715948012,False,False,-1
734,Все категории,0.351032933265452,False,False,-1
734,Здоровье,0.23768500710562185,False,False,-1
734,Маркетплейсы,0.5685509995268538,False,False,-1
734,Общественное питание,0.2034390060075501,False,False,-1
734,Продовольствие,0.45700629390562697,False,False,-1
734,Транспорт,0.29289686866642295,False,False,1
735,Все категории,0.34769280264894126,False,False,-1
735,Здоровье,0.2549234037673054,False,False,-1
735,Маркетплейсы,0.7509981515711565,False,True,-1
735,Общественное питание,0.1694380764411828,False,False,-1
735,Продовольствие,0.58728957044571,False,False,-1
735,Транспорт,0.06141710192987429,False,False,-1
736,Все категории,0.40581271780637157,False,False,-1
736,Здоровье,0.3679814962374588,False,False,-1
736,Маркетплейсы,0.5888355708233215,False,False,-1
736,Общественное питание,0.32326681503554194,False,False,-1
736,Продовольствие,0.5749373017062057,False,False,-1
736,Транспорт,0.3184380175510403,False,False,1
737,Все категории,0.19279195881867772,False,False,-1
737,Здоровье,0.18330344238973437,False,False,-1
737,Маркетплейсы,0.2289118481282016,False,False,-1
737,Общественное питание,0.16635006541224728,False,False,1
737,Продовольствие,0.3336352286304468,False,False,-1
737,Транспорт,0.23672916067580246,False,False,1
738,Все категории,0.06708028773073663,False,False,-1
738,Здоровье,0.24268037710631457,False,False,1
738,Маркетплейсы,0.4762179970841437,False,False,-1
738,Общественное питание,0.19760210042696713,False,False,-1
738,Продовольствие,0.2902726939957003,False,False,-1
738,Транспорт,0.08200373316144441,False,False,-1
739,Все категории,0.3703438176799629,False,False,-1
739,Здоровье,0.19195219684709613,False,False,-1
739,Маркетплейсы,0.608593269851138,False,False,-1
739,Общественное питание,0.012660525038231493,False,False,1
739,Продовольствие,0.38994625549335993,False,False,-1
739,Транспорт,0.49358261129233805,False,False,-1
741,Все категории,0.2071945312705566,False,False,-1
741,Здоровье,0.04976010567250601,False,False,-1
741,Маркетплейсы,1.2756896804293216,True,True,-1
741,Общественное питание,0.25799644643949665,False,False,-1
741,Продовольствие,0.28358254393645055,False,False,-1
741,Транспорт,0.19065931741407977,False,False,1
742,Все категории,0.2557971633972567,False,False,-1
742,Здоровье,0.705311876971561,False,True,1
742,Маркетплейсы,0.2809043366592644,False,False,-1
742,Общественное питание,0.41541030241707433,False,False,-1
742,Продовольствие,0.35168327337661054,False,False,-1
742,Транспорт,0.36192560290876497,False,False,-1
743,Все категории,0.15478524761598564,False,False,-1
743,Здоровье,0.18089110643749454,False,False,-1
743,Маркетплейсы,0.6397124557035974,False,False,-1
743,Общественное питание,0.3102286108514096,False,False,-1
743,Продовольствие,0.35303785052061415,False,False,-1
743,Транспорт,0.17775003236770154,False,False,-1
744,Все категории,0.11922466654625685,False,False,-1
744,Здоровье,0.10450311508085083,False,False,-1
744,Маркетплейсы,0.4832843945832057,False,False,-1
744,Общественное питание,0.2859215034507994,False,False,-1
744,Продовольствие,1.0842715243204688,True,True,-1
744,Транспорт,0.08883348679524111,False,False,-1
745,Все категории,0.39274069295280023,False,False,-1
745,Здоровье,0.01508202517279407,False,False,1
745,Маркетплейсы,0.9922366189909839,False,True,-1
745,Общественное питание,0.1706865199991521,False,False,-1
745,Продовольствие,0.9174243272895286,False,True,-1
745,Транспорт,0.2931297112910603,False,False,-1
746,Все категории,0.14114947986917872,False,False,-1
746,Здоровье,0.22130786133268565,False,False,-1
746,Маркетплейсы,0.39660894960525245,False,False,-1
746,Общественное питание,0.19092321800049122,False,False,-1
746,Продовольствие,0.16881970559805565,False,False,-1
746,Транспорт,0.2637397843051932,False,False,1
747,Все категории,0.42960930916108,False,False,-1
747,Здоровье,0.002537094454323263,False,False,-1
747,Маркетплейсы,0.7871749495023175,False,True,-1
747,Общественное питание,0.17006056730252567,False,False,-1
747,Продовольствие,0.15060862161580882,False,False,-1
747,Транспорт,0.06522432853024779,False,False,1
748,Все категории,0.17123648704698086,False,False,-1
748,Здоровье,0.0,False,False,1
748,Маркетплейсы,0.004467139109790866,False,False,-1
748,Общественное питание,0.6645687334214192,False,False,-1
748,Продовольствие,0.052554009924437595,False,False,-1
748,Транспорт,0.04347875892762283,False,False,-1
749,Все категории,0.1694279787493817,False,False,-1
749,Здоровье,0.27099723217930083,False,False,1
749,Маркетплейсы,1.1129308870957797,True,True,-1
749,Общественное питание,0.5350452361113724,False,False,1
749,Продовольствие,0.1310693815067212,False,False,-1
749,Транспорт,0.8952460339562989,False,True,-1
751,Все категории,0.2651638114107986,False,False,-1
751,Здоровье,0.2047405869979399,False,False,-1
751,Маркетплейсы,0.8018454979654075,False,True,-1
751,Общественное питание,0.26813486283101595,False,False,-1
751,Продовольствие,0.46436246010136084,False,False,-1
751,Транспорт,0.2654275550017693,False,False,-1
752,Все категории,0.04584264999306541,False,False,-1
752,Здоровье,0.9359096647265079,False,True,1
752,Маркетплейсы,0.5181215022688221,False,False,-1
752,Общественное питание,0.589200857119625,False,False,1
752,Продовольствие,0.1480178086794057,False,False,-1
752,Транспорт,0.12670045810471348,False,False,-1
753,Все категории,0.2916709242544212,False,False,-1
753,Здоровье,0.5059797820299223,False,False,1
753,Маркетплейсы,0.059021482662230645,False,False,-1
753,Общественное питание,0.15538019320054747,False,False,-1
753,Продовольствие,0.20759457970567113,False,False,-1
753,Транспорт,0.09715607234095747,False,False,-1
754,Все категории,0.2743900580362997,False,False,-1
754,Здоровье,0.28338149122041933,False,False,-1
754,Маркетплейсы,0.8170741878887022,False,True,-1
754,Общественное питание,0.267406530110532,False,False,-1
754,Продовольствие,0.6958682955242967,False,False,-1
754,Транспорт,0.15915296196983106,False,False,1
755,Все категории,0.1820829415782509,False,False,-1
755,Здоровье,0.27976719469025846,False,False,-1
755,Маркетплейсы,0.5792266501454036,False,False,-1
755,Общественное питание,0.30758587241020074,False,False,-1
755,Продовольствие,0.0,False,False,1
755,Транспорт,0.5772186342680691,False,False,1
756,Все категории,0.23316507916197848,False,False,-1
756,Здоровье,0.3536970696404037,False,False,-1
756,Маркетплейсы,0.1333838285978334,False,False,-1
756,Общественное питание,0.3631716110888603,False,False,1
756,Продовольствие,0.369581555599761,False,False,-1
756,Транспорт,0.38734632741047276,False,False,-1
757,Все категории,0.25509286869973447,False,False,-1
757,Здоровье,0.11706090488542428,False,False,1
757,Маркетплейсы,0.07387612688729292,False,False,-1
757,Общественное питание,0.48139925983552057,False,False,-1
757,Продовольствие,0.4403310926409766,False,False,-1
757,Транспорт,0.44408889164764664,False,False,-1
758,Все категории,0.8451001163580463,False,True,-1
758,Здоровье,0.6521975755769556,False,False,-1
758,Маркетплейсы,0.2109768672676452,False,False,-1
758,Общественное питание,0.24407912254075526,False,False,1
758,Продовольствие,0.6244545858921271,False,False,-1
758,Транспорт,0.055329859432851805,False,False,-1
760,Все категории,0.5317258640400071,False,False,-1
760,Здоровье,0.03882122260589116,False,False,-1
760,Маркетплейсы,0.9406181234360176,False,True,-1
760,Общественное питание,0.11941116571604843,False,False,-1
760,Продовольствие,0.3371891615304952,False,False,-1
760,Транспорт,0.11727894153893825,False,False,-1
761,Все категории,0.27980849105726957,False,False,-1
761,Здоровье,0.4761809019433555,False,False,-1
761,Маркетплейсы,0.7914010600125199,False,True,-1
761,Общественное питание,0.045869720227383615,False,False,1
761,Продовольствие,0.3501142316635469,False,False,-1
761,Транспорт,0.15426060059796565,False,False,-1
763,Все категории,0.15801544731499245,False,False,-1
763,Здоровье,0.0,False,False,1
763,Маркетплейсы,0.32968180489411447,False,False,-1
763,Общественное питание,0.0,False,False,1
763,Продовольствие,0.27813910212516046,False,False,-1
763,Транспорт,0.3402255519172628,False,False,-1
764,Все категории,0.16278951633945898,False,False,-1
764,Здоровье,0.1611566137544738,False,False,1
764,Маркетплейсы,0.4051473094914082,False,False,-1
764,Общественное питание,0.19646822533573383,False,False,-1
764,Продовольствие,0.19040248600690146,False,False,-1
764,Транспорт,0.17877748098038837,False,False,-1
765,Все категории,0.8828442851162398,False,True,-1
765,Здоровье,0.13203082078159684,False,False,-1
765,Маркетплейсы,0.1374375484982695,False,False,-1
765,Общественное питание,0.0,False,False,1
765,Продовольствие,1.038626508575089,True,True,-1
765,Транспорт,0.3074556419042022,False,False,-1
766,Все категории,0.5270659930334516,False,False,-1
766,Здоровье,0.29043386269572524,False,False,-1
766,Маркетплейсы,1.041005123418663,True,True,-1
766,Общественное питание,0.3469598711788229,False,False,1
766,Продовольствие,0.3332554808893968,False,False,-1
766,Транспорт,0.08484739954866016,False,False,-1
767,Все категории,0.6341091688003916,False,False,-1
767,Здоровье,0.3424172873289898,False,False,-1
767,Маркетплейсы,1.1303663736678669,True,True,-1
767,Общественное питание,0.3128787062668657,False,False,-1
767,Продовольствие,0.4988554831778107,False,False,-1
767,Транспорт,0.3499395246832439,False,False,-1
769,Все категории,0.09452712170232144,False,False,-1
769,Здоровье,0.17575058149801895,False,False,-1
769,Маркетплейсы,0.27448977317887735,False,False,-1
769,Общественное питание,0.09213878535569009,False,False,-1
769,Продовольствие,0.89547775958932,False,True,-1
769,Транспорт,0.5100102057568955,False,False,-1
770,Все категории,0.0,False,False,1
770,Здоровье,0.04759097900381021,False,False,1
770,Маркетплейсы,0.0,False,False,1
770,Общественное питание,0.3605854471854885,False,False,1
770,Продовольствие,0.0580465925387295,False,False,-1
770,Транспорт,0.1287665510183192,False,False,-1
771,Все категории,0.8532599456403925,False,True,-1
771,Здоровье,0.06651655141655616,False,False,-1
771,Маркетплейсы,1.065820318504497,True,True,-1
771,Общественное питание,0.19256326771029653,False,False,-1
771,Продовольствие,0.15077034115316357,False,False,-1
771,Транспорт,0.1868732455175607,False,False,-1
773,Все категории,0.47235016785903383,False,False,-1
773,Здоровье,0.43092692008361644,False,False,1
773,Маркетплейсы,0.48321207867864024,False,False,-1
773,Общественное питание,0.7553301828489717,False,True,-1
773,Продовольствие,0.7738160326449988,False,True,-1
773,Транспорт,0.40639151861654266,False,False,-1
774,Все категории,0.0,False,False,1
774,Здоровье,0.13582133264387572,False,False,1
774,Маркетплейсы,0.5923553768333547,False,False,-1
774,Общественное питание,0.7727245676106208,False,True,1
774,Продовольствие,0.4770860504557495,False,False,-1
774,Транспорт,0.0,False,False,1
775,Все категории,0.24159258691815544,False,False,-1
775,Здоровье,0.38025401161455685,False,False,-1
775,Маркетплейсы,0.6646385713571058,False,False,-1
775,Общественное питание,0.24073655593447651,False,False,-1
775,Продовольствие,0.258456820264677,False,False,-1
775,Транспорт,0.044952358493698594,False,False,-1
776,Все категории,0.91212174950169,False,True,-1
776,Здоровье,0.8656567600851364,False,True,-1
776,Маркетплейсы,0.4326544495122873,False,False,-1
776,Общественное питание,0.0,False,False,1
776,Продовольствие,1.093894774479863,True,True,-1
776,Транспорт,0.4112743575217389,False,False,-1
777,Все категории,0.2784240192030025,False,False,-1
777,Здоровье,0.5840331780476996,False,False,-1
777,Маркетплейсы,0.5918871171070392,False,False,-1
777,Общественное питание,0.06891339301547089,False,False,-1
777,Продовольствие,0.33984805790307915,False,False,-1
777,Транспорт,0.6642644025634199,False,False,-1
778,Все категории,0.26759569852157006,False,False,-1
778,Здоровье,0.8562654543639533,False,True,-1
778,Маркетплейсы,0.38038303186194417,False,False,-1
778,Общественное питание,0.026830956791646807,False,False,-1
778,Продовольствие,0.629680188922696,False,False,-1
778,Транспорт,0.4236252734821006,False,False,-1
779,Все категории,0.03568827621746179,False,False,-1
779,Здоровье,0.19805252968576492,False,False,-1
779,Маркетплейсы,0.2474989706925731,False,False,-1
779,Общественное питание,0.09691908830524973,False,False,1
779,Продовольствие,0.38230240775407437,False,False,-1
779,Транспорт,0.05018734154443191,False,False,-1
780,Все категории,0.6501890445829839,False,False,-1
780,Здоровье,0.3733256283400616,False,False,-1
780,Маркетплейсы,0.9035760546898501,False,True,-1
780,Общественное питание,0.33978346883830957,False,False,-1
780,Продовольствие,0.7320477739182895,False,True,-1
780,Транспорт,0.29239998516776977,False,False,-1
781,Все категории,0.40400802662539076,False,False,-1
781,Здоровье,0.22900557055586512,False,False,-1
781,Маркетплейсы,0.49990156154913434,False,False,-1
781,Общественное питание,0.3123410783313908,False,False,-1
781,Продовольствие,0.9380386018411213,False,True,-1
781,Транспорт,0.23096114957802377,False,False,1
782,Все категории,0.281275958638739,False,False,-1
782,Здоровье,0.3015335858931485,False,False,-1
782,Маркетплейсы,0.8209039953888242,False,True,-1
782,Общественное питание,0.6021668136763092,False,False,-1
782,Продовольствие,0.40080510476696574,False,False,-1
782,Транспорт,0.03309199364862214,False,False,-1
783,Все категории,0.0,False,False,1
783,Здоровье,0.4560548911931297,False,False,-1
783,Маркетплейсы,0.8127165615301901,False,True,-1
783,Общественное питание,0.37218292009210485,False,False,-1
783,Продовольствие,0.19163556636033557,False,False,-1
783,Транспорт,0.46255299199536304,False,False,-1
784,Все категории,0.40776472905303535,False,False,-1
784,Здоровье,0.12071380335717688,False,False,-1
784,Маркетплейсы,0.7039525017910272,False,True,-1
784,Общественное питание,0.7000333241219977,False,True,-1
784,Продовольствие,0.5079593212083061,False,False,-1
784,Транспорт,0.2587551765012992,False,False,-1
785,Все категории,0.3828630905613633,False,False,-1
785,Здоровье,0.2616459728309835,False,False,-1
785,Маркетплейсы,0.5829126753069802,False,False,-1
785,Общественное питание,0.3407841288157987,False,False,-1
785,Продовольствие,0.38110836961361233,False,False,-1
785,Транспорт,0.0838858357189679,False,False,-1
787,Все категории,0.0,False,False,1
787,Здоровье,0.13998928041592615,False,False,-1
787,Маркетплейсы,0.1103898248054877,False,False,1
787,Общественное питание,0.0,False,False,1
787,Продовольствие,0.2995338914437968,False,False,-1
787,Транспорт,0.009987407293931314,False,False,-1
788,Все категории,0.456805117284116,False,False,-1
788,Здоровье,0.155037049714186,False,False,-1
788,Маркетплейсы,0.3210480657655995,False,False,-1
788,Общественное питание,0.0,False,False,1
788,Продовольствие,0.33748565572180633,False,False,-1
788,Транспорт,0.04987748891729503,False,False,1
789,Все категории,0.138623720512931,False,False,-1
789,Здоровье,0.37135865341378926,False,False,-1
789,Маркетплейсы,0.49950279801232256,False,False,-1
789,Общественное питание,0.13704751010883126,False,False,-1
789,Продовольствие,0.6712031785801176,False,False,-1
789,Транспорт,0.3000366644518918,False,False,-1
790,Все категории,0.4281631337917831,False,False,-1
790,Здоровье,0.37953971660879837,False,False,1
790,Маркетплейсы,0.7579135621064221,False,True,-1
790,Общественное питание,0.32509859350910125,False,False,1
790,Продовольствие,0.43663096505629156,False,False,-1
790,Транспорт,0.04501912922674094,False,False,1
791,Все категории,0.5092572991034162,False,False,-1
791,Здоровье,0.28923819196560907,False,False,-1
791,Маркетплейсы,0.45125237940986906,False,False,-1
791,Общественное питание,0.05261217976247025,False,False,-1
791,Продовольствие,1.0428525802149202,True,True,-1
791,Транспорт,0.12460871906553914,False,False,-1
792,Все категории,0.39969142509113165,False,False,-1
792,Здоровье,0.9059398125096582,False,True,-1
792,Маркетплейсы,0.21199965460245335,False,False,-1
792,Общественное питание,0.1996485787196089,False,False,1
792,Продовольствие,0.5175024905812159,False,False,-1
792,Транспорт,0.22658454567706587,False,False,-1
793,Все категории,0.6518565376637824,False,False,-1
793,Здоровье,0.29728656856845,False,False,-1
793,Маркетплейсы,0.6720551998867904,False,False,-1
793,Общественное питание,0.07895160946179997,False,False,-1
793,Продовольствие,1.1318307410410204,True,True,-1
793,Транспорт,0.09989620242002728,False,False,-1
794,Все категории,0.9076882330190272,False,True,-1
794,Здоровье,0.9924236704757383,False,True,-1
794,Маркетплейсы,0.9512073350403403,False,True,-1
794,Общественное питание,0.5190466211384848,False,False,-1
794,Продовольствие,0.791957958809784,False,True,-1
794,Транспорт,0.7097428919775173,False,True,-1
795,Все категории,0.16459748862868462,False,False,-1
795,Здоровье,0.14008491220445585,False,False,-1
795,Маркетплейсы,0.8438565414671914,False,True,-1
795,Общественное питание,0.08134911329408082,False,False,-1
795,Продовольствие,0.3832457362486209,False,False,-1
795,Транспорт,0.29183082224650836,False,False,-1
796,Все категории,0.4114227082901913,False,False,-1
796,Здоровье,0.39267297794422473,False,False,-1
796,Маркетплейсы,0.24960049943304546,False,False,-1
796,Общественное питание,0.06803810057441939,False,False,1
796,Продовольствие,0.7267538614367444,False,True,-1
796,Транспорт,0.14060542163278328,False,False,-1
797,Все категории,0.006506712529792624,False,False,-1
797,Здоровье,0.23125983956591623,False,False,-1
797,Маркетплейсы,0.0,False,False,1
797,Общественное питание,0.03280009078630383,False,False,1
797,Продовольствие,0.2894537873183376,False,False,-1
797,Транспорт,0.0,False,False,1
798,Все категории,0.12588729822203013,False,False,-1
798,Здоровье,0.45392648128758095,False,False,1
798,Маркетплейсы,0.6664829074463056,False,False,-1
798,Общественное питание,0.2981299643918894,False,False,-1
798,Продовольствие,0.7998901693142451,False,True,-1
798,Транспорт,0.0,False,False,1
799,Все категории,0.023023992260276113,False,False,-1
799,Здоровье,0.14032511963874875,False,False,-1
799,Маркетплейсы,0.9114518258394413,False,True,-1
799,Общественное питание,0.3029135118491477,False,False,1
799,Продовольствие,0.20589155997064068,False,False,-1
799,Транспорт,0.10984235342059898,False,False,-1
800,Все категории,0.2073893667461703,False,False,-1
800,Здоровье,0.06897678041987101,False,False,1
800,Маркетплейсы,0.7722836054407323,False,True,-1
800,Общественное питание,0.0,False,False,1
800,Продовольствие,0.7271305600063697,False,True,-1
800,Транспорт,0.0,False,False,1
801,Все категории,0.22743876160272297,False,False,-1
801,Здоровье,0.20169365457011268,False,False,-1
801,Маркетплейсы,0.44130182560060693,False,False,-1
801,Общественное питание,0.5978654010147875,False,False,-1
801,Продовольствие,0.9693033002118217,False,True,-1
801,Транспорт,0.260542081140431,False,False,-1
802,Все категории,0.6387206408954375,False,False,-1
802,Здоровье,0.32948544319993944,False,False,-1
802,Маркетплейсы,0.4996911166857111,False,False,-1
802,Общественное питание,0.10545913462958603,False,False,-1
802,Продовольствие,0.1745007972493266,False,False,-1
802,Транспорт,0.16747714722874857,False,False,-1
803,Все категории,0.37095181436306457,False,False,-1
803,Здоровье,0.10946984684614841,False,False,-1
803,Маркетплейсы,0.7342397937237046,False,True,-1
803,Общественное питание,0.01855594495850428,False,False,1
803,Продовольствие,0.40443985933221704,False,False,-1
803,Транспорт,0.18846162085011609,False,False,-1
804,Все категории,0.589710422481968,False,False,-1
804,Здоровье,0.054108845634244535,False,False,-1
804,Маркетплейсы,0.34243120900635876,False,False,-1
804,Общественное питание,0.22603211068215534,False,False,-1
804,Продовольствие,0.28090169811246263,False,False,-1
804,Транспорт,0.5904730026454073,False,False,-1
805,Все категории,0.5296729667606999,False,False,-1
805,Здоровье,0.27897316079172496,False,False,-1
805,Маркетплейсы,0.3149949461521496,False,False,-1
805,Общественное питание,0.8082517747358479,False,True,-1
805,Продовольствие,0.5934915372800217,False,False,-1
805,Транспорт,0.2478479500602963,False,False,-1
806,Все категории,0.0,False,False,1
806,Здоровье,0.39917687654780776,False,False,-1
806,Маркетплейсы,0.09718933923157186,False,False,1
806,Общественное питание,0.07308598472221645,False,False,-1
806,Продовольствие,0.5940194973997521,False,False,-1
806,Транспорт,0.17617797862100434,False,False,-1
807,Все категории,0.34961769741204396,False,False,-1
807,Здоровье,0.09728174670598819,False,False,1
807,Маркетплейсы,0.11937128802648639,False,False,1
807,Общественное питание,0.1610545983437484,False,False,1
807,Продовольствие,0.0,False,False,1
807,Транспорт,0.0,False,False,1
808,Все категории,0.015347062406541448,False,False,1
808,Здоровье,0.39434179322004287,False,False,-1
808,Маркетплейсы,0.07536212672754877,False,False,-1
808,Общественное питание,0.5239987031349932,False,False,1
808,Продовольствие,0.4800756554563641,False,False,-1
808,Транспорт,0.8234218299141614,False,True,1
809,Все категории,0.3667726952935998,False,False,-1
809,Здоровье,0.08095916914311757,False,False,1
809,Маркетплейсы,0.9102617046712357,False,True,-1
809,Общественное питание,0.3050461833022077,False,False,-1
809,Продовольствие,0.5959509380485106,False,False,-1
809,Транспорт,0.13813894120566686,False,False,-1
810,Все категории,0.6796796173367565,False,False,-1
810,Здоровье,0.18302530993127977,False,False,-1
810,Маркетплейсы,0.6384882868339252,False,False,-1
810,Общественное питание,0.4587757243064955,False,False,-1
810,Продовольствие,0.5600789046701046,False,False,-1
810,Транспорт,0.22601826390128155,False,False,-1
811,Все категории,0.5154707901298318,False,False,-1
811,Здоровье,0.2151836925606988,False,False,-1
811,Маркетплейсы,0.25445631747462016,False,False,-1
811,Общественное питание,0.06283301000473979,False,False,-1
811,Продовольствие,0.7414997711846414,False,True,-1
811,Транспорт,0.04675539913106609,False,False,-1
812,Все категории,0.6245450383964355,False,False,-1
812,Здоровье,0.18470224161586293,False,False,-1
812,Маркетплейсы,1.0187840705553413,True,True,-1
812,Общественное питание,0.4713112414009888,False,False,-1
812,Продовольствие,0.7580407975807896,False,True,-1
812,Транспорт,0.26422768924049983,False,False,-1
813,Все категории,0.003322499464374462,False,False,-1
813,Здоровье,0.8964314005592686,False,True,-1
813,Маркетплейсы,0.8818727856433587,False,True,-1
813,Общественное питание,1.1154608222010818,True,True,-1
813,Продовольствие,0.9482544701346536,False,True,-1
813,Транспорт,0.3471860646081904,False,False,-1
814,Все категории,0.5364832426495463,False,False,-1
814,Здоровье,0.1537860038822164,False,False,1
814,Маркетплейсы,1.0812360830751455,True,True,-1
814,Общественное питание,0.25026436634506677,False,False,-1
814,Продовольствие,0.049510068604265364,False,False,-1
814,Транспорт,0.5064533463657828,False,False,-1
815,Все категории,0.5312374726037321,False,False,-1
815,Здоровье,0.32554974210690657,False,False,1
815,Маркетплейсы,0.6287660698553299,False,False,-1
815,Общественное питание,0.07684280773321997,False,False,-1
815,Продовольствие,0.7647119703838146,False,True,-1
815,Транспорт,0.0,False,False,1
817,Все категории,1.1110548357468122,True,True,-1
817,Здоровье,0.15214317761356463,False,False,-1
817,Маркетплейсы,1.2707913731649974,False,True,-1
817,Общественное питание,0.5365887008034531,False,False,-1
817,Продовольствие,0.6224607113613586,False,False,-1
817,Транспорт,0.622606003825429,False,False,-1
818,Все категории,0.5907632846642034,False,False,-1
818,Здоровье,0.10669945080006657,False,False,-1
818,Маркетплейсы,0.34156036664224265,False,False,-1
818,Общественное питание,0.7378580108746302,False,True,-1
818,Продовольствие,0.48039424198324876,False,False,-1
818,Транспорт,0.8776961334532881,False,True,-1
819,Все категории,0.7802045494631844,False,True,-1
819,Здоровье,0.25556617522508596,False,False,-1
819,Маркетплейсы,0.0,False,False,1
819,Общественное питание,0.4861686708734765,False,False,-1
819,Продовольствие,0.8020672339326351,False,True,-1
819,Транспорт,0.4131737091095402,False,False,-1
820,Все категории,0.5223730513848689,False,False,-1
820,Здоровье,0.04624775940004042,False,False,-1
820,Маркетплейсы,0.4583190716358998,False,False,-1
820,Общественное питание,0.4395928788105625,False,False,-1
820,Продовольствие,0.6429139426526491,False,False,-1
820,Транспорт,0.19456095872866375,False,False,-1
821,Все категории,0.6075286115110642,False,False,-1
821,Здоровье,0.057384635596246486,False,False,1
821,Маркетплейсы,0.2397984422026916,False,False,-1
821,Общественное питание,0.05059381462224383,False,False,1
821,Продовольствие,0.6061818694920242,False,False,-1
821,Транспорт,0.5019171848691933,False,False,-1
822,Все категории,0.5246967036777328,False,False,-1
822,Здоровье,0.0542005586472961,False,False,-1
822,Маркетплейсы,1.0806399651566003,True,True,-1
822,Общественное питание,0.2212505354803867,False,False,-1
822,Продовольствие,0.2858273134399071,False,False,-1
822,Транспорт,0.23668962328134746,False,False,-1
823,Все категории,0.5460176233343612,False,False,-1
823,Здоровье,0.3661187107792574,False,False,1
823,Маркетплейсы,0.963284566011537,False,True,-1
823,Общественное питание,0.10814442763586099,False,False,-1
823,Продовольствие,0.5763935664906229,False,False,-1
823,Транспорт,0.20493794546972655,False,False,-1
824,Все категории,0.48221051333967013,False,False,-1
824,Здоровье,0.04728500927823508,False,False,-1
824,Маркетплейсы,0.0,False,False,1
824,Общественное питание,0.561326163671781,False,False,-1
824,Продовольствие,0.7051518749469592,False,True,-1
824,Транспорт,0.02331420582446679,False,False,-1
825,Все категории,0.7039754275495371,False,True,-1
825,Здоровье,0.6740961894992548,False,False,-1
825,Маркетплейсы,0.5087713897534161,False,False,-1
825,Общественное питание,0.06599625084621075,False,False,1
825,Продовольствие,0.7456286930409416,False,True,-1
825,Транспорт,0.01943671615935688,False,False,-1
826,Все категории,0.13968393329439718,False,False,-1
826,Здоровье,0.21898126960119757,False,False,-1
826,Маркетплейсы,0.5611013196856336,False,False,-1
826,Общественное питание,0.23854015385912147,False,False,1
826,Продовольствие,0.6032940657587329,False,False,-1
826,Транспорт,0.633775825755499,False,False,1
827,Все категории,0.4352319866670405,False,False,-1
827,Здоровье,0.2612792465693709,False,False,-1
827,Маркетплейсы,0.6574604442755843,False,False,-1
827,Общественное питание,0.13230510000447426,False,False,-1
827,Продовольствие,0.7922335110625718,False,True,-1
827,Транспорт,0.002189573535025649,False,False,-1
828,Все категории,0.31359396557087077,False,False,-1
828,Здоровье,0.167213189854567,False,False,-1
828,Маркетплейсы,0.5611554860824552,False,False,-1
828,Общественное питание,0.18636199385496363,False,False,1
828,Продовольствие,0.6929235593314336,False,False,-1
828,Транспорт,0.16439679475538752,False,False,-1
829,Все категории,0.16439332254796551,False,False,-1
829,Здоровье,0.10589372043646139,False,False,1
829,Маркетплейсы,0.4126112656170191,False,False,-1
829,Общественное питание,0.11975466122225834,False,False,-1
829,Продовольствие,0.605646331187855,False,False,-1
829,Транспорт,0.15321531386196313,False,False,1
830,Все категории,0.3879462334719509,False,False,-1
830,Здоровье,0.16316065673124822,False,False,-1
830,Маркетплейсы,0.4544903794030599,False,False,-1
830,Общественное питание,0.1788487846340283,False,False,1
830,Продовольствие,0.6335488926176834,False,False,-1
830,Транспорт,0.261317516978693,False,False,-1
831,Все категории,0.7039776656705883,False,True,-1
831,Здоровье,0.055358076092938885,False,False,-1
831,Маркетплейсы,1.2833402236214109,True,True,-1
831,Общественное питание,0.0314766790804582,False,False,-1
831,Продовольствие,0.7828516373781205,False,True,-1
831,Транспорт,0.06375070857529841,False,False,1
832,Все категории,0.8428080194268573,False,True,-1
832,Здоровье,0.05289361522140494,False,False,-1
832,Маркетплейсы,1.0344111876828994,True,True,-1
832,Общественное питание,0.20540008792984954,False,False,-1
832,Продовольствие,0.6970654547725894,False,False,-1
832,Транспорт,0.18100064059140467,False,False,-1
833,Все категории,0.7721570529636499,False,True,-1
833,Здоровье,0.10432368714200618,False,False,1
833,Маркетплейсы,0.3943723327474259,False,False,-1
833,Общественное питание,0.37653386061438676,False,False,-1
833,Продовольствие,0.6858542027128888,False,False,-1
833,Транспорт,0.2221570621044957,False,False,1
834,Все категории,0.714432974650632,False,True,-1
834,Здоровье,0.6216535866722337,False,False,-1
834,Маркетплейсы,0.029727298565754776,False,False,-1
834,Общественное питание,0.03189549343078657,False,False,-1
834,Продовольствие,0.8042208542276984,False,True,-1
834,Транспорт,0.6330974104787894,False,False,-1
835,Все категории,0.2425891844358239,False,False,-1
835,Здоровье,0.5819323087110027,False,False,1
835,Маркетплейсы,0.5459883090228455,False,False,-1
835,Общественное питание,0.10882055931895451,False,False,1
835,Продовольствие,1.134099778858506,True,True,-1
835,Транспорт,0.10887806013794663,False,False,-1
836,Все категории,0.3889166925945353,False,False,-1
836,Здоровье,0.2027713319829229,False,False,-1
836,Маркетплейсы,0.5746384251273752,False,False,-1
836,Общественное питание,0.0,False,False,1
836,Продовольствие,0.5172839002036291,False,False,-1
836,Транспорт,0.007560870924819593,False,False,1
838,Все категории,0.30563431598205687,False,False,-1
838,Здоровье,0.28462865359560674,False,False,-1
838,Маркетплейсы,0.9220635380636468,False,True,-1
838,Общественное питание,0.0,False,False,1
838,Продовольствие,0.5613110906414978,False,False,-1
838,Транспорт,0.5443107722189168,False,False,-1
839,Все категории,0.44321535885035324,False,False,-1
839,Здоровье,0.2292922321718603,False,False,-1
839,Маркетплейсы,0.4163067279300926,False,False,-1
839,Общественное питание,0.2769743356751064,False,False,1
839,Продовольствие,0.6967543934601943,False,False,-1
839,Транспорт,0.051315990348015886,False,False,-1
840,Все категории,0.0,False,False,1
840,Здоровье,0.14018007091888793,False,False,1
840,Маркетплейсы,0.8584387256457234,False,True,-1
840,Общественное питание,0.22267187179714387,False,False,1
840,Продовольствие,0.3848828671454797,False,False,-1
840,Транспорт,0.9414809924966399,False,True,1
841,Все категории,0.6620446490594432,False,False,-1
841,Здоровье,0.023392160166643444,False,False,-1
841,Маркетплейсы,0.44822077852308806,False,False,-1
841,Общественное питание,0.3068790001556864,False,False,-1
841,Продовольствие,0.7228343099952106,False,True,-1
841,Транспорт,0.3560715789394403,False,False,-1
842,Все категории,0.15184441059317236,False,False,-1
842,Здоровье,0.14627912197201182,False,False,-1
842,Маркетплейсы,0.7456758978804139,False,True,-1
842,Общественное питание,0.010269885355534566,False,False,-1
842,Продовольствие,0.2765859290329349,False,False,-1
842,Транспорт,0.001158810830480736,False,False,-1
843,Все категории,0.31219778292140365,False,False,-1
843,Здоровье,0.18346017623932437,False,False,-1
843,Маркетплейсы,0.7759387563450617,False,True,-1
843,Общественное питание,0.033793542061221246,False,False,1
843,Продовольствие,0.3415639137174929,False,False,-1
843,Транспорт,0.0,False,False,1
844,Все категории,0.2429291698255613,False,False,-1
844,Здоровье,0.26590114903119355,False,False,-1
844,Маркетплейсы,0.07904052349780036,False,False,-1
844,Общественное питание,0.386549879626509,False,False,-1
844,Продовольствие,0.7758997655795397,False,True,-1
844,Транспорт,0.051076144463089126,False,False,-1
846,Все категории,0.002931720598684018,False,False,-1
846,Здоровье,0.20382791429898972,False,False,-1
846,Маркетплейсы,0.7000419541049522,False,True,-1
846,Общественное питание,0.1974525478344814,False,False,-1
846,Продовольствие,0.2704072555464575,False,False,-1
846,Транспорт,0.13238639290617304,False,False,-1
847,Все категории,0.20256703898637962,False,False,-1
847,Здоровье,0.14892892560042822,False,False,-1
847,Маркетплейсы,0.014503528202461105,False,False,-1
847,Общественное питание,0.27202195407942664,False,False,1
847,Продовольствие,0.6044129206192981,False,False,-1
847,Транспорт,0.19479658063687116,False,False,1
848,Все категории,0.15667691742443968,False,False,-1
848,Здоровье,0.13399934682413478,False,False,-1
848,Маркетплейсы,0.7514893145881911,False,True,-1
848,Общественное питание,0.20735756558501584,False,False,1
848,Продовольствие,0.35084153821060615,False,False,-1
848,Транспорт,0.7557761055694917,False,True,-1
849,Все категории,0.04104642069029994,False,False,1
849,Здоровье,0.0,False,False,1
849,Маркетплейсы,0.28800631843489877,False,False,-1
849,Общественное питание,0.6517756998755767,False,False,1
849,Продовольствие,0.6837546623203157,False,False,-1
849,Транспорт,0.42588477385429224,False,False,1
850,Все категории,0.0,False,False,0
850,Здоровье,0.0,False,False,0
850,Маркетплейсы,0.0,False,False,0
850,Общественное питание,0.0,False,False,0
850,Продовольствие,0.0,False,False,0
850,Транспорт,0.0,False,False,0
851,Все категории,0.17211396702090465,False,False,-1
851,Здоровье,0.13193289500379324,False,False,-1
851,Маркетплейсы,0.7598239119728105,False,True,-1
851,Общественное питание,0.13478314665148805,False,False,-1
851,Продовольствие,0.17704730388297246,False,False,-1
851,Транспорт,0.09659832823715198,False,False,-1
852,Все категории,0.03120700309960256,False,False,-1
852,Здоровье,0.022663404240856527,False,False,-1
852,Маркетплейсы,0.7376261523892433,False,True,-1
852,Общественное питание,0.14774552314241862,False,False,1
852,Продовольствие,0.0,False,False,1
852,Транспорт,0.19730606244313542,False,False,1
853,Все категории,0.3036502951145042,False,False,1
853,Здоровье,0.18635178854198767,False,False,-1
853,Маркетплейсы,0.01407338317943535,False,False,1
853,Общественное питание,0.27452636261182295,False,False,1
853,Продовольствие,0.06673508394407751,False,False,-1
853,Транспорт,0.0004246267533311171,False,False,-1
854,Все категории,0.07850188040000397,False,False,-1
854,Здоровье,0.0,False,False,1
854,Маркетплейсы,0.8183198760115753,False,True,-1
854,Общественное питание,0.16376717169411673,False,False,1
854,Продовольствие,0.09358369627407082,False,False,-1
854,Транспорт,0.20659951948416322,False,False,-1
855,Все категории,0.07373389016004894,False,False,-1
855,Здоровье,0.07256875702222351,False,False,1
855,Маркетплейсы,0.0,False,False,1
855,Общественное питание,0.17373582238869226,False,False,-1
855,Продовольствие,0.18764249549557954,False,False,1
855,Транспорт,0.03604008309506519,False,False,1
856,Все категории,0.08413520401209346,False,False,-1
856,Здоровье,0.2037361247587784,False,False,-1
856,Маркетплейсы,0.4835036813478768,False,False,-1
856,Общественное питание,0.09377589399201675,False,False,1
856,Продовольствие,0.26087618148024183,False,False,-1
856,Транспорт,0.1229937780202465,False,False,-1
857,Все категории,0.08216034643569814,False,False,-1
857,Здоровье,0.20155075045930948,False,False,-1
857,Маркетплейсы,0.5091964391775028,False,False,-1
857,Общественное питание,0.0,False,False,1
857,Продовольствие,0.12982209658018934,False,False,-1
857,Транспорт,0.2548851403791501,False,False,-1
858,Все категории,0.06142283857481047,False,False,1
858,Здоровье,0.6159281119142255,False,False,-1
858,Маркетплейсы,0.005808280942911484,False,False,-1
858,Общественное питание,0.32762332828412954,False,False,-1
858,Продовольствие,0.48971459994800215,False,False,1
858,Транспорт,0.06728850680692039,False,False,-1
859,Все категории,0.21014628155208237,False,False,-1
859,Здоровье,0.473960279406773,False,False,-1
859,Маркетплейсы,0.24412796462815833,False,False,-1
859,Общественное питание,0.15463484134009897,False,False,1
859,Продовольствие,0.840383832036568,False,True,-1
859,Транспорт,0.08861869086235613,False,False,-1
860,Все категории,0.17847680559968448,False,False,-1
860,Здоровье,0.6508231901460241,False,False,-1
860,Маркетплейсы,0.7179842663789981,False,True,-1
860,Общественное питание,0.29095427142000246,False,False,-1
860,Продовольствие,0.09683118352991016,False,False,-1
860,Транспорт,0.4430004333665343,False,False,-1
862,Все категории,0.0,False,False,0
862,Здоровье,0.0,False,False,0
862,Маркетплейсы,0.0,False,False,0
862,Общественное питание,0.0,False,False,0
862,Продовольствие,0.0,False,False,0
862,Транспорт,0.0,False,False,0
863,Все категории,0.0,False,False,0
863,Здоровье,0.0,False,False,0
863,Маркетплейсы,0.0,False,False,0
863,Общественное питание,0.0,False,False,0
863,Продовольствие,0.0,False,False,0
863,Транспорт,0.0,False,False,0
864,Все категории,0.0,False,False,0
864,Здоровье,0.0,False,False,0
864,Маркетплейсы,0.0,False,False,0
864,Общественное питание,0.0,False,False,0
864,Продовольствие,0.0,False,False,0
864,Транспорт,0.0,False,False,0
865,Все категории,0.0,False,False,0
865,Здоровье,0.0,False,False,0
865,Маркетплейсы,0.0,False,False,0
865,Общественное питание,0.0,False,False,0
865,Продовольствие,0.0,False,False,0
865,Транспорт,0.0,False,False,0
866,Все категории,0.0,False,False,0
866,Здоровье,0.0,False,False,0
866,Маркетплейсы,0.0,False,False,0
866,Общественное питание,0.0,False,False,0
866,Продовольствие,0.0,False,False,0
866,Транспорт,0.0,False,False,0
867,Все категории,0.0,False,False,0
867,Здоровье,0.0,False,False,0
867,Маркетплейсы,0.0,False,False,0
867,Общественное питание,0.0,False,False,0
867,Продовольствие,0.0,False,False,0
867,Транспорт,0.0,False,False,0
868,Все категории,0.0,False,False,0
868,Здоровье,0.0,False,False,0
868,Маркетплейсы,0.0,False,False,0
868,Общественное питание,0.0,False,False,0
868,Продовольствие,0.0,False,False,0
868,Транспорт,0.0,False,False,0
870,Все категории,0.9007393527059797,False,True,-1
870,Здоровье,0.32857231432350875,False,False,-1
870,Маркетплейсы,0.7080836741803898,False,True,-1
870,Общественное питание,0.1886702466786483,False,False,-1
870,Продовольствие,0.46334715479661504,False,False,-1
870,Транспорт,0.18675855541363245,False,False,-1
871,Все категории,0.21598787401438335,False,False,-1
871,Здоровье,0.012811068950646251,False,False,1
871,Маркетплейсы,0.554233208534925,False,False,-1
871,Общественное питание,0.13675319067110941,False,False,-1
871,Продовольствие,0.3364628848625215,False,False,-1
871,Транспорт,0.2634383192265989,False,False,-1
872,Все категории,0.6843099624235557,False,False,-1
872,Здоровье,0.48516286813373555,False,False,-1
872,Маркетплейсы,1.0410897093086846,True,True,-1
872,Общественное питание,0.4712476969385727,False,False,-1
872,Продовольствие,0.4512497074953391,False,False,-1
872,Транспорт,0.233380694704094,False,False,-1
873,Все категории,0.20104678476404475,False,False,1
873,Здоровье,0.02567457279263552,False,False,1
873,Маркетплейсы,0.558394800276892,False,False,-1
873,Общественное питание,0.10139568286078798,False,False,-1
873,Продовольствие,0.2585554450417167,False,False,1
873,Транспорт,0.26060237005096826,False,False,1
874,Все категории,0.2508476109175599,False,False,-1
874,Здоровье,0.45469266436289435,False,False,-1
874,Маркетплейсы,0.11609574241106338,False,False,-1
874,Общественное питание,0.0,False,False,1
874,Продовольствие,0.4717198520753335,False,False,-1
874,Транспорт,0.09259319276863281,False,False,-1
875,Все категории,0.8198941780671406,False,True,-1
875,Здоровье,0.04126745852163813,False,False,-1
875,Маркетплейсы,0.6522593392400696,False,False,-1
875,Общественное питание,0.12092263001338335,False,False,1
875,Продовольствие,0.6858338516796828,False,False,-1
875,Транспорт,0.3458050156401048,False,False,-1
876,Все категории,0.32949655498121655,False,False,-1
876,Здоровье,0.24233160894033529,False,False,-1
876,Маркетплейсы,0.043365561991073345,False,False,-1
876,Общественное питание,0.11507318158407709,False,False,1
876,Продовольствие,0.374846021949204,False,False,-1
876,Транспорт,0.6700074542298186,False,False,-1
877,Все категории,0.10547476300821262,False,False,-1
877,Здоровье,0.07092847864263971,False,False,-1
877,Маркетплейсы,0.41107392368265044,False,False,-1
877,Общественное питание,0.4311805218042921,False,False,1
877,Продовольствие,0.16219918218312812,False,False,-1
877,Транспорт,0.26113803808919767,False,False,-1
878,Все категории,0.5268800124310214,False,False,-1
878,Здоровье,0.3074931694929781,False,False,-1
878,Маркетплейсы,0.8798934962053429,False,True,-1
878,Общественное питание,0.0,False,False,1
878,Продовольствие,0.7660215159103871,False,True,-1
878,Транспорт,0.20773356381053304,False,False,-1
879,Все категории,0.38926114969246906,False,False,-1
879,Здоровье,0.3010411529812358,False,False,-1
879,Маркетплейсы,0.9357529786498977,False,True,-1
879,Общественное питание,0.37546811774820404,False,False,-1
879,Продовольствие,0.02350745722843653,False,False,1
879,Транспорт,0.8525133492949323,False,True,-1
880,Все категории,0.31378458090847644,False,False,-1
880,Здоровье,0.39770031761628427,False,False,1
880,Маркетплейсы,0.7936482189176569,False,True,-1
880,Общественное питание,0.044468235207308304,False,False,-1
880,Продовольствие,0.23127867887777198,False,False,1
880,Транспорт,0.02746282915588219,False,False,1
881,Все категории,0.5676677597914805,False,False,-1
881,Здоровье,0.1719080741042719,False,False,-1
881,Маркетплейсы,0.6534974642671192,False,False,-1
881,Общественное питание,0.6129875136294355,False,False,-1
881,Продовольствие,0.5936928948532522,False,False,-1
881,Транспорт,0.010085465590118706,False,False,1
882,Все категории,0.0,False,False,1
882,Здоровье,0.26886454245569247,False,False,-1
882,Маркетплейсы,0.7480716553995788,False,True,-1
882,Общественное питание,0.23458953321778475,False,False,-1
882,Продовольствие,0.12604489805566127,False,False,-1
882,Транспорт,0.2479157563111007,False,False,-1
883,Все категории,0.38250739035782033,False,False,-1
883,Здоровье,0.0,False,False,1
883,Маркетплейсы,0.7569409219073151,False,True,-1
883,Общественное питание,0.6222456180229655,False,False,1
883,Продовольствие,0.0,False,False,1
883,Транспорт,0.12618637403802074,False,False,-1
884,Все категории,0.10540813881054292,False,False,1
884,Здоровье,0.4519511086788316,False,False,1
884,Маркетплейсы,0.4558474360217969,False,False,-1
884,Общественное питание,0.4623209302978524,False,False,1
884,Продовольствие,0.4399948133258993,False,False,-1
884,Транспорт,0.2662057122258425,False,False,-1
885,Все категории,0.0,False,False,1
885,Здоровье,0.6031897873566037,False,False,-1
885,Маркетплейсы,0.6887186737608532,False,False,-1
885,Общественное питание,0.08460330391219678,False,False,-1
885,Продовольствие,0.4454318984855328,False,False,-1
885,Транспорт,0.05043849663109923,False,False,1
886,Все категории,0.34356914051584203,False,False,-1
886,Здоровье,0.11125055893251612,False,False,-1
886,Маркетплейсы,0.30172694732467487,False,False,-1
886,Общественное питание,0.0,False,False,1
886,Продовольствие,0.4587063868258108,False,False,-1
886,Транспорт,0.3729823134391752,False,False,-1
887,Все категории,0.0,False,False,0
887,Здоровье,0.0,False,False,0
887,Маркетплейсы,0.0,False,False,0
887,Общественное питание,0.0,False,False,0
887,Продовольствие,0.0,False,False,0
887,Транспорт,0.0,False,False,0
888,Все категории,0.0,False,False,1
888,Здоровье,0.037137311814631396,False,False,1
888,Маркетплейсы,0.07422466420085899,False,False,-1
888,Общественное питание,0.0,False,False,1
888,Продовольствие,0.04268499847730299,False,False,1
888,Транспорт,0.3619633312638134,False,False,-1
889,Все категории,0.0,False,False,1
889,Здоровье,0.05658457151089824,False,False,-1
889,Маркетплейсы,0.5387580839975499,False,False,-1
889,Общественное питание,0.15422167209075838,False,False,-1
889,Продовольствие,0.2543715364199377,False,False,1
889,Транспорт,0.0,False,False,1
890,Все категории,0.255177737656358,False,False,-1
890,Здоровье,0.2808470631682684,False,False,-1
890,Маркетплейсы,0.19561573583970032,False,False,-1
890,Общественное питание,0.22407645539489263,False,False,-1
890,Продовольствие,0.26396211941500625,False,False,-1
890,Транспорт,0.11511522529550369,False,False,-1
891,Все категории,0.2901229048789152,False,False,1
891,Здоровье,0.28923390764874723,False,False,1
891,Маркетплейсы,0.11344461918101481,False,False,1
891,Общественное питание,0.4113920235309625,False,False,-1
891,Продовольствие,0.177857485352686,False,False,1
891,Транспорт,0.46131662749268676,False,False,1
892,Все категории,0.1095584750622999,False,False,-1
892,Здоровье,0.05415222214311276,False,False,1
892,Маркетплейсы,0.7528533495952737,False,True,-1
892,Общественное питание,0.14588028247580423,False,False,-1
892,Продовольствие,0.14490854301785538,False,False,-1
892,Транспорт,0.14444070402736411,False,False,1
895,Все категории,0.3410767734090822,False,False,-1
895,Здоровье,0.33692136062553063,False,False,-1
895,Маркетплейсы,0.7206659650946363,False,True,-1
895,Общественное питание,0.0,False,False,1
895,Продовольствие,0.3575426644978707,False,False,-1
895,Транспорт,0.36233801036904434,False,False,1
896,Все категории,0.10507920112523986,False,False,-1
896,Здоровье,0.0023006475726822517,False,False,1
896,Маркетплейсы,0.9381637022293434,False,True,-1
896,Общественное питание,0.3373985514487985,False,False,-1
896,Продовольствие,0.23693942782965288,False,False,-1
896,Транспорт,0.014527660424827976,False,False,-1
897,Все категории,0.6762737025537224,False,False,-1
897,Здоровье,0.0034233918423505205,False,False,1
897,Маркетплейсы,0.08414560282637545,False,False,-1
897,Общественное питание,0.4197185867474403,False,False,-1
897,Продовольствие,0.6745101916687976,False,False,-1
897,Транспорт,0.035824445435248126,False,False,-1
898,Все категории,0.14340378144713994,False,False,-1
898,Здоровье,0.19506231818048958,False,False,-1
898,Маркетплейсы,0.42647312179331365,False,False,-1
898,Общественное питание,0.20181045310016366,False,False,1
898,Продовольствие,0.30518839971235373,False,False,-1
898,Транспорт,0.021002864636661553,False,False,-1
899,Все категории,0.28630804350319294,False,False,1
899,Здоровье,0.38887681924725487,False,False,-1
899,Маркетплейсы,0.531481462601348,False,False,-1
899,Общественное питание,0.19388144410902103,False,False,-1
899,Продовольствие,0.12056572920060199,False,False,1
899,Транспорт,0.014600679714459885,False,False,1
900,Все категории,0.1446778319337436,False,False,-1
900,Здоровье,0.12675593504238164,False,False,-1
900,Маркетплейсы,0.6385261932354235,False,False,-1
900,Общественное питание,0.1830176540078632,False,False,1
900,Продовольствие,1.0175426162420147,True,True,-1
900,Транспорт,0.06678268246636074,False,False,-1
901,Все категории,0.2454597043496572,False,False,-1
901,Здоровье,0.6381749798336985,False,False,-1
901,Маркетплейсы,0.9766428985042173,False,True,-1
901,Общественное питание,0.0008952058216149111,False,False,1
901,Продовольствие,0.6227309427330265,False,False,-1
901,Транспорт,0.06710510879682322,False,False,-1
902,Все категории,0.17005850554210478,False,False,-1
902,Здоровье,0.38828383567892727,False,False,1
902,Маркетплейсы,0.7110693248806028,False,True,-1
902,Общественное питание,0.23592105257003215,False,False,-1
902,Продовольствие,0.13544266512956646,False,False,-1
902,Транспорт,0.2080232185950704,False,False,-1
903,Все категории,0.3418567912862465,False,False,-1
903,Здоровье,0.0780501499091526,False,False,-1
903,Маркетплейсы,0.0,False,False,1
903,Общественное питание,0.0,False,False,1
903,Продовольствие,0.3164336322807517,False,False,-1
903,Транспорт,0.09664228178183104,False,False,1
904,Все категории,0.6150200464294262,False,False,-1
904,Здоровье,0.23566200857871605,False,False,-1
904,Маркетплейсы,0.6907377855644345,False,False,-1
904,Общественное питание,0.15569544577373956,False,False,-1
904,Продовольствие,0.4716152067073578,False,False,-1
904,Транспорт,0.2151041098000548,False,False,-1
905,Все категории,0.49327525532040306,False,False,-1
905,Здоровье,0.204662136499343,False,False,-1
905,Маркетплейсы,0.27882863275195063,False,False,-1
905,Общественное питание,0.12255427567357402,False,False,-1
905,Продовольствие,0.272941554333376,False,False,-1
905,Транспорт,0.04008333864210768,False,False,1
907,Все категории,0.879051342927915,False,True,-1
907,Здоровье,0.16790761714469415,False,False,-1
907,Маркетплейсы,1.4686390041945205,True,True,-1
907,Общественное питание,0.3168024569691011,False,False,1
907,Продовольствие,0.2673342968789582,False,False,-1
907,Транспорт,0.16499355068303895,False,False,-1
908,Все категории,0.14154206535419414,False,False,-1
908,Здоровье,0.0930559046667711,False,False,-1
908,Маркетплейсы,0.17685529349577292,False,False,-1
908,Общественное питание,0.3531742029393472,False,False,-1
908,Продовольствие,0.1788469560328692,False,False,-1
908,Транспорт,0.23627574168104393,False,False,-1
909,Все категории,0.38759197207799906,False,False,-1
909,Здоровье,0.26320978913936904,False,False,-1
909,Маркетплейсы,0.5481187507713944,False,False,-1
909,Общественное питание,0.10757186830755636,False,False,-1
909,Продовольствие,0.0,False,False,1
909,Транспорт,0.00975563592230258,False,False,-1
910,Все категории,0.0,False,False,0
910,Здоровье,0.0,False,False,0
910,Маркетплейсы,0.0,False,False,0
910,Общественное питание,0.0,False,False,0
910,Продовольствие,0.0,False,False,0
910,Транспорт,0.0,False,False,0
911,Все категории,0.5635757698799014,False,False,-1
911,Здоровье,0.03862885625513576,False,False,-1
911,Маркетплейсы,0.053618540266987744,False,False,-1
911,Общественное питание,0.7671326661846036,False,True,-1
911,Продовольствие,0.15366361486560012,False,False,-1
911,Транспорт,0.6149909675420928,False,False,-1
912,Все категории,0.27612930124277285,False,False,-1
912,Здоровье,0.28162675724425956,False,False,-1
912,Маркетплейсы,0.28216466416833075,False,False,-1
912,Общественное питание,0.1028080827622988,False,False,-1
912,Продовольствие,0.8227346557567378,False,True,-1
912,Транспорт,0.4282411039927951,False,False,-1
913,Все категории,0.5598585484232652,False,False,-1
913,Здоровье,0.008262683580521193,False,False,-1
913,Маркетплейсы,0.07201247191602717,False,False,-1
913,Общественное питание,0.8913429082897456,False,True,-1
913,Продовольствие,0.947386638490542,False,True,-1
913,Транспорт,0.04050765306963214,False,False,-1
914,Все категории,0.0,False,False,1
914,Здоровье,0.1683086333790447,False,False,-1
914,Маркетплейсы,0.5912745234677712,False,False,-1
914,Общественное питание,0.10130698668574795,False,False,-1
914,Продовольствие,0.2832827695134964,False,False,-1
914,Транспорт,0.05256578515731146,False,False,-1
915,Все категории,0.06321637469635577,False,False,-1
915,Здоровье,0.8880694563232838,False,True,-1
915,Маркетплейсы,0.41529190067326194,False,False,-1
915,Общественное питание,0.5880132585348095,False,False,1
915,Продовольствие,0.5992954660641372,False,False,-1
915,Транспорт,0.006809276395910641,False,False,-1
916,Все категории,0.11161432103787888,False,False,1
916,Здоровье,0.21942564226906347,False,False,-1
916,Маркетплейсы,0.37294655897599943,False,False,1
916,Общественное питание,0.24313784969257185,False,False,-1
916,Продовольствие,0.09308145197612785,False,False,-1
916,Транспорт,0.15785704352686253,False,False,-1
917,Все категории,0.0,False,False,1
917,Здоровье,0.22900635257488466,False,False,-1
917,Маркетплейсы,0.8689783891632833,False,True,-1
917,Общественное питание,0.0,False,False,1
917,Продовольствие,0.0,False,False,1
917,Транспорт,0.024267237702507022,False,False,-1
918,Все категории,0.2553096148038978,False,False,-1
918,Здоровье,0.08443750920906878,False,False,-1
918,Маркетплейсы,0.28040479601781465,False,False,-1
918,Общественное питание,0.19074027870218446,False,False,-1
918,Продовольствие,0.7674461686893421,False,True,-1
918,Транспорт,0.12389883812019314,False,False,-1
920,Все категории,0.48998236867481215,False,False,-1
920,Здоровье,0.15903265216124438,False,False,-1
920,Маркетплейсы,0.4746848474046861,False,False,-1
920,Общественное питание,0.11499174517201069,False,False,-1
920,Продовольствие,0.9570512750932607,False,True,-1
920,Транспорт,0.016110176787950833,False,False,-1
921,Все категории,0.0,False,False,0
921,Здоровье,0.0,False,False,0
921,Маркетплейсы,0.0,False,False,0
921,Общественное питание,0.0,False,False,0
921,Продовольствие,0.0,False,False,0
921,Транспорт,0.0,False,False,0
922,Все категории,0.4715761685197052,False,False,-1
922,Здоровье,0.2518980207864866,False,False,-1
922,Маркетплейсы,0.34683616732225464,False,False,-1
922,Общественное питание,0.3521006224331574,False,False,-1
922,Продовольствие,0.9455054618317968,False,True,-1
922,Транспорт,0.03556553736664343,False,False,-1
923,Все категории,0.1709515970461312,False,False,-1
923,Здоровье,0.10542976780151792,False,False,-1
923,Маркетплейсы,0.20601972374713878,False,False,-1
923,Общественное питание,0.44222871525838225,False,False,1
923,Продовольствие,0.23858529987735105,False,False,-1
923,Транспорт,0.19889627698847884,False,False,1
924,Все категории,0.7978102163652486,False,True,-1
924,Здоровье,0.20948263872528766,False,False,-1
924,Маркетплейсы,0.45537471392930007,False,False,-1
924,Общественное питание,0.343138338340721,False,False,1
924,Продовольствие,0.7036853446191835,False,True,-1
924,Транспорт,0.14239934932498438,False,False,-1
925,Все категории,0.5011872629287226,False,False,-1
925,Здоровье,0.14790761537512656,False,False,-1
925,Маркетплейсы,0.5430103944377782,False,False,-1
925,Общественное питание,0.1563277738901538,False,False,-1
925,Продовольствие,0.9563874705304649,False,True,-1
925,Транспорт,0.0,False,False,1
926,Все категории,0.06205859322080018,False,False,-1
926,Здоровье,0.22050829733796184,False,False,-1
926,Маркетплейсы,0.43890594409071904,False,False,-1
926,Общественное питание,0.6074885685255553,False,False,1
926,Продовольствие,0.37326506779645435,False,False,-1
926,Транспорт,0.3885390565152528,False,False,1
927,Все категории,0.9063207170119397,False,True,-1
927,Здоровье,0.13673156857648,False,False,1
927,Маркетплейсы,0.3212610676919685,False,False,-1
927,Общественное питание,0.14809418811078728,False,False,-1
927,Продовольствие,0.022799599942081694,False,False,-1
927,Транспорт,0.022512679279075756,False,False,1
928,Все категории,0.4680151363217704,False,False,-1
928,Здоровье,0.5513758728609686,False,False,-1
928,Маркетплейсы,0.7647486283858778,False,True,-1
928,Общественное питание,0.0,False,False,1
928,Продовольствие,0.5524809410917972,False,False,-1
928,Транспорт,0.2873096025551064,False,False,-1
929,Все категории,0.10608076601472069,False,False,-1
929,Здоровье,0.34719949128856675,False,False,-1
929,Маркетплейсы,0.6871357431178619,False,False,-1
929,Общественное питание,0.4641289465061589,False,False,1
929,Продовольствие,0.5682319041917875,False,False,-1
929,Транспорт,0.35107345453791433,False,False,-1
930,Все категории,0.6376875049268403,False,False,-1
930,Здоровье,0.32271824997140325,False,False,1
930,Маркетплейсы,0.8281469577637435,False,True,-1
930,Общественное питание,0.2164882485984797,False,False,-1
930,Продовольствие,0.6176391795487136,False,False,-1
930,Транспорт,0.6015772942691764,False,False,1
986,Все категории,0.24741500126360222,False,False,-1
986,Здоровье,0.10302582646299627,False,False,-1
986,Маркетплейсы,0.4880778106511545,False,False,-1
986,Общественное питание,0.5087642633734638,False,False,-1
986,Продовольствие,0.3909814924714836,False,False,-1
986,Транспорт,0.1851568811075476,False,False,-1
987,Все категории,0.18181688744349456,False,False,-1
987,Здоровье,0.34530278847317475,False,False,-1
987,Маркетплейсы,0.9470629310328591,False,True,-1
987,Общественное питание,0.0,False,False,1
987,Продовольствие,0.3407676946369303,False,False,-1
987,Транспорт,0.08690856580781128,False,False,1
988,Все категории,0.3944690588652353,False,False,-1
988,Здоровье,0.2405236228158505,False,False,-1
988,Маркетплейсы,0.08410388192560952,False,False,-1
988,Общественное питание,0.12232511397013496,False,False,-1
988,Продовольствие,0.6396802281815169,False,False,-1
988,Транспорт,0.6199983955651651,False,False,-1
989,Все категории,0.269055097654581,False,False,-1
989,Здоровье,0.2381780067957952,False,False,-1
989,Маркетплейсы,0.0,False,False,1
989,Общественное питание,0.1319977476628645,False,False,-1
989,Продовольствие,0.4671541203854046,False,False,-1
989,Транспорт,0.030389384337574432,False,False,-1
991,Все категории,0.42903486589718487,False,False,-1
991,Здоровье,0.2940449919226411,False,False,-1
991,Маркетплейсы,0.025577465979038122,False,False,-1
991,Общественное питание,0.0746724355787313,False,False,-1
991,Продовольствие,0.5898798656247233,False,False,-1
991,Транспорт,0.0,False,False,1
992,Все категории,0.9779967243671626,False,True,-1
992,Здоровье,0.4453419297727904,False,False,-1
992,Маркетплейсы,0.12848685118622472,False,False,-1
992,Общественное питание,0.3506088728780882,False,False,-1
992,Продовольствие,0.0,False,False,1
992,Транспорт,0.13761435910386405,False,False,-1
993,Все категории,0.45569857005798575,False,False,-1
993,Здоровье,0.6936343381095147,False,False,-1
993,Маркетплейсы,0.37686965346006496,False,False,-1
993,Общественное питание,0.29340156391377614,False,False,-1
993,Продовольствие,0.7769900446770966,False,True,-1
993,Транспорт,0.19911519293008162,False,False,-1
994,Все категории,0.9983169029548904,False,True,-1
994,Здоровье,0.3140262925285408,False,False,-1
994,Маркетплейсы,0.6458532506043979,False,False,-1
994,Общественное питание,0.2178138152011861,False,False,-1
994,Продовольствие,0.14737373487807548,False,False,-1
994,Транспорт,0.19227615849747337,False,False,-1
995,Все категории,0.0,False,False,1
995,Здоровье,0.07786862244611614,False,False,-1
995,Маркетплейсы,0.19854032619975792,False,False,-1
995,Общественное питание,0.027795923759488098,False,False,1
995,Продовольствие,0.4418220730224097,False,False,-1
995,Транспорт,0.3078816951755913,False,False,1
996,Все категории,0.0,False,False,1
996,Здоровье,0.23903363384198612,False,False,-1
996,Маркетплейсы,0.6729702732295717,False,False,-1
996,Общественное питание,0.09191314449021087,False,False,-1
996,Продовольствие,0.3218397691552235,False,False,-1
996,Транспорт,0.23268334043294775,False,False,1
997,Все категории,0.0,False,False,0
997,Здоровье,0.0,False,False,0
997,Маркетплейсы,0.0,False,False,0
997,Общественное питание,0.0,False,False,0
997,Продовольствие,0.0,False,False,0
997,Транспорт,0.0,False,False,0
998,Все категории,0.7383515234895943,False,True,-1
998,Здоровье,0.8046568368969792,False,True,-1
998,Маркетплейсы,0.03090547669678191,False,False,-1
998,Общественное питание,0.4124019512392913,False,False,-1
998,Продовольствие,0.4245945949306403,False,False,-1
998,Транспорт,0.4032383061151104,False,False,-1
999,Все категории,0.360688843366347,False,False,-1
999,Здоровье,0.1462604860981838,False,False,1
999,Маркетплейсы,0.49782915602837086,False,False,-1
999,Общественное питание,0.382555858030997,False,False,1
999,Продовольствие,0.9234955575760639,False,True,-1
999,Транспорт,0.04817102610324192,False,False,-1
1001,Все категории,0.1012158607931764,False,False,-1
1001,Здоровье,0.49434158520532545,False,False,-1
1001,Маркетплейсы,0.6890203419837657,False,False,-1
1001,Общественное питание,0.0,False,False,1
1001,Продовольствие,0.33979025587894385,False,False,-1
1001,Транспорт,0.13756808816283625,False,False,-1
1002,Все категории,0.1480981342769635,False,False,-1
1002,Здоровье,0.2692101420636327,False,False,-1
1002,Маркетплейсы,0.757340003097886,False,True,-1
1002,Общественное питание,0.0,False,False,1
1002,Продовольствие,0.1616202053368265,False,False,-1
1002,Транспорт,0.6465582799392697,False,False,-1
1003,Все категории,0.21502434209841043,False,False,1
1003,Здоровье,0.4751875836150974,False,False,1
1003,Маркетплейсы,0.6612269778125279,False,False,-1
1003,Общественное питание,0.6260608984676985,False,False,1
1003,Продовольствие,0.05848522304677575,False,False,1
1003,Транспорт,0.10600806653873371,False,False,-1
1004,Все категории,0.18735292001813,False,False,-1
1004,Здоровье,0.0,False,False,1
1004,Маркетплейсы,0.6312222236734566,False,False,-1
1004,Общественное питание,0.37264443607861764,False,False,1
1004,Продовольствие,0.6084626125250484,False,False,-1
1004,Транспорт,0.19804950192466447,False,False,1
1005,Все категории,0.12950522101252893,False,False,-1
1005,Здоровье,0.26172022322300587,False,False,-1
1005,Маркетплейсы,0.0021872199212734367,False,False,-1
1005,Общественное питание,0.1403338946947924,False,False,-1
1005,Продовольствие,0.4066885935894746,False,False,-1
1005,Транспорт,0.20327172671761717,False,False,1
1006,Все категории,0.44309994780248907,False,False,-1
1006,Здоровье,0.11746395198103679,False,False,-1
1006,Маркетплейсы,0.39252969646052216,False,False,-1
1006,Общественное питание,0.6244320166889421,False,False,-1
1006,Продовольствие,0.700394140931519,False,True,-1
1006,Транспорт,0.22205648969523256,False,False,-1
1007,Все категории,0.47394594578032767,False,False,-1
1007,Здоровье,0.011631619920660238,False,False,-1
1007,Маркетплейсы,0.5208340277171489,False,False,-1
1007,Общественное питание,0.34092598580238376,False,False,-1
1007,Продовольствие,0.7415781557652676,False,True,-1
1007,Транспорт,0.2649546231821349,False,False,-1
1008,Все категории,0.4043175973029192,False,False,-1
1008,Здоровье,0.0,False,False,1
1008,Маркетплейсы,0.2115319173220359,False,False,-1
1008,Общественное питание,0.19117141678558336,False,False,-1
1008,Продовольствие,0.8709897387801597,False,True,-1
1008,Транспорт,0.24903869557964764,False,False,-1
1009,Все категории,0.43838975472598596,False,False,-1
1009,Здоровье,0.049770458777105994,False,False,-1
1009,Маркетплейсы,0.1883072850784977,False,False,-1
1009,Общественное питание,0.13713215519084568,False,False,-1
1009,Продовольствие,0.704823857172518,False,True,-1
1009,Транспорт,0.052685136993542075,False,False,-1
1010,Все категории,0.17696256903374155,False,False,-1
1010,Здоровье,0.20228949183854883,False,False,-1
1010,Маркетплейсы,0.05519723780829555,False,False,-1
1010,Общественное питание,0.09878466967829497,False,False,-1
1010,Продовольствие,0.4395998060890589,False,False,-1
1010,Транспорт,0.0,False,False,1
1011,Все категории,0.24577070059523493,False,False,-1
1011,Здоровье,0.5292289316880336,False,False,-1
1011,Маркетплейсы,0.48536233991971245,False,False,-1
1011,Общественное питание,0.3804783174762282,False,False,-1
1011,Продовольствие,0.9320260887989081,False,True,-1
1011,Транспорт,0.012588926329313521,False,False,1
1012,Все категории,0.19594867627702028,False,False,-1
1012,Здоровье,1.100848201261778,True,True,-1
1012,Маркетплейсы,0.4583532566888371,False,False,-1
1012,Общественное питание,0.161727159424442,False,False,1
1012,Продовольствие,0.5655677524885423,False,False,-1
1012,Транспорт,0.0,False,False,1
1013,Все категории,0.3000979508358413,False,False,-1
1013,Здоровье,0.004232782039995511,False,False,-1
1013,Маркетплейсы,0.43149952591631147,False,False,-1
1013,Общественное питание,0.29038049639039465,False,False,1
1013,Продовольствие,0.3172179120978891,False,False,-1
1013,Транспорт,0.0,False,False,1
1014,Все категории,0.018802327608103298,False,False,-1
1014,Здоровье,0.7441418102845665,False,True,-1
1014,Маркетплейсы,0.9181523622050483,False,True,-1
1014,Общественное питание,0.48642815138433426,False,False,1
1014,Продовольствие,0.5309400576732742,False,False,-1
1014,Транспорт,0.5606731552902003,False,False,1
1015,Все категории,0.17401542040239532,False,False,1
1015,Здоровье,0.0,False,False,1
1015,Маркетплейсы,0.4081604325358009,False,False,-1
1015,Общественное питание,0.13183880464308753,False,False,1
1015,Продовольствие,0.0,False,False,1
1015,Транспорт,0.555123614809455,False,False,1
1016,Все категории,0.22136062858060424,False,False,-1
1016,Здоровье,0.2675707383831008,False,False,-1
1016,Маркетплейсы,0.7387731810260734,False,True,-1
1016,Общественное питание,0.024164079590773352,False,False,-1
1016,Продовольствие,0.5856947816160353,False,False,-1
1016,Транспорт,0.40261187130216364,False,False,-1
1017,Все категории,0.06319307745342509,False,False,-1
1017,Здоровье,0.006814168152453642,False,False,1
1017,Маркетплейсы,0.311874344295627,False,False,-1
1017,Общественное питание,0.0,False,False,1
1017,Продовольствие,0.3483208155924159,False,False,-1
1017,Транспорт,0.010511527091420392,False,False,-1
1018,Все категории,0.3584768995160694,False,False,-1
1018,Здоровье,0.17054008658743863,False,False,1
1018,Маркетплейсы,0.8235715803200496,False,True,-1
1018,Общественное питание,0.045587053714101766,False,False,1
1018,Продовольствие,0.9984018346938652,False,True,-1
1018,Транспорт,0.0,False,False,1
1019,Все категории,0.1715596940487603,False,False,-1
1019,Здоровье,0.619925409351327,False,False,-1
1019,Маркетплейсы,0.930138423425316,False,True,-1
1019,Общественное питание,0.011728748379971302,False,False,-1
1019,Продовольствие,0.470304862133719,False,False,-1
1019,Транспорт,0.1510766429401994,False,False,-1
1020,Все категории,0.22292797096125871,False,False,-1
1020,Здоровье,0.2952929667542211,False,False,-1
1020,Маркетплейсы,0.06475517744515846,False,False,-1
1020,Общественное питание,0.04936867345237865,False,False,1
1020,Продовольствие,0.6148097738224159,False,False,-1
1020,Транспорт,0.13586978405441652,False,False,-1
1021,Все категории,0.19536842932179005,False,False,-1
1021,Здоровье,0.0,False,False,1
1021,Маркетплейсы,0.2800076411651238,False,False,-1
1021,Общественное питание,0.7894919574229529,False,True,1
1021,Продовольствие,0.5088000949335129,False,False,-1
1021,Транспорт,0.09145947190038461,False,False,-1
1022,Все категории,0.0,False,False,0
1022,Здоровье,0.0,False,False,0
1022,Маркетплейсы,0.0,False,False,0
1022,Общественное питание,0.0,False,False,0
1022,Продовольствие,0.0,False,False,0
1022,Транспорт,0.0,False,False,0
1023,Все категории,0.12499366294246447,False,False,-1
1023,Здоровье,0.020862160772517138,False,False,-1
1023,Маркетплейсы,0.5819101672109109,False,False,-1
1023,Общественное питание,0.07638336437889043,False,False,-1
1023,Продовольствие,0.4254991298347333,False,False,-1
1023,Транспорт,0.04566169401248332,False,False,-1
1024,Все категории,0.9380970336989103,False,True,-1
1024,Здоровье,0.1995979235109503,False,False,-1
1024,Маркетплейсы,0.14660459532556597,False,False,-1
1024,Общественное питание,0.5713255401055404,False,False,1
1024,Продовольствие,0.6646244500051753,False,False,-1
1024,Транспорт,0.23520744259552584,False,False,-1
1025,Все категории,0.11860625032484096,False,False,-1
1025,Здоровье,0.2352493101414636,False,False,-1
1025,Маркетплейсы,0.7867330868502327,False,True,-1
1025,Общественное питание,0.43786319691267384,False,False,1
1025,Продовольствие,0.27587428087687493,False,False,-1
1025,Транспорт,0.0,False,False,1
1026,Все категории,0.11942177045226393,False,False,-1
1026,Здоровье,0.22359936163014593,False,False,1
1026,Маркетплейсы,0.6019290356156185,False,False,-1
1026,Общественное питание,0.0337510445210973,False,False,-1
1026,Продовольствие,0.20601280469202432,False,False,-1
1026,Транспорт,0.2270977010905766,False,False,-1
1027,Все категории,0.526889418367515,False,False,-1
1027,Здоровье,0.7491593873487606,False,True,-1
1027,Маркетплейсы,0.7345716012207626,False,True,-1
1027,Общественное питание,0.1755824923757231,False,False,-1
1027,Продовольствие,0.06812162189040571,False,False,-1
1027,Транспорт,0.0928413307778683,False,False,1
1028,Все категории,0.3780890269637291,False,False,1
1028,Здоровье,0.3655191295152893,False,False,-1
1028,Маркетплейсы,0.5770478130903464,False,False,-1
1028,Общественное питание,0.49887314900421154,False,False,-1
1028,Продовольствие,0.578519342831321,False,False,-1
1028,Транспорт,0.10117789011528316,False,False,1
1029,Все категории,0.5779096217623804,False,False,-1
1029,Здоровье,0.5465175536989764,False,False,1
1029,Маркетплейсы,0.18440522825978117,False,False,-1
1029,Общественное питание,0.16027121740787148,False,False,-1
1029,Продовольствие,1.0429672412933444,True,True,-1
1029,Транспорт,0.7258259970235958,False,True,-1
1030,Все категории,0.16432246812345222,False,False,-1
1030,Здоровье,0.036151034391797454,False,False,1
1030,Маркетплейсы,0.6788089390543387,False,False,-1
1030,Общественное питание,0.14444994562933883,False,False,-1
1030,Продовольствие,0.72315217449973,False,True,-1
1030,Транспорт,0.14172443386204808,False,False,1
1031,Все категории,0.23464264907564053,False,False,-1
1031,Здоровье,0.031532438502333573,False,False,-1
1031,Маркетплейсы,0.7405988501658909,False,True,-1
1031,Общественное питание,0.7177016169274557,False,True,1
1031,Продовольствие,0.5526998967748161,False,False,-1
1031,Транспорт,0.48779007300397625,False,False,-1
1032,Все категории,0.24841416977953024,False,False,-1
1032,Здоровье,0.6457432162048753,False,False,-1
1032,Маркетплейсы,0.6771405311118905,False,False,-1
1032,Общественное питание,0.00011083036483526543,False,False,-1
1032,Продовольствие,0.24248714405797844,False,False,-1
1032,Транспорт,0.09483000461874957,False,False,1
1033,Все категории,0.04731602457741696,False,False,-1
1033,Здоровье,0.0,False,False,1
1033,Маркетплейсы,0.4002691956957223,False,False,-1
1033,Общественное питание,0.05496717103462234,False,False,-1
1033,Продовольствие,0.5355892884651426,False,False,-1
1033,Транспорт,0.2775168797490018,False,False,-1
1034,Все категории,0.13117491049832802,False,False,-1
1034,Здоровье,0.3381141826021336,False,False,1
1034,Маркетплейсы,0.5427509925092605,False,False,-1
1034,Общественное питание,0.2824724891043101,False,False,-1
1034,Продовольствие,0.8404383433678876,False,True,-1
1034,Транспорт,0.04444487237450323,False,False,-1
1035,Все категории,0.7159494687190748,False,True,-1
1035,Здоровье,0.28588036694840036,False,False,-1
1035,Маркетплейсы,0.05732331743644327,False,False,-1
1035,Общественное питание,0.060428924507425694,False,False,-1
1035,Продовольствие,0.6435694844275824,False,False,-1
1035,Транспорт,0.33918196662038097,False,False,1
1036,Все категории,0.9876712325976877,False,True,-1
1036,Здоровье,0.018931891498506367,False,False,1
1036,Маркетплейсы,1.0288372240489234,True,True,-1
1036,Общественное питание,0.18075696069737301,False,False,-1
1036,Продовольствие,0.5551109693927425,False,False,-1
1036,Транспорт,0.30939106057664467,False,False,-1
1037,Все категории,0.0,False,False,1
1037,Здоровье,0.0,False,False,1
1037,Маркетплейсы,0.9643334258221272,False,True,-1
1037,Общественное питание,0.2084553086038397,False,False,1
1037,Продовольствие,0.5630423263094974,False,False,-1
1037,Транспорт,0.0,False,False,1
1038,Все категории,0.5885155090074179,False,False,-1
1038,Здоровье,0.5451623799984172,False,False,-1
1038,Маркетплейсы,0.4890037761678906,False,False,-1
1038,Общественное питание,0.05899916721192136,False,False,-1
1038,Продовольствие,0.4556416169757318,False,False,-1
1038,Транспорт,0.19069369793529878,False,False,-1
1039,Все категории,0.586860908033237,False,False,-1
1039,Здоровье,0.19588763658953295,False,False,-1
1039,Маркетплейсы,0.15747707226246913,False,False,-1
1039,Общественное питание,0.4935484840417014,False,False,-1
1039,Продовольствие,0.6507968568520348,False,False,-1
1039,Транспорт,0.04391116554616366,False,False,1
1040,Все категории,0.16335012768163581,False,False,-1
1040,Здоровье,0.17030835812947834,False,False,1
1040,Маркетплейсы,0.1494110761038264,False,False,-1
1040,Общественное питание,0.2660235356878058,False,False,1
1040,Продовольствие,0.7550260568849168,False,True,-1
1040,Транспорт,0.47106269195414985,False,False,-1
1041,Все категории,0.4861969845862264,False,False,-1
1041,Здоровье,0.0,False,False,1
1041,Маркетплейсы,0.576141962863286,False,False,-1
1041,Общественное питание,0.2611323589233966,False,False,1
1041,Продовольствие,0.7907775106306223,False,True,-1
1041,Транспорт,0.12901653652883005,False,False,1
1043,Все категории,0.0,False,False,0
1043,Здоровье,0.0,False,False,0
1043,Маркетплейсы,0.0,False,False,0
1043,Общественное питание,0.0,False,False,0
1043,Продовольствие,0.0,False,False,0
1043,Транспорт,0.0,False,False,0
1044,Все категории,0.8093024992653881,False,True,-1
1044,Здоровье,0.2314104813498265,False,False,-1
1044,Маркетплейсы,1.0342783563917053,True,True,-1
1044,Общественное питание,0.010153695618963898,False,False,-1
1044,Продовольствие,0.44398414948297193,False,False,-1
1044,Транспорт,0.4738122378527967,False,False,-1
1047,Все категории,0.14768996213109425,False,False,-1
1047,Здоровье,0.09651661906349626,False,False,-1
1047,Маркетплейсы,1.25905759924153,True,True,-1
1047,Общественное питание,0.1256654559781875,False,False,-1
1047,Продовольствие,0.32549161625721335,False,False,-1
1047,Транспорт,0.061580149663282055,False,False,1
1048,Все категории,0.6553298629127922,False,False,-1
1048,Здоровье,0.2488405313489161,False,False,-1
1048,Маркетплейсы,0.5700430941183334,False,False,-1
1048,Общественное питание,0.9271290724028507,False,True,-1
1048,Продовольствие,0.9573001378085062,False,True,-1
1048,Транспорт,0.08636980646131007,False,False,-1
1049,Все категории,0.44387457021738397,False,False,-1
1049,Здоровье,0.6418477099395281,False,False,1
1049,Маркетплейсы,0.17167263213242662,False,False,-1
1049,Общественное питание,0.0,False,False,1
1049,Продовольствие,0.1275402714852424,False,False,-1
1049,Транспорт,0.002243190657732888,False,False,-1
1051,Все категории,0.293585171388641,False,False,-1
1051,Здоровье,0.19554243490883327,False,False,-1
1051,Маркетплейсы,0.9071165102717728,False,True,-1
1051,Общественное питание,0.20963541232810956,False,False,-1
1051,Продовольствие,0.2541526077885218,False,False,-1
1051,Транспорт,0.4676961764199322,False,False,-1
1052,Все категории,0.031033358943388406,False,False,-1
1052,Здоровье,0.4987330253713297,False,False,-1
1052,Маркетплейсы,0.4714748645489907,False,False,-1
1052,Общественное питание,0.3024601456681578,False,False,1
1052,Продовольствие,0.1573787320462022,False,False,-1
1052,Транспорт,0.16214541965384477,False,False,-1
1053,Все категории,0.1938774706673524,False,False,-1
1053,Здоровье,0.0,False,False,1
1053,Маркетплейсы,0.3164979970405847,False,False,-1
1053,Общественное питание,0.11721884787015313,False,False,1
1053,Продовольствие,0.8270178170095268,False,True,-1
1053,Транспорт,0.24998486373846185,False,False,-1
1054,Все категории,0.05667755692388855,False,False,-1
1054,Здоровье,0.186227549692748,False,False,1
1054,Маркетплейсы,0.9906514357854337,False,True,-1
1054,Общественное питание,0.23448127888631015,False,False,-1
1054,Продовольствие,0.2806357730650558,False,False,-1
1054,Транспорт,0.4185161276385392,False,False,-1
1055,Все категории,0.4953183748281833,False,False,-1
1055,Здоровье,0.2681038962801054,False,False,1
1055,Маркетплейсы,0.09168909237936482,False,False,-1
1055,Общественное питание,0.0,False,False,1
1055,Продовольствие,0.5724874775232554,False,False,-1
1055,Транспорт,0.14296449717152865,False,False,1
1056,Все категории,0.08790971812607926,False,False,-1
1056,Здоровье,0.058173357241114096,False,False,1
1056,Маркетплейсы,0.6169644935732789,False,False,-1
1056,Общественное питание,0.07104832977201189,False,False,-1
1056,Продовольствие,0.26428373355936796,False,False,-1
1056,Транспорт,0.0,False,False,1
1057,Все категории,0.0,False,False,1
1057,Здоровье,0.07297287498262539,False,False,-1
1057,Маркетплейсы,0.3036099052142569,False,False,-1
1057,Общественное питание,0.07837039694163814,False,False,-1
1057,Продовольствие,0.16347252601847814,False,False,-1
1057,Транспорт,0.5047116357048012,False,False,1
1058,Все категории,0.0,False,False,1
1058,Здоровье,0.031327110032323136,False,False,1
1058,Маркетплейсы,0.10504843341044079,False,False,-1
1058,Общественное питание,0.07085562841218096,False,False,-1
1058,Продовольствие,0.060716841835333824,False,False,1
1058,Транспорт,0.290978449292793,False,False,-1
1059,Все категории,0.47746368081545243,False,False,-1
1059,Здоровье,0.4716044263346276,False,False,-1
1059,Маркетплейсы,0.5988327721604493,False,False,-1
1059,Общественное питание,0.24850550639356567,False,False,1
1059,Продовольствие,0.0,False,False,1
1059,Транспорт,0.10103667141248115,False,False,-1
1060,Все категории,0.017565241196701983,False,False,-1
1060,Здоровье,0.05592277973655868,False,False,-1
1060,Маркетплейсы,0.10351388671121836,False,False,1
1060,Общественное питание,0.266572740603239,False,False,1
1060,Продовольствие,0.6700024199506254,False,False,-1
1060,Транспорт,0.5571564539857811,False,False,1
1061,Все категории,0.17892815255917838,False,False,-1
1061,Здоровье,0.481971426035553,False,False,-1
1061,Маркетплейсы,0.019266076832686302,False,False,-1
1061,Общественное питание,0.607486334515125,False,False,1
1061,Продовольствие,0.15394857893553046,False,False,-1
1061,Транспорт,0.04348319749994832,False,False,1
1062,Все категории,0.1640370710586071,False,False,-1
1062,Здоровье,0.24953447731144784,False,False,1
1062,Маркетплейсы,1.0581797721899777,True,True,-1
1062,Общественное питание,0.2568240350789209,False,False,1
1062,Продовольствие,0.715772193608788,False,True,-1
1062,Транспорт,0.10986451257891539,False,False,-1
1063,Все категории,0.13018956725073877,False,False,-1
1063,Здоровье,0.35105288703469445,False,False,1
1063,Маркетплейсы,0.9472282921719757,False,True,-1
1063,Общественное питание,0.36402208444815864,False,False,1
1063,Продовольствие,0.12227536098432429,False,False,-1
1063,Транспорт,0.5244578646896221,False,False,1
1064,Все категории,0.028501230793560664,False,False,-1
1064,Здоровье,0.08865431584053962,False,False,-1
1064,Маркетплейсы,0.15252670448521005,False,False,-1
1064,Общественное питание,0.5321768628330004,False,False,1
1064,Продовольствие,0.22245910173553868,False,False,-1
1064,Транспорт,0.4104167506760418,False,False,-1
1065,Все категории,0.5274538931024415,False,False,-1
1065,Здоровье,0.7622463493057007,False,True,-1
1065,Маркетплейсы,0.23979662633131354,False,False,-1
1065,Общественное питание,0.0148803111556996,False,False,-1
1065,Продовольствие,0.5676827893127558,False,False,-1
1065,Транспорт,0.8674692915067884,False,True,-1
1066,Все категории,0.15033945235559437,False,False,-1
1066,Здоровье,0.1919256191536406,False,False,-1
1066,Маркетплейсы,0.5549987902420435,False,False,-1
1066,Общественное питание,0.1411204072727565,False,False,-1
1066,Продовольствие,0.4255352175786467,False,False,-1
1066,Транспорт,0.21082941244482534,False,False,1
1067,Все категории,0.5167325602352089,False,False,-1
1067,Здоровье,0.04762195994874849,False,False,-1
1067,Маркетплейсы,0.8567554849941252,False,True,-1
1067,Общественное питание,0.07376668488768381,False,False,-1
1067,Продовольствие,0.27339914737050236,False,False,-1
1067,Транспорт,0.41246005295102695,False,False,-1
1068,Все категории,0.07161095849850074,False,False,-1
1068,Здоровье,0.4107274589378357,False,False,-1
1068,Маркетплейсы,0.051207117779980174,False,False,-1
1068,Общественное питание,0.09492874593431572,False,False,-1
1068,Продовольствие,0.36896482392442753,False,False,-1
1068,Транспорт,0.14765831654253525,False,False,-1
1069,Все категории,0.20992361241423757,False,False,1
1069,Здоровье,0.2460327796719245,False,False,1
1069,Маркетплейсы,0.7533517014409883,False,True,-1
1069,Общественное питание,0.08686718031270263,False,False,1
1069,Продовольствие,0.39317129444927507,False,False,-1
1069,Транспорт,0.246926624211257,False,False,-1
1070,Все категории,0.11464210872144415,False,False,1
1070,Здоровье,0.09081844360362876,False,False,-1
1070,Маркетплейсы,0.2868372526862517,False,False,-1
1070,Общественное питание,0.4507586039963768,False,False,1
1070,Продовольствие,0.49474112530810943,False,False,-1
1070,Транспорт,0.3846624206604615,False,False,-1
1071,Все категории,0.6889287758644675,False,False,-1
1071,Здоровье,0.21429540039828665,False,False,-1
1071,Маркетплейсы,0.48680858997303045,False,False,-1
1071,Общественное питание,0.07836114801497093,False,False,1
1071,Продовольствие,0.8370290204466548,False,True,-1
1071,Транспорт,0.09405835671261747,False,False,1
1072,Все категории,0.05495307516893157,False,False,-1
1072,Здоровье,0.24380542005286954,False,False,-1
1072,Маркетплейсы,1.1899610577650777,True,True,-1
1072,Общественное питание,0.22247723277036968,False,False,-1
1072,Продовольствие,0.30011802020233125,False,False,1
1072,Транспорт,0.0,False,False,1
1107,Все категории,0.24067482274996288,False,False,-1
1107,Здоровье,0.0,False,False,1
1107,Маркетплейсы,0.12018763140777669,False,False,-1
1107,Общественное питание,0.48011104358032497,False,False,-1
1107,Продовольствие,0.5848503396130657,False,False,-1
1107,Транспорт,0.0,False,False,1
1108,Все категории,0.4820086904988544,False,False,-1
1108,Здоровье,1.726087593928343,True,True,-1
1108,Маркетплейсы,0.6876855926938708,False,False,-1
1108,Общественное питание,0.3180694544244646,False,False,1
1108,Продовольствие,0.5099492839284329,False,False,-1
1108,Транспорт,0.1627790654593557,False,False,-1
1109,Все категории,0.0,False,False,1
1109,Здоровье,0.0629045760403395,False,False,-1
1109,Маркетплейсы,0.8855141791559666,False,True,-1
1109,Общественное питание,0.06296342885721506,False,False,1
1109,Продовольствие,0.24085012030882647,False,False,-1
1109,Транспорт,0.19768947346928,False,False,-1
1110,Все категории,0.17219066017502366,False,False,-1
1110,Здоровье,0.26619319458928437,False,False,-1
1110,Маркетплейсы,0.6333669123243866,False,False,-1
1110,Общественное питание,0.16312517777180824,False,False,-1
1110,Продовольствие,0.5743390917468757,False,False,-1
1110,Транспорт,0.0013924912364170483,False,False,-1
1111,Все категории,0.5549929612641148,False,False,-1
1111,Здоровье,0.9820392648993559,False,True,-1
1111,Маркетплейсы,0.8830323651069221,False,True,-1
1111,Общественное питание,0.49651152279528155,False,False,-1
1111,Продовольствие,1.1384385449523593,True,True,-1
1111,Транспорт,0.01911664934303435,False,False,-1
1112,Все категории,0.30430512290874884,False,False,-1
1112,Здоровье,0.23013065565656787,False,False,-1
1112,Маркетплейсы,0.19596108219307928,False,False,-1
1112,Общественное питание,0.30288865369853135,False,False,-1
1112,Продовольствие,0.8335855695992408,False,True,-1
1112,Транспорт,0.08147845424269676,False,False,-1
1113,Все категории,0.4594655657125595,False,False,-1
1113,Здоровье,0.41192309465544874,False,False,-1
1113,Маркетплейсы,0.7475797205266881,False,True,-1
1113,Общественное питание,0.28355991815043796,False,False,-1
1113,Продовольствие,0.5855798903958812,False,False,-1
1113,Транспорт,0.7771959219868885,False,True,-1
1115,Все категории,0.510122719768688,False,False,-1
1115,Здоровье,1.0612817845575813,True,True,-1
1115,Маркетплейсы,0.9678696996542089,False,True,-1
1115,Общественное питание,0.14924507395817477,False,False,-1
1115,Продовольствие,0.6910294954139491,False,False,-1
1115,Транспорт,0.0,False,False,1
1116,Все категории,0.21878038069639366,False,False,-1
1116,Здоровье,1.1179250560059455,True,True,-1
1116,Маркетплейсы,0.5116188463091839,False,False,-1
1116,Общественное питание,0.011018032309471917,False,False,-1
1116,Продовольствие,0.0372851335119517,False,False,-1
1116,Транспорт,0.08653985647206394,False,False,-1
1117,Все категории,0.7109769761235575,False,True,-1
1117,Здоровье,0.10198261839204875,False,False,1
1117,Маркетплейсы,0.1970596751841343,False,False,-1
1117,Общественное питание,0.028876879744022033,False,False,-1
1117,Продовольствие,0.5538151640567738,False,False,-1
1117,Транспорт,0.08216801308077543,False,False,-1
1118,Все категории,0.5539172808717873,False,False,-1
1118,Здоровье,0.01624456992320683,False,False,1
1118,Маркетплейсы,0.6235756036511484,False,False,-1
1118,Общественное питание,0.16663563741738455,False,False,1
1118,Продовольствие,0.0012229371021458962,False,False,-1
1118,Транспорт,0.8817004243674875,False,True,1
1119,Все категории,0.0,False,False,1
1119,Здоровье,0.2577067962672009,False,False,-1
1119,Маркетплейсы,0.339259541421146,False,False,-1
1119,Общественное питание,0.37115717070566523,False,False,-1
1119,Продовольствие,0.43817098611485794,False,False,-1
1119,Транспорт,0.40682488893224766,False,False,-1
1120,Все категории,0.3957849733279928,False,False,-1
1120,Здоровье,0.1291223464940376,False,False,-1
1120,Маркетплейсы,0.6736673801866608,False,False,-1
1120,Общественное питание,0.10940875591939753,False,False,-1
1120,Продовольствие,0.9641459684258946,False,True,-1
1120,Транспорт,0.5022305697397568,False,False,1
1121,Все категории,0.041927643543145834,False,False,-1
1121,Здоровье,0.1159611614215561,False,False,-1
1121,Маркетплейсы,0.07353343068513515,False,False,-1
1121,Общественное питание,0.41436864587382516,False,False,-1
1121,Продовольствие,0.5550706137572985,False,False,-1
1121,Транспорт,0.4658906147337313,False,False,1
1122,Все категории,0.2555282498379967,False,False,-1
1122,Здоровье,1.0073602147991836,True,True,1
1122,Маркетплейсы,0.5427397888022936,False,False,-1
1122,Общественное питание,0.18617705477701607,False,False,-1
1122,Продовольствие,0.03731670685483343,False,False,1
1122,Транспорт,0.08999009599819302,False,False,-1
1123,Все категории,0.2448741808315642,False,False,-1
1123,Здоровье,0.7027842946563108,False,True,-1
1123,Маркетплейсы,0.02508813379126383,False,False,1
1123,Общественное питание,0.06378396325866725,False,False,-1
1123,Продовольствие,0.905224293948944,False,True,-1
1123,Транспорт,0.0900390304343758,False,False,-1
1124,Все категории,0.0,False,False,1
1124,Здоровье,0.1718843937172794,False,False,-1
1124,Маркетплейсы,0.21170865630191665,False,False,-1
1124,Общественное питание,0.02030277125244384,False,False,-1
1124,Продовольствие,0.1545495773537759,False,False,-1
1124,Транспорт,0.42592192139513596,False,False,1
1125,Все категории,0.17256267387468296,False,False,-1
1125,Здоровье,0.14106368335755032,False,False,-1
1125,Маркетплейсы,0.4891917186096152,False,False,-1
1125,Общественное питание,0.02527421875653804,False,False,1
1125,Продовольствие,0.2879544208375978,False,False,-1
1125,Транспорт,0.24120175633681662,False,False,1
1126,Все категории,0.3755510666792007,False,False,-1
1126,Здоровье,0.2825845794338969,False,False,-1
1126,Маркетплейсы,0.4338847511435685,False,False,-1
1126,Общественное питание,0.07779057399990985,False,False,-1
1126,Продовольствие,0.020187904424260508,False,False,-1
1126,Транспорт,0.18605863652343854,False,False,-1
1127,Все категории,0.28917798068761097,False,False,-1
1127,Здоровье,0.42922211858279474,False,False,-1
1127,Маркетплейсы,1.444627137939515,False,True,-1
1127,Общественное питание,0.5566643229477369,False,False,1
1127,Продовольствие,0.12459076341056918,False,False,-1
1127,Транспорт,0.4650555266443773,False,False,1
1128,Все категории,0.16669244975517056,False,False,-1
1128,Здоровье,0.30646083558719645,False,False,1
1128,Маркетплейсы,0.3018896719295566,False,False,-1
1128,Общественное питание,0.06994354952430445,False,False,-1
1128,Продовольствие,0.7103406758324022,False,True,-1
1128,Транспорт,0.31933645431027396,False,False,-1
1129,Все категории,0.4161202587262046,False,False,-1
1129,Здоровье,0.5733251753296678,False,False,-1
1129,Маркетплейсы,0.18801578213937087,False,False,-1
1129,Общественное питание,0.5380073215460264,False,False,-1
1129,Продовольствие,0.4163773973736061,False,False,-1
1129,Транспорт,0.446589397306123,False,False,-1
1130,Все категории,0.04830698600519491,False,False,1
1130,Здоровье,0.257195452301755,False,False,1
1130,Маркетплейсы,0.33014167356000795,False,False,-1
1130,Общественное питание,0.5001090800101723,False,False,-1
1130,Продовольствие,0.5767258930457854,False,False,-1
1130,Транспорт,0.19699140548428334,False,False,-1
1131,Все категории,0.5251273450251454,False,False,-1
1131,Здоровье,0.07407897578668668,False,False,-1
1131,Маркетплейсы,0.28625743806196385,False,False,-1
1131,Общественное питание,0.2131773314864175,False,False,-1
1131,Продовольствие,0.1231609666350601,False,False,-1
1131,Транспорт,0.27481160018047185,False,False,-1
1132,Все категории,0.0857076399301506,False,False,-1
1132,Здоровье,0.0,False,False,1
1132,Маркетплейсы,0.3490008645432272,False,False,-1
1132,Общественное питание,0.0,False,False,1
1132,Продовольствие,0.7833770102293597,False,True,-1
1132,Транспорт,0.046499655440812124,False,False,1
1133,Все категории,0.2428640807880792,False,False,-1
1133,Здоровье,0.3203602764056287,False,False,1
1133,Маркетплейсы,0.26783149368289305,False,False,-1
1133,Общественное питание,0.32921611137576867,False,False,1
1133,Продовольствие,0.49927872961032727,False,False,-1
1133,Транспорт,0.5712018775998564,False,False,-1
1134,Все категории,0.3858318483521569,False,False,-1
1134,Здоровье,0.0,False,False,1
1134,Маркетплейсы,0.09555239404901444,False,False,-1
1134,Общественное питание,0.04627816947204015,False,False,1
1134,Продовольствие,0.36835681106993723,False,False,-1
1134,Транспорт,0.27139568676280534,False,False,-1
1135,Все категории,0.6319110585590341,False,False,-1
1135,Здоровье,0.005829049386928645,False,False,-1
1135,Маркетплейсы,0.5054725919890142,False,False,-1
1135,Общественное питание,0.042304534611718556,False,False,-1
1135,Продовольствие,0.7672410968870971,False,True,-1
1135,Транспорт,0.12699964176905998,False,False,-1
1136,Все категории,0.22467560297375233,False,False,-1
1136,Здоровье,0.09309190503651263,False,False,-1
1136,Маркетплейсы,0.794740407686729,False,True,-1
1136,Общественное питание,0.3470956241789855,False,False,-1
1136,Продовольствие,0.36399821096410667,False,False,-1
1136,Транспорт,0.09222897164152119,False,False,-1
1137,Все категории,0.6932282661296422,False,False,-1
1137,Здоровье,0.4239127651672976,False,False,-1
1137,Маркетплейсы,0.7431211037750949,False,True,-1
1137,Общественное питание,0.45788109773528796,False,False,1
1137,Продовольствие,0.6878589423311993,False,False,-1
1137,Транспорт,0.08093932446983332,False,False,-1
1138,Все категории,1.0647672679327504,True,True,-1
1138,Здоровье,0.3834017454591671,False,False,-1
1138,Маркетплейсы,0.09142526578970356,False,False,-1
1138,Общественное питание,0.3528697565076754,False,False,-1
1138,Продовольствие,0.6844370606937394,False,False,-1
1138,Транспорт,0.1458108108438555,False,False,-1
1139,Все категории,0.5224987474751358,False,False,-1
1139,Здоровье,1.0002039005516132,True,True,-1
1139,Маркетплейсы,0.7781257386491899,False,True,-1
1139,Общественное питание,0.1341834654132745,False,False,1
1139,Продовольствие,0.5502486613874371,False,False,-1
1139,Транспорт,0.8773787553124005,False,True,-1
1140,Все категории,0.27876036883803695,False,False,-1
1140,Здоровье,0.3113973429409433,False,False,-1
1140,Маркетплейсы,0.6017953717494683,False,False,-1
1140,Общественное питание,0.22309611007586505,False,False,-1
1140,Продовольствие,0.31978617863158115,False,False,-1
1140,Транспорт,0.05315788968974551,False,False,1
1141,Все категории,0.015161106337086533,False,False,1
1141,Здоровье,0.5243971492048112,False,False,-1
1141,Маркетплейсы,0.6886955713073191,False,False,-1
1141,Общественное питание,0.024224717153924852,False,False,1
1141,Продовольствие,0.0,False,False,1
1141,Транспорт,0.04746504135364002,False,False,1
1142,Все категории,0.5876734016537755,False,False,-1
1142,Здоровье,0.5982973585672136,False,False,-1
1142,Маркетплейсы,0.2475422825238085,False,False,-1
1142,Общественное питание,0.32663157160218015,False,False,-1
1142,Продовольствие,0.8572217831990802,False,True,-1
1142,Транспорт,0.3892424918655012,False,False,-1
1143,Все категории,0.526962391972586,False,False,-1
1143,Здоровье,0.3060130627858768,False,False,1
1143,Маркетплейсы,0.3093049482088019,False,False,-1
1143,Общественное питание,1.0898769950733942,True,True,1
1143,Продовольствие,0.33554449234925904,False,False,-1
1143,Транспорт,0.20600883988701701,False,False,1
1144,Все категории,0.6247099828055578,False,False,-1
1144,Здоровье,0.46333733116372244,False,False,-1
1144,Маркетплейсы,0.9793236225881412,False,True,-1
1144,Общественное питание,0.6127984245318322,False,False,1
1144,Продовольствие,0.6203392147461371,False,False,-1
1144,Транспорт,0.39905224697729613,False,False,-1
1146,Все категории,0.19467201644236642,False,False,-1
1146,Здоровье,0.32074233231353233,False,False,-1
1146,Маркетплейсы,1.0125979567627912,True,True,-1
1146,Общественное питание,0.016845067545775652,False,False,-1
1146,Продовольствие,0.44579922705148056,False,False,-1
1146,Транспорт,0.2857705453484293,False,False,1
1147,Все категории,0.36896522889019917,False,False,-1
1147,Здоровье,0.484950328648166,False,False,-1
1147,Маркетплейсы,0.4460453998949352,False,False,-1
1147,Общественное питание,0.04375015631947021,False,False,-1
1147,Продовольствие,0.4870345752354851,False,False,-1
1147,Транспорт,0.17409523858898146,False,False,-1
1148,Все категории,0.7632107499905048,False,True,-1
1148,Здоровье,0.5354246188018451,False,False,-1
1148,Маркетплейсы,1.0700115203734646,True,True,-1
1148,Общественное питание,0.5545496807798268,False,False,1
1148,Продовольствие,0.45003594614260545,False,False,-1
1148,Транспорт,0.1997192442035659,False,False,-1
1149,Все категории,0.3803138317050083,False,False,-1
1149,Здоровье,0.16180866685742742,False,False,-1
1149,Маркетплейсы,0.9782880737412807,False,True,-1
1149,Общественное питание,0.27868512612715135,False,False,1
1149,Продовольствие,0.4902334496792181,False,False,-1
1149,Транспорт,0.016978587390330965,False,False,1
1150,Все категории,0.7029007608225136,False,True,-1
1150,Здоровье,0.0,False,False,1
1150,Маркетплейсы,0.15250707457819213,False,False,-1
1150,Общественное питание,0.3355634466580173,False,False,-1
1150,Продовольствие,0.7519577422424035,False,True,-1
1150,Транспорт,0.44110032129021626,False,False,-1
1151,Все категории,1.0105556321434845,True,True,-1
1151,Здоровье,0.3000640152229405,False,False,1
1151,Маркетплейсы,0.5195973233656423,False,False,-1
1151,Общественное питание,0.601574811330331,False,False,1
1151,Продовольствие,0.6579036134642946,False,False,-1
1151,Транспорт,0.4047350157391081,False,False,1
1152,Все категории,0.6542383818286609,False,False,-1
1152,Здоровье,0.0,False,False,1
1152,Маркетплейсы,0.2698819555432115,False,False,-1
1152,Общественное питание,0.16232113023373992,False,False,1
1152,Продовольствие,0.2557377127306794,False,False,-1
1152,Транспорт,0.3250195400336928,False,False,1
1153,Все категории,0.8602563633285507,False,True,-1
1153,Здоровье,0.29234621687152507,False,False,-1
1153,Маркетплейсы,0.21631223802863492,False,False,-1
1153,Общественное питание,0.11183397223566985,False,False,-1
1153,Продовольствие,0.30264162150442075,False,False,-1
1153,Транспорт,0.04534398755783145,False,False,-1
1154,Все категории,0.6088551729103555,False,False,-1
1154,Здоровье,0.11496731191876614,False,False,1
1154,Маркетплейсы,0.5221708841342745,False,False,-1
1154,Общественное питание,0.5178158663317827,False,False,-1
1154,Продовольствие,0.3109255338374175,False,False,-1
1154,Транспорт,0.0,False,False,1
1155,Все категории,0.640291428776096,False,False,-1
1155,Здоровье,0.4292653101506465,False,False,-1
1155,Маркетплейсы,1.1619733303780309,True,True,-1
1155,Общественное питание,0.5398896585951812,False,False,1
1155,Продовольствие,0.7110232412051936,False,True,-1
1155,Транспорт,0.11006718092407422,False,False,-1
1157,Все категории,0.55042182733248,False,False,-1
1157,Здоровье,0.11918130221427894,False,False,-1
1157,Маркетплейсы,1.1518625891532754,True,True,-1
1157,Общественное питание,0.8453921976263101,False,True,-1
1157,Продовольствие,0.6842112555530133,False,False,-1
1157,Транспорт,0.44672800725501827,False,False,1
1158,Все категории,0.7233608446270545,False,True,-1
1158,Здоровье,0.19495249687596378,False,False,-1
1158,Маркетплейсы,0.6930660192346174,False,False,-1
1158,Общественное питание,0.2788587056043289,False,False,1
1158,Продовольствие,0.11620067731244774,False,False,-1
1158,Транспорт,0.08617081441686936,False,False,1
1159,Все категории,1.1477223787548056,True,True,-1
1159,Здоровье,0.17301795858335295,False,False,-1
1159,Маркетплейсы,0.650416220419388,False,False,-1
1159,Общественное питание,0.26799160925912197,False,False,-1
1159,Продовольствие,0.25474227497018276,False,False,-1
1159,Транспорт,0.37052692779068486,False,False,-1
1160,Все категории,0.42995740333728816,False,False,-1
1160,Здоровье,1.2440897043747108,True,True,-1
1160,Маркетплейсы,1.1000388434409953,True,True,-1
1160,Общественное питание,1.0474566715445395,True,True,-1
1160,Продовольствие,0.7840642735991016,False,True,-1
1160,Транспорт,0.144719910936289,False,False,-1
1161,Все категории,0.6520338390853899,False,False,-1
1161,Здоровье,0.3032699422826538,False,False,-1
1161,Маркетплейсы,0.5898051753034779,False,False,-1
1161,Общественное питание,0.1405305834667081,False,False,-1
1161,Продовольствие,0.3891430578908437,False,False,-1
1161,Транспорт,0.33578188342157694,False,False,-1
1162,Все категории,0.0,False,False,0
1162,Здоровье,0.0,False,False,0
1162,Маркетплейсы,0.0,False,False,0
1162,Общественное питание,0.0,False,False,0
1162,Продовольствие,0.0,False,False,0
1162,Транспорт,0.0,False,False,0
1163,Все категории,0.2901824183349391,False,False,-1
1163,Здоровье,0.07279716164153258,False,False,-1
1163,Маркетплейсы,0.7241251628564139,False,True,-1
1163,Общественное питание,0.2523605742553792,False,False,-1
1163,Продовольствие,0.09610432912934003,False,False,-1
1163,Транспорт,0.17713978928135593,False,False,-1
1164,Все категории,0.17746738079405344,False,False,-1
1164,Здоровье,0.7696098804864462,False,True,-1
1164,Маркетплейсы,0.7830959607860526,False,True,-1
1164,Общественное питание,0.10427441412106728,False,False,-1
1164,Продовольствие,0.15610950990769046,False,False,-1
1164,Транспорт,0.0,False,False,1
1165,Все категории,0.4225033678623916,False,False,-1
1165,Здоровье,0.08482752292538895,False,False,-1
1165,Маркетплейсы,1.0312061139044868,True,True,-1
1165,Общественное питание,0.052296837965133514,False,False,1
1165,Продовольствие,0.2838761835001117,False,False,-1
1165,Транспорт,0.39364925648052773,False,False,1
1166,Все категории,0.5725822610088513,False,False,-1
1166,Здоровье,0.31867268277020044,False,False,-1
1166,Маркетплейсы,0.8106745318762849,False,True,-1
1166,Общественное питание,0.07572662224330329,False,False,1
1166,Продовольствие,0.382220328801253,False,False,-1
1166,Транспорт,0.04923883426436654,False,False,-1
1167,Все категории,0.38292469503426513,False,False,-1
1167,Здоровье,0.0,False,False,1
1167,Маркетплейсы,0.995599233401415,False,True,-1
1167,Общественное питание,0.15932374740978852,False,False,-1
1167,Продовольствие,0.041608146374427515,False,False,-1
1167,Транспорт,0.19761728619775476,False,False,-1
1168,Все категории,0.41360519552307007,False,False,-1
1168,Здоровье,0.6993798324752275,False,False,1
1168,Маркетплейсы,0.9954988598991783,False,True,-1
1168,Общественное питание,0.1864804371625447,False,False,-1
1168,Продовольствие,0.33509197829709775,False,False,-1
1168,Транспорт,0.7283173241648866,False,True,1
1169,Все категории,0.04826844200203469,False,False,-1
1169,Здоровье,0.03670148367133752,False,False,-1
1169,Маркетплейсы,1.0186164703389236,True,True,-1
1169,Общественное питание,0.09130429329783371,False,False,1
1169,Продовольствие,0.3890499512311309,False,False,-1
1169,Транспорт,0.20281329503461198,False,False,-1
1170,Все категории,0.0,False,False,1
1170,Здоровье,0.02847522402092853,False,False,-1
1170,Маркетплейсы,0.7252891987222978,False,True,-1
1170,Общественное питание,0.1335541712742206,False,False,1
1170,Продовольствие,0.1017811230816246,False,False,-1
1170,Транспорт,0.0,False,False,1
1171,Все категории,0.462937758567428,False,False,-1
1171,Здоровье,0.15142344280535835,False,False,1
1171,Маркетплейсы,1.1000751420864368,True,True,-1
1171,Общественное питание,0.3581397277366902,False,False,1
1171,Продовольствие,0.13912721326625302,False,False,-1
1171,Транспорт,0.0710468547974667,False,False,1
1172,Все категории,0.27584683794209747,False,False,-1
1172,Здоровье,0.41181432265384094,False,False,1
1172,Маркетплейсы,0.7044457146682614,False,True,-1
1172,Общественное питание,0.19820032841559565,False,False,-1
1172,Продовольствие,0.6290562753375962,False,False,-1
1172,Транспорт,0.38709688278388366,False,False,-1
1173,Все категории,0.10043962381905724,False,False,-1
1173,Здоровье,0.35477482538829147,False,False,1
1173,Маркетплейсы,0.41300568905257806,False,False,-1
1173,Общественное питание,0.35909711620543705,False,False,1
1173,Продовольствие,0.28514091598035374,False,False,-1
1173,Транспорт,0.48745750355560513,False,False,1
1174,Все категории,0.6249844100961595,False,False,-1
1174,Здоровье,0.4052178795627046,False,False,-1
1174,Маркетплейсы,0.6056307488591097,False,False,-1
1174,Общественное питание,0.2997240416072874,False,False,-1
1174,Продовольствие,1.1432018811616882,True,True,-1
1174,Транспорт,0.0,False,False,1
1175,Все категории,0.17658105902513113,False,False,-1
1175,Здоровье,0.12987870822211173,False,False,-1
1175,Маркетплейсы,1.0186438037188008,True,True,-1
1175,Общественное питание,0.49736789042401597,False,False,1
1175,Продовольствие,0.25493154515547245,False,False,-1
1175,Транспорт,0.0,False,False,1
1176,Все категории,0.11308933315317954,False,False,-1
1176,Здоровье,0.1848329148842407,False,False,-1
1176,Маркетплейсы,0.6479953841689501,False,False,-1
1176,Общественное питание,0.12075812918368123,False,False,-1
1176,Продовольствие,0.13270119377307524,False,False,-1
1176,Транспорт,0.2203116744139504,False,False,-1
1177,Все категории,0.0,False,False,0
1177,Здоровье,0.0,False,False,0
1177,Маркетплейсы,0.0,False,False,0
1177,Общественное питание,0.0,False,False,0
1177,Продовольствие,0.0,False,False,0
1177,Транспорт,0.0,False,False,0
1178,Все категории,0.025713254041035458,False,False,-1
1178,Здоровье,0.24419749954434583,False,False,-1
1178,Маркетплейсы,0.23965048787989124,False,False,1
1178,Общественное питание,0.1270638872957498,False,False,-1
1178,Продовольствие,0.26517587539542764,False,False,-1
1178,Транспорт,0.2910821278153474,False,False,1
1179,Все категории,0.04986613450990943,False,False,-1
1179,Здоровье,0.641229549861764,False,False,-1
1179,Маркетплейсы,0.0,False,False,1
1179,Общественное питание,0.0,False,False,1
1179,Продовольствие,0.07147515255270029,False,False,-1
1179,Транспорт,0.06440325220851933,False,False,1
1180,Все категории,0.35650070930494343,False,False,-1
1180,Здоровье,0.1262120581216868,False,False,-1
1180,Маркетплейсы,0.20139469672110427,False,False,-1
1180,Общественное питание,0.3564151934243216,False,False,-1
1180,Продовольствие,0.0024283836745321308,False,False,-1
1180,Транспорт,0.09524871824169484,False,False,-1
1181,Все категории,0.6842206295156686,False,False,-1
1181,Здоровье,0.27203566150588876,False,False,-1
1181,Маркетплейсы,0.12836834244777476,False,False,-1
1181,Общественное питание,0.17106835670929696,False,False,-1
1181,Продовольствие,0.2506322818734244,False,False,-1
1181,Транспорт,0.06593988607048398,False,False,-1
1182,Все категории,0.0,False,False,1
1182,Здоровье,0.09605799580741314,False,False,1
1182,Маркетплейсы,0.3776086377820696,False,False,1
1182,Общественное питание,0.043254853708277474,False,False,-1
1182,Продовольствие,0.018303351090698125,False,False,-1
1182,Транспорт,0.009592490078255883,False,False,1
1183,Все категории,0.11390694438520668,False,False,-1
1183,Здоровье,0.04512463917017567,False,False,-1
1183,Маркетплейсы,0.0,False,False,1
1183,Общественное питание,0.206608533967584,False,False,-1
1183,Продовольствие,0.302458272905212,False,False,-1
1183,Транспорт,0.5461131660544142,False,False,-1
1184,Все категории,0.0,False,False,1
1184,Здоровье,0.05633473102462662,False,False,-1
1184,Маркетплейсы,0.5261852870891289,False,False,-1
1184,Общественное питание,0.12158452431780617,False,False,-1
1184,Продовольствие,0.014371576393123031,False,False,1
1184,Транспорт,0.5946731305975258,False,False,1
1185,Все категории,0.34152906942746275,False,False,-1
1185,Здоровье,0.18611856782792838,False,False,-1
1185,Маркетплейсы,0.1101489606075361,False,False,-1
1185,Общественное питание,0.3136040638440029,False,False,-1
1185,Продовольствие,0.4802589175588098,False,False,-1
1185,Транспорт,0.009319428518256748,False,False,-1
1186,Все категории,0.20358027508975746,False,False,-1
1186,Здоровье,0.6165886967289315,False,False,-1
1186,Маркетплейсы,0.5921027968359777,False,False,-1
1186,Общественное питание,0.22024661727908346,False,False,-1
1186,Продовольствие,0.10255054479524384,False,False,-1
1186,Транспорт,0.4891184477480237,False,False,-1
1187,Все категории,0.17793244210345488,False,False,-1
1187,Здоровье,0.3471895133839509,False,False,-1
1187,Маркетплейсы,0.2046402801920339,False,False,-1
1187,Общественное питание,0.5851955777004432,False,False,-1
1187,Продовольствие,0.4482465513553312,False,False,-1
1187,Транспорт,0.21817804268165492,False,False,1
1188,Все категории,0.1697136622125474,False,False,-1
1188,Здоровье,0.3392435879377201,False,False,-1
1188,Маркетплейсы,0.23360363680532692,False,False,-1
1188,Общественное питание,0.12335365007855509,False,False,-1
1188,Продовольствие,0.0,False,False,1
1188,Транспорт,0.190607575009553,False,False,-1
1189,Все категории,0.9047401073623258,False,True,-1
1189,Здоровье,0.2477985188687235,False,False,-1
1189,Маркетплейсы,0.23448900838542502,False,False,-1
1189,Общественное питание,0.7597548793455108,False,True,-1
1189,Продовольствие,0.8765394119035241,False,True,-1
1189,Транспорт,0.17990618381362938,False,False,-1
1190,Все категории,0.22595950668202036,False,False,-1
1190,Здоровье,0.20325990259283644,False,False,-1
1190,Маркетплейсы,0.24674820193046354,False,False,-1
1190,Общественное питание,0.01636148897196059,False,False,-1
1190,Продовольствие,0.005372591244840436,False,False,-1
1190,Транспорт,0.19572929706130865,False,False,-1
1191,Все категории,0.5814304967644834,False,False,-1
1191,Здоровье,0.45350784155227597,False,False,-1
1191,Маркетплейсы,0.2569816070962917,False,False,-1
1191,Общественное питание,0.44945851570760975,False,False,-1
1191,Продовольствие,0.21556705632984086,False,False,-1
1191,Транспорт,0.37593462870515093,False,False,-1
1192,Все категории,0.8520181023030362,False,True,-1
1192,Здоровье,0.30422149544000987,False,False,-1
1192,Маркетплейсы,0.1186855577061382,False,False,-1
1192,Общественное питание,0.1427384680182818,False,False,-1
1192,Продовольствие,0.18155124799662611,False,False,-1
1192,Транспорт,0.4656222256543021,False,False,-1
1193,Все категории,0.4385198445213033,False,False,-1
1193,Здоровье,0.0,False,False,1
1193,Маркетплейсы,0.9485486883834766,False,True,-1
1193,Общественное питание,1.2434304545064152,True,True,-1
1193,Продовольствие,0.26285412845120804,False,False,-1
1193,Транспорт,0.2891705693547389,False,False,-1
1194,Все категории,0.43076222301700196,False,False,-1
1194,Здоровье,0.0770047579039233,False,False,1
1194,Маркетплейсы,0.16379053318007603,False,False,-1
1194,Общественное питание,0.321386988903562,False,False,-1
1194,Продовольствие,0.46655848111354314,False,False,-1
1194,Транспорт,0.026178105024051768,False,False,1
1195,Все категории,0.5691479315575751,False,False,-1
1195,Здоровье,0.0743293289838109,False,False,-1
1195,Маркетплейсы,0.15873094753297165,False,False,-1
1195,Общественное питание,0.5091643553225551,False,False,-1
1195,Продовольствие,0.10884930167631177,False,False,-1
1195,Транспорт,0.03737937109053521,False,False,-1
1196,Все категории,0.9571183168645157,False,True,-1
1196,Здоровье,0.2812216931932074,False,False,-1
1196,Маркетплейсы,0.2139810301918597,False,False,-1
1196,Общественное питание,0.6216851473394618,False,False,-1
1196,Продовольствие,0.29037810206511694,False,False,-1
1196,Транспорт,0.32776164134916463,False,False,-1
1197,Все категории,0.09340522506040799,False,False,-1
1197,Здоровье,0.08802519037528803,False,False,-1
1197,Маркетплейсы,0.5685352744303476,False,False,-1
1197,Общественное питание,0.09031360370261055,False,False,1
1197,Продовольствие,0.21750358584835994,False,False,-1
1197,Транспорт,0.09219618721527434,False,False,-1
1198,Все категории,0.2910137306499514,False,False,-1
1198,Здоровье,0.15558736931414513,False,False,-1
1198,Маркетплейсы,0.4962621369184377,False,False,-1
1198,Общественное питание,0.16152767835281717,False,False,-1
1198,Продовольствие,0.33704215443071195,False,False,-1
1198,Транспорт,0.007665220535999218,False,False,-1
1200,Все категории,0.5289062347559568,False,False,-1
1200,Здоровье,0.24075822975745015,False,False,-1
1200,Маркетплейсы,0.16267409761809964,False,False,-1
1200,Общественное питание,0.0,False,False,1
1200,Продовольствие,0.15455330660844688,False,False,-1
1200,Транспорт,0.14629228885315665,False,False,-1
1201,Все категории,0.554842675649744,False,False,-1
1201,Здоровье,0.0,False,False,1
1201,Маркетплейсы,0.172701562375628,False,False,1
1201,Общественное питание,0.21609223086202795,False,False,1
1201,Продовольствие,0.018956449946367526,False,False,-1
1201,Транспорт,0.0,False,False,1
1203,Все категории,0.04045038324243849,False,False,-1
1203,Здоровье,0.058308908196152864,False,False,-1
1203,Маркетплейсы,0.33672305258626556,False,False,-1
1203,Общественное питание,0.03618783335000396,False,False,-1
1203,Продовольствие,0.4607704533612319,False,False,-1
1203,Транспорт,0.29062165089497016,False,False,1
1204,Все категории,0.2863004424915839,False,False,-1
1204,Здоровье,0.17609519370921473,False,False,1
1204,Маркетплейсы,0.26521178685435215,False,False,-1
1204,Общественное питание,0.1551876259864141,False,False,-1
1204,Продовольствие,0.4327572090855773,False,False,-1
1204,Транспорт,0.07161741034031421,False,False,-1
1205,Все категории,0.02597032587336509,False,False,-1
1205,Здоровье,0.4312630454090277,False,False,-1
1205,Маркетплейсы,0.09782825780717694,False,False,-1
1205,Общественное питание,0.3072115468537306,False,False,-1
1205,Продовольствие,0.0027246235517641992,False,False,-1
1205,Транспорт,0.015225417062976698,False,False,1
1206,Все категории,0.06722842258017928,False,False,-1
1206,Здоровье,0.47300197630967866,False,False,-1
1206,Маркетплейсы,0.712728640302788,False,True,-1
1206,Общественное питание,0.33684895299131273,False,False,1
1206,Продовольствие,0.17664244939228455,False,False,-1
1206,Транспорт,0.7681643268795698,False,True,1
1207,Все категории,0.3502255112209373,False,False,-1
1207,Здоровье,0.19864943430970194,False,False,-1
1207,Маркетплейсы,0.5705782016359776,False,False,-1
1207,Общественное питание,0.2635836020739631,False,False,-1
1207,Продовольствие,0.6747346936213199,False,False,-1
1207,Транспорт,0.571663969163883,False,False,1
1208,Все категории,0.6216842315947396,False,False,-1
1208,Здоровье,0.23668156231315285,False,False,-1
1208,Маркетплейсы,0.8318867970038432,False,True,-1
1208,Общественное питание,0.026868750395336205,False,False,1
1208,Продовольствие,0.47211464877720866,False,False,-1
1208,Транспорт,0.11307382124672491,False,False,-1
1209,Все категории,0.12740016428811698,False,False,-1
1209,Здоровье,0.366577333288436,False,False,-1
1209,Маркетплейсы,0.6919020190176222,False,False,-1
1209,Общественное питание,0.0,False,False,1
1209,Продовольствие,0.6817470450858429,False,False,-1
1209,Транспорт,0.40156088350497754,False,False,1
1210,Все категории,0.22936186596162172,False,False,-1
1210,Здоровье,0.0,False,False,1
1210,Маркетплейсы,0.38105437990323765,False,False,-1
1210,Общественное питание,0.0,False,False,1
1210,Продовольствие,0.0,False,False,1
1210,Транспорт,0.01747566838607416,False,False,-1
1211,Все категории,0.09915368423994184,False,False,-1
1211,Здоровье,0.31321856848639285,False,False,-1
1211,Маркетплейсы,0.44523389276047476,False,False,-1
1211,Общественное питание,0.4601997219615981,False,False,1
1211,Продовольствие,0.48209527537986696,False,False,-1
1211,Транспорт,0.0,False,False,1
1212,Все категории,0.35782733654080834,False,False,-1
1212,Здоровье,0.13197781873463504,False,False,-1
1212,Маркетплейсы,1.01590769678697,True,True,-1
1212,Общественное питание,0.3522711832761636,False,False,-1
1212,Продовольствие,0.45069141324102313,False,False,-1
1212,Транспорт,0.03934563788892613,False,False,1
1213,Все категории,0.28474887012798256,False,False,-1
1213,Здоровье,0.07263588066202048,False,False,-1
1213,Маркетплейсы,0.6602375843130742,False,False,-1
1213,Общественное питание,0.04274625445478278,False,False,1
1213,Продовольствие,0.33401382384785194,False,False,-1
1213,Транспорт,0.29124221435388387,False,False,-1
1214,Все категории,0.1591729438475588,False,False,-1
1214,Здоровье,0.1591603853542484,False,False,-1
1214,Маркетплейсы,0.5394039380478088,False,False,-1
1214,Общественное питание,0.07781909003697163,False,False,-1
1214,Продовольствие,0.16702389201320514,False,False,-1
1214,Транспорт,0.5399859739641828,False,False,1
1215,Все категории,0.07303898144199575,False,False,-1
1215,Здоровье,0.07098432606505761,False,False,-1
1215,Маркетплейсы,0.593060692292601,False,False,-1
1215,Общественное питание,0.04228861741953431,False,False,1
1215,Продовольствие,0.4251783376852666,False,False,-1
1215,Транспорт,0.0,False,False,1
1216,Все категории,0.0,False,False,1
1216,Здоровье,0.21491850712867427,False,False,-1
1216,Маркетплейсы,0.6769487302078087,False,False,-1
1216,Общественное питание,0.06542084687587144,False,False,1
1216,Продовольствие,0.07533101220944555,False,False,-1
1216,Транспорт,0.1283170700771203,False,False,-1
1217,Все категории,0.11975419491019912,False,False,-1
1217,Здоровье,0.11052730122749313,False,False,-1
1217,Маркетплейсы,0.4074222198486904,False,False,-1
1217,Общественное питание,0.2761215693641398,False,False,1
1217,Продовольствие,0.5540097226683134,False,False,1
1217,Транспорт,0.3660014656939034,False,False,1
1218,Все категории,0.05518638973486384,False,False,-1
1218,Здоровье,0.0008080737131235527,False,False,-1
1218,Маркетплейсы,0.2794192205741717,False,False,-1
1218,Общественное питание,0.43016685898825635,False,False,-1
1218,Продовольствие,0.15814114973719826,False,False,-1
1218,Транспорт,0.5112126789570415,False,False,1
1219,Все категории,0.0,False,False,1
1219,Здоровье,0.13710948466314904,False,False,-1
1219,Маркетплейсы,0.29814020383786544,False,False,-1
1219,Общественное питание,0.2282298337176405,False,False,-1
1219,Продовольствие,0.15928075287951365,False,False,1
1219,Транспорт,0.012133988274358312,False,False,1
1220,Все категории,0.25719367902073376,False,False,-1
1220,Здоровье,0.10831555138213725,False,False,-1
1220,Маркетплейсы,0.36281156818214744,False,False,-1
1220,Общественное питание,0.10509636513328366,False,False,1
1220,Продовольствие,0.1359053352136708,False,False,-1
1220,Транспорт,0.16362793104772477,False,False,1
1221,Все категории,0.8397916350128035,False,True,-1
1221,Здоровье,0.0,False,False,1
1221,Маркетплейсы,0.9776444266743411,False,True,-1
1221,Общественное питание,0.41633747413735944,False,False,-1
1221,Продовольствие,0.3495133730638386,False,False,-1
1221,Транспорт,0.1252022544447626,False,False,-1
1222,Все категории,0.29564480585465747,False,False,-1
1222,Здоровье,0.1040872776583893,False,False,-1
1222,Маркетплейсы,0.35416029965643414,False,False,-1
1222,Общественное питание,0.02832826278755529,False,False,1
1222,Продовольствие,0.40053992387034026,False,False,-1
1222,Транспорт,0.5523854196724451,False,False,1
1223,Все категории,0.045095794552210355,False,False,-1
1223,Здоровье,7.482142477459319e-05,False,False,-1
1223,Маркетплейсы,0.9553309356123845,False,True,-1
1223,Общественное питание,0.5604732108002324,False,False,1
1223,Продовольствие,0.11105288927408499,False,False,-1
1223,Транспорт,0.11999619312187618,False,False,-1
1224,Все категории,0.06278195463834624,False,False,-1
1224,Здоровье,0.48169130062307286,False,False,1
1224,Маркетплейсы,0.46198277901018914,False,False,-1
1224,Общественное питание,0.4125055298871329,False,False,-1
1224,Продовольствие,0.4792887607047651,False,False,-1
1224,Транспорт,0.10695935877227214,False,False,-1
1225,Все категории,0.09439260565572868,False,False,-1
1225,Здоровье,0.27843325065612906,False,False,1
1225,Маркетплейсы,0.2673439362676151,False,False,-1
1225,Общественное питание,0.7453944668125393,False,True,1
1225,Продовольствие,0.4567830317039713,False,False,-1
1225,Транспорт,0.18192471253655135,False,False,-1
1226,Все категории,0.102184232857092,False,False,-1
1226,Здоровье,0.0,False,False,1
1226,Маркетплейсы,0.7210957434519141,False,True,-1
1226,Общественное питание,0.07966749195292028,False,False,1
1226,Продовольствие,0.7248846859801776,False,True,-1
1226,Транспорт,0.022890523417630343,False,False,1
1227,Все категории,0.15125379822331778,False,False,1
1227,Здоровье,0.2226982549617127,False,False,1
1227,Маркетплейсы,0.8529370068124763,False,True,-1
1227,Общественное питание,0.1482307398593188,False,False,1
1227,Продовольствие,0.04281077140449133,False,False,-1
1227,Транспорт,0.3663351874854405,False,False,1
1228,Все категории,0.01983920515139624,False,False,-1
1228,Здоровье,0.31888536715583715,False,False,1
1228,Маркетплейсы,0.22464199351512482,False,False,-1
1228,Общественное питание,0.9770441241892773,False,True,1
1228,Продовольствие,0.5375200203470831,False,False,-1
1228,Транспорт,0.744588472517224,False,True,1
1229,Все категории,0.13183253449556154,False,False,-1
1229,Здоровье,0.1661470927280263,False,False,1
1229,Маркетплейсы,0.6141808548873426,False,False,-1
1229,Общественное питание,0.5651065911450168,False,False,-1
1229,Продовольствие,0.24448799228093887,False,False,-1
1229,Транспорт,0.22426664413813302,False,False,1
1230,Все категории,0.0,False,False,1
1230,Здоровье,0.07540850414408545,False,False,1
1230,Маркетплейсы,1.0451168536393876,True,True,-1
1230,Общественное питание,0.19123511825389528,False,False,1
1230,Продовольствие,0.49599491773656323,False,False,-1
1230,Транспорт,0.071814283819846,False,False,-1
1231,Все категории,0.05308484791752302,False,False,-1
1231,Здоровье,0.6558295503565661,False,False,1
1231,Маркетплейсы,0.8643095316871859,False,True,-1
1231,Общественное питание,0.1660152579102561,False,False,1
1231,Продовольствие,0.3869141106375381,False,False,-1
1231,Транспорт,0.0,False,False,1
1232,Все категории,0.22646845450785613,False,False,1
1232,Здоровье,0.3928028194371972,False,False,1
1232,Маркетплейсы,0.18680635122953942,False,False,-1
1232,Общественное питание,0.21848029627965093,False,False,1
1232,Продовольствие,0.4915074729151163,False,False,1
1232,Транспорт,0.5851315591704085,False,False,1
1233,Все категории,0.1591323447489921,False,False,-1
1233,Здоровье,0.2472464700540593,False,False,1
1233,Маркетплейсы,0.5656704095916854,False,False,-1
1233,Общественное питание,0.5216814019057774,False,False,-1
1233,Продовольствие,0.5238329788055256,False,False,-1
1233,Транспорт,0.06219086908781357,False,False,-1
1234,Все категории,0.0,False,False,1
1234,Здоровье,0.0876696033168543,False,False,1
1234,Маркетплейсы,0.16046048078570105,False,False,-1
1234,Общественное питание,0.16521506765802868,False,False,-1
1234,Продовольствие,0.1693630874127401,False,False,-1
1234,Транспорт,0.6791888439678864,False,False,1
1235,Все категории,0.0997412370390956,False,False,1
1235,Здоровье,0.2941078819860183,False,False,1
1235,Маркетплейсы,0.603533300089978,False,False,-1
1235,Общественное питание,0.38602782294899995,False,False,1
1235,Продовольствие,0.0,False,False,1
1235,Транспорт,0.5556067064722553,False,False,1
1236,Все категории,0.0007653907445413777,False,False,-1
1236,Здоровье,0.0,False,False,1
1236,Маркетплейсы,0.07907383495204123,False,False,-1
1236,Общественное питание,0.10039230096164656,False,False,-1
1236,Продовольствие,0.5087600009521105,False,False,-1
1236,Транспорт,0.02548639321106813,False,False,-1
1237,Все категории,0.07227992563485541,False,False,-1
1237,Здоровье,0.7206274181747181,False,True,1
1237,Маркетплейсы,0.9322638410530506,False,True,-1
1237,Общественное питание,0.0,False,False,1
1237,Продовольствие,0.6801569842642003,False,False,-1
1237,Транспорт,1.0011597982420577,True,True,1
1238,Все категории,0.20229470493143903,False,False,-1
1238,Здоровье,0.0219051158388701,False,False,-1
1238,Маркетплейсы,0.8489794304579247,False,True,-1
1238,Общественное питание,0.5348001950510713,False,False,-1
1238,Продовольствие,0.5265805667867023,False,False,-1
1238,Транспорт,0.0,False,False,1
1240,Все категории,0.17253220557947196,False,False,-1
1240,Здоровье,0.18317283972648946,False,False,1
1240,Маркетплейсы,0.29293139303797894,False,False,-1
1240,Общественное питание,0.1255457889437085,False,False,1
1240,Продовольствие,0.004512848201360303,False,False,-1
1240,Транспорт,0.08052209745402664,False,False,1
1241,Все категории,0.202226695088067,False,False,1
1241,Здоровье,0.02449007156305842,False,False,1
1241,Маркетплейсы,0.4093136307206754,False,False,-1
1241,Общественное питание,0.03102627715277244,False,False,1
1241,Продовольствие,0.6259271980931134,False,False,-1
1241,Транспорт,0.4384577084321891,False,False,1
1242,Все категории,0.0,False,False,1
1242,Здоровье,0.0428785460339943,False,False,1
1242,Маркетплейсы,0.47817725780931053,False,False,-1
1242,Общественное питание,0.23829551098816287,False,False,1
1242,Продовольствие,0.4389112895416153,False,False,-1
1242,Транспорт,0.07572811671683705,False,False,-1
1243,Все категории,0.9141619027017212,False,True,-1
1243,Здоровье,0.2562331740845208,False,False,-1
1243,Маркетплейсы,0.48698602309844086,False,False,-1
1243,Общественное питание,0.15982088268685316,False,False,-1
1243,Продовольствие,1.0051134857893487,True,True,-1
1243,Транспорт,0.4602133912800216,False,False,-1
1244,Все категории,0.36855568857009136,False,False,1
1244,Здоровье,0.9996548060236594,False,True,1
1244,Маркетплейсы,0.17135964856199604,False,False,-1
1244,Общественное питание,0.0,False,False,1
1244,Продовольствие,0.33873039014253603,False,False,-1
1244,Транспорт,0.02602451825788611,False,False,1
1245,Все категории,0.20327240328352186,False,False,1
1245,Здоровье,0.628293302402146,False,False,-1
1245,Маркетплейсы,0.31374209437326595,False,False,-1
1245,Общественное питание,0.02697967438895915,False,False,1
1245,Продовольствие,0.5109770327072369,False,False,1
1245,Транспорт,0.1921107395790514,False,False,-1
1246,Все категории,0.3863277941450503,False,False,-1
1246,Здоровье,0.21211243391251594,False,False,-1
1246,Маркетплейсы,0.7094442079869087,False,True,-1
1246,Общественное питание,0.1176050388905017,False,False,-1
1246,Продовольствие,0.6962417734374056,False,False,-1
1246,Транспорт,0.09974997273679823,False,False,1
1247,Все категории,0.17394195144790844,False,False,-1
1247,Здоровье,0.06498227063475179,False,False,1
1247,Маркетплейсы,0.2958274370846652,False,False,-1
1247,Общественное питание,0.1537282494482346,False,False,1
1247,Продовольствие,0.07945245340874829,False,False,-1
1247,Транспорт,0.0,False,False,1
1249,Все категории,0.22144906206508058,False,False,-1
1249,Здоровье,0.4282785932686296,False,False,-1
1249,Маркетплейсы,0.6939024467403403,False,False,-1
1249,Общественное питание,0.36165495810338394,False,False,-1
1249,Продовольствие,0.38395965105691265,False,False,-1
1249,Транспорт,0.649951818347823,False,False,1
1250,Все категории,0.091720680984993,False,False,-1
1250,Здоровье,0.0,False,False,1
1250,Маркетплейсы,0.6877342051322876,False,False,-1
1250,Общественное питание,0.47937027247175434,False,False,1
1250,Продовольствие,0.28110302057811276,False,False,-1
1250,Транспорт,0.628284911813753,False,False,1
1251,Все категории,0.08574070239627443,False,False,-1
1251,Здоровье,0.06613488233902193,False,False,-1
1251,Маркетплейсы,1.1377941784886905,True,True,-1
1251,Общественное питание,0.1091177861952046,False,False,1
1251,Продовольствие,0.08566981364061105,False,False,-1
1251,Транспорт,0.0890960089973035,False,False,1
1252,Все категории,0.0601449641458114,False,False,-1
1252,Здоровье,0.0,False,False,1
1252,Маркетплейсы,0.9329433476845992,False,True,-1
1252,Общественное питание,0.9296544100709212,False,True,1
1252,Продовольствие,0.09945897816924812,False,False,-1
1252,Транспорт,0.5502594859179472,False,False,1
1253,Все категории,0.09272724730319018,False,False,1
1253,Здоровье,0.0,False,False,1
1253,Маркетплейсы,1.2156143387139315,True,True,-1
1253,Общественное питание,0.3844423964052637,False,False,1
1253,Продовольствие,0.1862823666899694,False,False,-1
1253,Транспорт,0.5337977379261949,False,False,1
1254,Все категории,0.18257170682708335,False,False,1
1254,Здоровье,0.15048206892427674,False,False,1
1254,Маркетплейсы,0.46288755890337596,False,False,-1
1254,Общественное питание,0.39597371713033225,False,False,1
1254,Продовольствие,0.2240385304486902,False,False,-1
1254,Транспорт,0.4435609297841412,False,False,1
1256,Все категории,0.20519214259939478,False,False,-1
1256,Здоровье,0.08800351109685764,False,False,-1
1256,Маркетплейсы,0.07808098096018734,False,False,-1
1256,Общественное питание,0.4400235975344351,False,False,-1
1256,Продовольствие,0.37409737388852893,False,False,-1
1256,Транспорт,0.1265045486576838,False,False,1
1257,Все категории,0.10556313741077145,False,False,-1
1257,Здоровье,0.665651143216698,False,False,1
1257,Маркетплейсы,0.13590846871548581,False,False,-1
1257,Общественное питание,1.0107026006182562,True,True,1
1257,Продовольствие,0.01415894808876704,False,False,-1
1257,Транспорт,0.8144771121381829,False,True,1
1258,Все категории,0.16527768340328186,False,False,-1
1258,Здоровье,0.0,False,False,1
1258,Маркетплейсы,0.050621383986733104,False,False,-1
1258,Общественное питание,0.32393845506438,False,False,-1
1258,Продовольствие,0.26033891703164597,False,False,-1
1258,Транспорт,0.06570684006419603,False,False,-1
1259,Все категории,0.3409367866404667,False,False,-1
1259,Здоровье,0.1937048170246698,False,False,-1
1259,Маркетплейсы,0.49609843746259785,False,False,-1
1259,Общественное питание,0.3924899952172401,False,False,1
1259,Продовольствие,0.0029206369699460027,False,False,-1
1259,Транспорт,0.24182805278539637,False,False,-1
1260,Все категории,0.15936160376386682,False,False,-1
1260,Здоровье,0.0,False,False,1
1260,Маркетплейсы,0.7518148188350332,False,True,-1
1260,Общественное питание,0.5707555395102387,False,False,-1
1260,Продовольствие,0.22267923756886876,False,False,-1
1260,Транспорт,0.0,False,False,1
1261,Все категории,0.12523044227980415,False,False,-1
1261,Здоровье,0.3209153158801843,False,False,-1
1261,Маркетплейсы,0.4498020720644347,False,False,-1
1261,Общественное питание,0.0221026037334021,False,False,-1
1261,Продовольствие,0.5121585294860387,False,False,-1
1261,Транспорт,0.16461169772536727,False,False,-1
1262,Все категории,0.27821120413779593,False,False,-1
1262,Здоровье,0.0,False,False,1
1262,Маркетплейсы,0.35776307097707927,False,False,-1
1262,Общественное питание,0.19922189155897574,False,False,-1
1262,Продовольствие,1.1919752240252688,True,True,-1
1262,Транспорт,0.4490222399692977,False,False,1
1264,Все категории,0.22689178193644344,False,False,-1
1264,Здоровье,0.09044120723204246,False,False,-1
1264,Маркетплейсы,0.46791686113264086,False,False,-1
1264,Общественное питание,0.28736697047327814,False,False,1
1264,Продовольствие,0.16310603663315987,False,False,-1
1264,Транспорт,0.035413757274287055,False,False,-1
1265,Все категории,0.4357662013828672,False,False,-1
1265,Здоровье,0.36054842155249134,False,False,-1
1265,Маркетплейсы,1.0969329567476707,True,True,-1
1265,Общественное питание,0.14231504874148088,False,False,-1
1265,Продовольствие,0.20930238024870407,False,False,-1
1265,Транспорт,0.04289742874091676,False,False,-1
1266,Все категории,0.0,False,False,1
1266,Здоровье,0.4496605581199644,False,False,1
1266,Маркетплейсы,0.13239416408300042,False,False,-1
1266,Общественное питание,0.3928951384648542,False,False,1
1266,Продовольствие,0.5267012364406959,False,False,-1
1266,Транспорт,0.014194094188109185,False,False,1
1267,Все категории,0.025162301035150186,False,False,-1
1267,Здоровье,0.350922087274258,False,False,1
1267,Маркетплейсы,0.28996073022385405,False,False,-1
1267,Общественное питание,0.5022302266472717,False,False,1
1267,Продовольствие,0.011446454351248858,False,False,-1
1267,Транспорт,0.29779552669339016,False,False,1
1268,Все категории,0.007731998541997964,False,False,-1
1268,Здоровье,0.2961862579375605,False,False,-1
1268,Маркетплейсы,0.3919230784953719,False,False,-1
1268,Общественное питание,0.6493769145675584,False,False,-1
1268,Продовольствие,0.2228034454753136,False,False,-1
1268,Транспорт,0.6150417164405535,False,False,1
1269,Все категории,0.5802749276624855,False,False,1
1269,Здоровье,0.09067330157314007,False,False,1
1269,Маркетплейсы,0.1803575078877036,False,False,-1
1269,Общественное питание,0.0,False,False,1
1269,Продовольствие,0.16242259959005553,False,False,1
1269,Транспорт,0.011314652303054007,False,False,-1
1270,Все категории,0.2642468280844599,False,False,-1
1270,Здоровье,0.6747593687193145,False,False,-1
1270,Маркетплейсы,1.0084826430881242,True,True,-1
1270,Общественное питание,0.06136983903477576,False,False,-1
1270,Продовольствие,0.2948118003979854,False,False,-1
1270,Транспорт,0.31081640024006485,False,False,-1
1271,Все категории,0.4361769144439974,False,False,-1
1271,Здоровье,0.2088918348027471,False,False,-1
1271,Маркетплейсы,0.0,False,False,1
1271,Общественное питание,0.37401251360447096,False,False,1
1271,Продовольствие,0.43960087864180464,False,False,-1
1271,Транспорт,0.0,False,False,1
1272,Все категории,0.8067259383318113,False,True,-1
1272,Здоровье,0.4669815205125072,False,False,-1
1272,Маркетплейсы,0.449957016185917,False,False,-1
1272,Общественное питание,0.43169830860325753,False,False,1
1272,Продовольствие,0.9939702251612044,False,True,-1
1272,Транспорт,0.07274454371128972,False,False,1
1273,Все категории,0.02610911013970077,False,False,-1
1273,Здоровье,0.38336102472633404,False,False,-1
1273,Маркетплейсы,0.5123591342748501,False,False,-1
1273,Общественное питание,0.1963822218821702,False,False,-1
1273,Продовольствие,0.14839018455544134,False,False,-1
1273,Транспорт,0.000299947236715184,False,False,-1
1274,Все категории,0.1083018163694153,False,False,-1
1274,Здоровье,0.791289094928737,False,True,-1
1274,Маркетплейсы,0.2506101242064073,False,False,-1
1274,Общественное питание,0.19754883177952343,False,False,-1
1274,Продовольствие,0.4041362475444157,False,False,-1
1274,Транспорт,0.17453895873649392,False,False,1
1275,Все категории,0.07282409331761786,False,False,1
1275,Здоровье,0.10685018213126607,False,False,-1
1275,Маркетплейсы,0.06930981530733019,False,False,-1
1275,Общественное питание,0.022736347754258104,False,False,1
1275,Продовольствие,0.5889147009463536,False,False,-1
1275,Транспорт,0.06353807382183191,False,False,-1
1276,Все категории,0.2955766954073311,False,False,-1
1276,Здоровье,0.1738585408523928,False,False,-1
1276,Маркетплейсы,0.5830919828047613,False,False,-1
1276,Общественное питание,0.2023488066757852,False,False,-1
1276,Продовольствие,0.2223932961856407,False,False,-1
1276,Транспорт,0.5166769918028037,False,False,-1
1277,Все категории,0.3679142442608739,False,False,1
1277,Здоровье,0.1486031281469569,False,False,1
1277,Маркетплейсы,0.8195837473751328,False,True,-1
1277,Общественное питание,0.6824429319734661,False,False,1
1277,Продовольствие,0.10692787074023472,False,False,-1
1277,Транспорт,0.2598612141389364,False,False,1
1278,Все категории,0.32132649350786296,False,False,-1
1278,Здоровье,0.06780642778312929,False,False,-1
1278,Маркетплейсы,0.23890609560435694,False,False,-1
1278,Общественное питание,0.23947871894290773,False,False,1
1278,Продовольствие,0.43635143138040977,False,False,-1
1278,Транспорт,0.05540658848350247,False,False,-1
1279,Все категории,0.2867928065998244,False,False,-1
1279,Здоровье,0.20671572607748534,False,False,-1
1279,Маркетплейсы,0.5478855881594922,False,False,-1
1279,Общественное питание,0.23510252339523363,False,False,-1
1279,Продовольствие,0.18712966372801293,False,False,1
1279,Транспорт,0.10809687369410817,False,False,1
1280,Все категории,0.03312815521999188,False,False,-1
1280,Здоровье,0.0,False,False,1
1280,Маркетплейсы,0.4765143204011124,False,False,-1
1280,Общественное питание,0.1266672206714733,False,False,-1
1280,Продовольствие,0.16792950152084957,False,False,-1
1280,Транспорт,0.06552018216510574,False,False,-1
1281,Все категории,0.15388290543989627,False,False,-1
1281,Здоровье,0.07887711227768152,False,False,1
1281,Маркетплейсы,0.3137562404162772,False,False,-1
1281,Общественное питание,0.2642623903360201,False,False,-1
1281,Продовольствие,0.07218530784629668,False,False,-1
1281,Транспорт,0.2114216431057483,False,False,-1
1282,Все категории,0.1098654469141763,False,False,-1
1282,Здоровье,0.0,False,False,1
1282,Маркетплейсы,1.2446532323702335,True,True,-1
1282,Общественное питание,0.3244439677200551,False,False,1
1282,Продовольствие,0.1424412331831209,False,False,-1
1282,Транспорт,0.0,False,False,1
1284,Все категории,0.1399002679504524,False,False,-1
1284,Здоровье,0.11857341773212926,False,False,-1
1284,Маркетплейсы,0.6066427555728745,False,False,-1
1284,Общественное питание,0.3533051494400913,False,False,1
1284,Продовольствие,0.8978387810810825,False,True,-1
1284,Транспорт,0.34183682869922577,False,False,-1
1285,Все категории,0.0,False,False,1
1285,Здоровье,0.12984433689302216,False,False,-1
1285,Маркетплейсы,0.6080806259885068,False,False,-1
1285,Общественное питание,0.022715273301663008,False,False,1
1285,Продовольствие,0.6012717013335704,False,False,-1
1285,Транспорт,0.0,False,False,1
1286,Все категории,0.22906886661594195,False,False,-1
1286,Здоровье,0.06258243498789215,False,False,-1
1286,Маркетплейсы,0.05244721179230395,False,False,-1
1286,Общественное питание,0.13976023613643648,False,False,1
1286,Продовольствие,0.10265458245683079,False,False,-1
1286,Транспорт,0.29219102221928384,False,False,-1
1287,Все категории,0.2402976863470888,False,False,-1
1287,Здоровье,0.03581781739748069,False,False,-1
1287,Маркетплейсы,0.46985497440066126,False,False,-1
1287,Общественное питание,0.023240021172312206,False,False,-1
1287,Продовольствие,0.19861265677101547,False,False,-1
1287,Транспорт,0.0,False,False,1
1288,Все категории,0.0035008303549763364,False,False,-1
1288,Здоровье,0.1250534514210923,False,False,-1
1288,Маркетплейсы,0.05913416886624223,False,False,1
1288,Общественное питание,0.029437903159694495,False,False,1
1288,Продовольствие,0.3752111882938488,False,False,-1
1288,Транспорт,0.15224185154345787,False,False,1
1289,Все категории,0.0,False,False,1
1289,Здоровье,0.17923463309626614,False,False,-1
1289,Маркетплейсы,0.378808310815108,False,False,-1
1289,Общественное питание,0.6261741466494853,False,False,-1
1289,Продовольствие,0.07457793829411391,False,False,1
1289,Транспорт,0.7078125982391412,False,True,-1
1290,Все категории,0.2950250100067672,False,False,-1
1290,Здоровье,0.0913892439108277,False,False,-1
1290,Маркетплейсы,0.8060992909630789,False,True,-1
1290,Общественное питание,0.13156683496961255,False,False,1
1290,Продовольствие,0.4433467108366176,False,False,1
1290,Транспорт,0.01668476202066234,False,False,-1
1291,Все категории,0.8947604120850279,False,True,-1
1291,Здоровье,0.42459177488183825,False,False,-1
1291,Маркетплейсы,0.10896813425583662,False,False,-1
1291,Общественное питание,0.4029051955870776,False,False,1
1291,Продовольствие,0.2777123362157491,False,False,-1
1291,Транспорт,0.5290186497743247,False,False,-1
1292,Все категории,0.3072144718210593,False,False,-1
1292,Здоровье,0.08532553099575044,False,False,-1
1292,Маркетплейсы,0.5490928557599424,False,False,-1
1292,Общественное питание,0.05376991378695721,False,False,-1
1292,Продовольствие,0.3276582504891693,False,False,-1
1292,Транспорт,0.08099585103637885,False,False,-1
1293,Все категории,0.15486997808681702,False,False,-1
1293,Здоровье,0.00257828047973499,False,False,1
1293,Маркетплейсы,1.197212898509512,False,True,-1
1293,Общественное питание,0.12638502077855926,False,False,-1
1293,Продовольствие,0.19751632720394935,False,False,-1
1293,Транспорт,0.46983875768096706,False,False,1
1294,Все категории,0.06264774533548109,False,False,-1
1294,Здоровье,0.17012188992085248,False,False,-1
1294,Маркетплейсы,0.5778137877697668,False,False,-1
1294,Общественное питание,0.0,False,False,1
1294,Продовольствие,0.7493480678014339,False,True,-1
1294,Транспорт,0.0511417988445514,False,False,-1
1295,Все категории,0.13615755705980465,False,False,-1
1295,Здоровье,0.2502412367801129,False,False,1
1295,Маркетплейсы,0.06569189709839748,False,False,-1
1295,Общественное питание,0.3656875163902101,False,False,1
1295,Продовольствие,0.4206733921180054,False,False,-1
1295,Транспорт,0.019620699512043357,False,False,-1
1296,Все категории,0.6912821584249964,False,False,-1
1296,Здоровье,0.6409821519354764,False,False,-1
1296,Маркетплейсы,0.30810159182141184,False,False,-1
1296,Общественное питание,0.17121913456228807,False,False,-1
1296,Продовольствие,1.0673715265198058,True,True,-1
1296,Транспорт,0.24214513269333499,False,False,-1
1297,Все категории,0.13048448661950335,False,False,-1
1297,Здоровье,0.60340968246124,False,False,1
1297,Маркетплейсы,0.37261525692239045,False,False,-1
1297,Общественное питание,0.6585478656168497,False,False,1
1297,Продовольствие,0.685019973094759,False,False,-1
1297,Транспорт,0.42274011461335204,False,False,1
1298,Все категории,0.0,False,False,1
1298,Здоровье,0.06990811197056995,False,False,-1
1298,Маркетплейсы,0.5456825906695473,False,False,-1
1298,Общественное питание,0.20472316700088067,False,False,-1
1298,Продовольствие,0.0,False,False,1
1298,Транспорт,0.0,False,False,1
1299,Все категории,0.2592728608793268,False,False,1
1299,Здоровье,0.19222709303191254,False,False,-1
1299,Маркетплейсы,1.0296179982291744,True,True,-1
1299,Общественное питание,0.6151074498856101,False,False,1
1299,Продовольствие,0.3259866160841695,False,False,-1
1299,Транспорт,0.4570910613386696,False,False,-1
1300,Все категории,0.21460167030254895,False,False,-1
1300,Здоровье,0.7533072273894267,False,True,-1
1300,Маркетплейсы,0.2736699730981089,False,False,-1
1300,Общественное питание,0.8944045785622952,False,True,-1
1300,Продовольствие,0.16383020168201368,False,False,1
1300,Транспорт,0.30725109711078924,False,False,1
1301,Все категории,0.005439783790743752,False,False,-1
1301,Здоровье,0.03789962406680493,False,False,-1
1301,Маркетплейсы,0.913705384622953,False,True,-1
1301,Общественное питание,0.19782682217871922,False,False,1
1301,Продовольствие,0.01985290375389659,False,False,-1
1301,Транспорт,0.3229966308443873,False,False,1
1302,Все категории,0.5681258958594009,False,False,-1
1302,Здоровье,0.9815835328235565,False,True,-1
1302,Маркетплейсы,0.518453969676357,False,False,-1
1302,Общественное питание,0.5182662434793023,False,False,-1
1302,Продовольствие,0.5100857971496562,False,False,-1
1302,Транспорт,1.1644735700397981,True,True,-1
1303,Все категории,0.13508504339061184,False,False,-1
1303,Здоровье,0.3717662987067633,False,False,-1
1303,Маркетплейсы,0.4211288800548879,False,False,-1
1303,Общественное питание,0.3747195345087262,False,False,-1
1303,Продовольствие,0.3055014882071428,False,False,-1
1303,Транспорт,0.1474762406456733,False,False,-1
1304,Все категории,0.695107984129886,False,False,-1
1304,Здоровье,0.49116207185306315,False,False,-1
1304,Маркетплейсы,0.2692919457961576,False,False,-1
1304,Общественное питание,0.5446569618676687,False,False,-1
1304,Продовольствие,1.1066792402588204,True,True,-1
1304,Транспорт,0.060832015031704864,False,False,-1
1305,Все категории,0.1682622659905081,False,False,1
1305,Здоровье,0.3597347883032585,False,False,1
1305,Маркетплейсы,0.7466672760108427,False,True,-1
1305,Общественное питание,1.0570667440323769,True,True,1
1305,Продовольствие,0.23420960565815752,False,False,1
1305,Транспорт,0.6902167303799922,False,False,1
1306,Все категории,0.7898376637075794,False,True,-1
1306,Здоровье,0.8624365548488364,False,True,-1
1306,Маркетплейсы,0.8828162514289293,False,True,-1
1306,Общественное питание,0.0,False,False,1
1306,Продовольствие,0.0,False,False,1
1306,Транспорт,0.3818725835017071,False,False,1
1308,Все категории,0.5440658523605474,False,False,-1
1308,Здоровье,0.34655727757640536,False,False,-1
1308,Маркетплейсы,0.6787286671676246,False,False,-1
1308,Общественное питание,0.04676276616452901,False,False,-1
1308,Продовольствие,0.05731462583842881,False,False,-1
1308,Транспорт,0.2084379248674605,False,False,1
1309,Все категории,0.13902675401601527,False,False,1
1309,Здоровье,0.45632108045534636,False,False,-1
1309,Маркетплейсы,0.31517351049710307,False,False,-1
1309,Общественное питание,0.05627064509845833,False,False,1
1309,Продовольствие,0.2245116079164341,False,False,1
1309,Транспорт,0.14168879259907244,False,False,1
1310,Все категории,0.6660458639130247,False,False,-1
1310,Здоровье,0.39164263654840603,False,False,-1
1310,Маркетплейсы,0.8914203645273545,False,True,-1
1310,Общественное питание,0.3342677744378363,False,False,-1
1310,Продовольствие,0.3721414617181818,False,False,-1
1310,Транспорт,0.25259120130315593,False,False,-1
1311,Все категории,0.45279586185937326,False,False,-1
1311,Здоровье,0.055856613286517476,False,False,-1
1311,Маркетплейсы,0.582517657137565,False,False,-1
1311,Общественное питание,0.4819197241742348,False,False,1
1311,Продовольствие,0.041627424642039196,False,False,-1
1311,Транспорт,0.7361395887520489,False,True,-1
1312,Все категории,0.11065304220271954,False,False,-1
1312,Здоровье,0.05628982153811969,False,False,-1
1312,Маркетплейсы,1.2152636103214247,True,True,-1
1312,Общественное питание,0.09502771723251197,False,False,-1
1312,Продовольствие,0.0,False,False,1
1312,Транспорт,0.31544309463731957,False,False,-1
1313,Все категории,0.4035743481151314,False,False,-1
1313,Здоровье,0.4471357974319611,False,False,-1
1313,Маркетплейсы,0.33222842275950054,False,False,-1
1313,Общественное питание,0.11769440800364067,False,False,-1
1313,Продовольствие,0.3594190038842521,False,False,-1
1313,Транспорт,0.19526310325859225,False,False,-1
1314,Все категории,0.32645306350795916,False,False,-1
1314,Здоровье,1.194886875686624,True,True,1
1314,Маркетплейсы,0.6327526141579107,False,False,-1
1314,Общественное питание,0.2304011787888357,False,False,1
1314,Продовольствие,0.26710981785150045,False,False,-1
1314,Транспорт,0.0,False,False,1
1315,Все категории,0.5933650662822209,False,False,-1
1315,Здоровье,0.25649002111548735,False,False,-1
1315,Маркетплейсы,0.9008539995018549,False,True,-1
1315,Общественное питание,0.18443825250194731,False,False,-1
1315,Продовольствие,0.18375337349810864,False,False,-1
1315,Транспорт,0.39735105094482465,False,False,-1
1316,Все категории,0.46236662239965265,False,False,-1
1316,Здоровье,0.0508190301957768,False,False,1
1316,Маркетплейсы,0.822381096748413,False,True,-1
1316,Общественное питание,0.21664250690805392,False,False,-1
1316,Продовольствие,0.43150139285098066,False,False,-1
1316,Транспорт,0.5792552263206877,False,False,1
1317,Все категории,0.10454543576952066,False,False,-1
1317,Здоровье,0.06465316329157719,False,False,1
1317,Маркетплейсы,0.07579886641637654,False,False,1
1317,Общественное питание,0.0,False,False,1
1317,Продовольствие,0.7349319678238962,False,True,-1
1317,Транспорт,0.2508356649396954,False,False,1
1319,Все категории,0.3124583972365417,False,False,-1
1319,Здоровье,0.15964031835365625,False,False,1
1319,Маркетплейсы,0.13241788571610424,False,False,-1
1319,Общественное питание,0.6495112187876735,False,False,1
1319,Продовольствие,0.0,False,False,1
1319,Транспорт,0.12883007635050187,False,False,-1
1320,Все категории,0.4887090254902061,False,False,-1
1320,Здоровье,0.5632007273982078,False,False,-1
1320,Маркетплейсы,0.10411798275223505,False,False,-1
1320,Общественное питание,0.5098269080794526,False,False,1
1320,Продовольствие,0.8880780204166854,False,True,-1
1320,Транспорт,0.23870120450269966,False,False,-1
1321,Все категории,0.8937211937081644,False,True,-1
1321,Здоровье,0.34433402934367635,False,False,1
1321,Маркетплейсы,0.7215976085824072,False,True,-1
1321,Общественное питание,0.3846040188693348,False,False,-1
1321,Продовольствие,0.889410128457461,False,True,-1
1321,Транспорт,0.16877514897300813,False,False,1
1322,Все категории,0.6406004964942881,False,False,-1
1322,Здоровье,0.1978617566401074,False,False,-1
1322,Маркетплейсы,0.486174700895295,False,False,-1
1322,Общественное питание,0.2906412869223075,False,False,1
1322,Продовольствие,0.2848599973275708,False,False,-1
1322,Транспорт,0.31384803929547006,False,False,1
1323,Все категории,0.5565574278655281,False,False,-1
1323,Здоровье,0.15289024349540697,False,False,-1
1323,Маркетплейсы,0.17870802811615355,False,False,-1
1323,Общественное питание,0.35150523496236685,False,False,1
1323,Продовольствие,0.6739723396999298,False,False,-1
1323,Транспорт,0.0928453599196162,False,False,-1
1324,Все категории,0.30432859991777594,False,False,-1
1324,Здоровье,0.2591187267678599,False,False,1
1324,Маркетплейсы,0.5010981018996546,False,False,-1
1324,Общественное питание,0.17842413442645885,False,False,-1
1324,Продовольствие,1.0796176281468524,True,True,-1
1324,Транспорт,0.15158212944462146,False,False,1
1325,Все категории,0.13481923613768415,False,False,-1
1325,Здоровье,0.3992796643089559,False,False,-1
1325,Маркетплейсы,0.0,False,False,1
1325,Общественное питание,0.0714485195190118,False,False,-1
1325,Продовольствие,0.5888072439445124,False,False,-1
1325,Транспорт,0.336983779261514,False,False,1
1326,Все категории,0.02551029044251464,False,False,-1
1326,Здоровье,0.3213260535396658,False,False,-1
1326,Маркетплейсы,0.3663646297762917,False,False,-1
1326,Общественное питание,0.1614969840372343,False,False,1
1326,Продовольствие,0.0,False,False,1
1326,Транспорт,0.027574656598854164,False,False,1
1327,Все категории,0.45885524327481964,False,False,-1
1327,Здоровье,0.5802249730241755,False,False,-1
1327,Маркетплейсы,0.8357892880416646,False,True,-1
1327,Общественное питание,0.30285403014398415,False,False,1
1327,Продовольствие,0.19155544007555347,False,False,-1
1327,Транспорт,0.027751875757073344,False,False,1
1328,Все категории,0.5381627179422586,False,False,-1
1328,Здоровье,0.6134866347648442,False,False,1
1328,Маркетплейсы,0.5860493829768472,False,False,-1
1328,Общественное питание,0.6387121933579285,False,False,1
1328,Продовольствие,0.500920465976656,False,False,-1
1328,Транспорт,0.3042725702969973,False,False,1
1329,Все категории,0.6607780301241182,False,False,-1
1329,Здоровье,0.4686782835275485,False,False,-1
1329,Маркетплейсы,0.07876726820757962,False,False,-1
1329,Общественное питание,0.14055145379910172,False,False,1
1329,Продовольствие,0.8567456937587016,False,True,-1
1329,Транспорт,0.24371631474200506,False,False,1
1330,Все категории,0.15516842774848416,False,False,-1
1330,Здоровье,0.04613545107674358,False,False,-1
1330,Маркетплейсы,0.05491639330204709,False,False,-1
1330,Общественное питание,0.5926659661861058,False,False,1
1330,Продовольствие,0.2820649226530433,False,False,-1
1330,Транспорт,0.056191420206521014,False,False,1
1331,Все категории,0.8851923883419631,False,True,-1
1331,Здоровье,0.41345745603873996,False,False,-1
1331,Маркетплейсы,0.7566596553352792,False,True,-1
1331,Общественное питание,0.4298570533288291,False,False,-1
1331,Продовольствие,0.849044838245171,False,True,-1
1331,Транспорт,0.5720305283633838,False,False,-1
1332,Все категории,0.19428916134973234,False,False,-1
1332,Здоровье,0.09748249289636896,False,False,-1
1332,Маркетплейсы,0.6262057549735975,False,False,-1
1332,Общественное питание,0.4338651638821659,False,False,1
1332,Продовольствие,0.7994658730582659,False,True,-1
1332,Транспорт,0.09067655215819684,False,False,1
1333,Все категории,0.6087315488140558,False,False,-1
1333,Здоровье,0.14885054830123928,False,False,-1
1333,Маркетплейсы,1.0378217837654193,False,True,-1
1333,Общественное питание,0.17336837081906076,False,False,-1
1333,Продовольствие,0.22912437386528,False,False,-1
1333,Транспорт,0.15566622036345085,False,False,-1
1334,Все категории,0.4093893964520089,False,False,-1
1334,Здоровье,0.1435585236239027,False,False,-1
1334,Маркетплейсы,0.19760311505400957,False,False,-1
1334,Общественное питание,0.4180823779419772,False,False,-1
1334,Продовольствие,0.5682611962880069,False,False,-1
1334,Транспорт,0.1391937688266504,False,False,-1
1335,Все категории,1.0277235862805751,True,True,-1
1335,Здоровье,0.9356628117187898,False,True,-1
1335,Маркетплейсы,0.4765455885691039,False,False,-1
1335,Общественное питание,0.7999208627437804,False,True,1
1335,Продовольствие,0.22200651527382098,False,False,-1
1335,Транспорт,0.3052359336708466,False,False,-1
1336,Все категории,0.07213665490284679,False,False,1
1336,Здоровье,0.7874279181323499,False,True,1
1336,Маркетплейсы,0.3178050049821149,False,False,-1
1336,Общественное питание,0.22145170478591225,False,False,1
1336,Продовольствие,0.3276008051041144,False,False,-1
1336,Транспорт,0.3718608023697849,False,False,1
1337,Все категории,0.15163816099339533,False,False,1
1337,Здоровье,0.23213844407177114,False,False,1
1337,Маркетплейсы,0.7272104848466419,False,True,-1
1337,Общественное питание,0.4241320886893031,False,False,1
1337,Продовольствие,0.05904347580148027,False,False,-1
1337,Транспорт,0.5234040681341767,False,False,1
1338,Все категории,0.6166793925528349,False,False,-1
1338,Здоровье,0.0,False,False,1
1338,Маркетплейсы,0.4078320772916093,False,False,-1
1338,Общественное питание,0.27477215131736366,False,False,1
1338,Продовольствие,0.7802457115430974,False,True,-1
1338,Транспорт,0.1957891438741799,False,False,-1
1339,Все категории,0.4138847623609906,False,False,1
1339,Здоровье,0.6271509740600301,False,False,1
1339,Маркетплейсы,0.6109684129423372,False,False,-1
1339,Общественное питание,0.16636395820733052,False,False,-1
1339,Продовольствие,0.3613654540889827,False,False,1
1339,Транспорт,0.5339192621127544,False,False,1
1340,Все категории,0.02055998353560551,False,False,-1
1340,Здоровье,0.19142751887502707,False,False,-1
1340,Маркетплейсы,0.5835630511426327,False,False,-1
1340,Общественное питание,0.6778833048504962,False,False,1
1340,Продовольствие,0.7644339062919426,False,True,-1
1340,Транспорт,0.008502610447161107,False,False,1
1341,Все категории,0.06998135531280791,False,False,-1
1341,Здоровье,0.9371148251005732,False,True,-1
1341,Маркетплейсы,1.2964104374393581,True,True,-1
1341,Общественное питание,0.6600518354191007,False,False,1
1341,Продовольствие,0.10192981506689103,False,False,-1
1341,Транспорт,0.2863540805647572,False,False,1
1342,Все категории,0.0,False,False,1
1342,Здоровье,0.2733608027370419,False,False,1
1342,Маркетплейсы,0.1853706521254413,False,False,-1
1342,Общественное питание,0.08448043118471912,False,False,1
1342,Продовольствие,0.0,False,False,1
1342,Транспорт,0.13875886493154507,False,False,1
1343,Все категории,0.30060643065776615,False,False,-1
1343,Здоровье,0.7379771744279167,False,True,-1
1343,Маркетплейсы,0.8212236827184378,False,True,-1
1343,Общественное питание,0.38025426689021447,False,False,-1
1343,Продовольствие,0.44465382472319326,False,False,-1
1343,Транспорт,0.05876690238271276,False,False,-1
1344,Все категории,0.011133976198083165,False,False,-1
1344,Здоровье,0.03305577215532528,False,False,-1
1344,Маркетплейсы,0.1463570957989473,False,False,-1
1344,Общественное питание,0.0724014665780143,False,False,1
1344,Продовольствие,0.4116667473018756,False,False,-1
1344,Транспорт,0.03851495294099298,False,False,1
1345,Все категории,0.03978846356211424,False,False,-1
1345,Здоровье,0.21460541362257962,False,False,-1
1345,Маркетплейсы,0.9077151791537114,False,True,-1
1345,Общественное питание,0.07069087305684715,False,False,-1
1345,Продовольствие,0.0,False,False,1
1345,Транспорт,0.09000766545565256,False,False,1
1346,Все категории,0.2476798595447363,False,False,-1
1346,Здоровье,0.24050811737344407,False,False,-1
1346,Маркетплейсы,0.8512626002482029,False,True,-1
1346,Общественное питание,0.23970514007774169,False,False,-1
1346,Продовольствие,0.5295142023455234,False,False,-1
1346,Транспорт,0.4633760993669038,False,False,1
1347,Все категории,0.0,False,False,1
1347,Здоровье,0.0315075107095005,False,False,-1
1347,Маркетплейсы,0.06394885638027759,False,False,1
1347,Общественное питание,0.08554745724788862,False,False,-1
1347,Продовольствие,0.24210626425387505,False,False,-1
1347,Транспорт,0.25160123535179724,False,False,1
1348,Все категории,0.07877032369611084,False,False,1
1348,Здоровье,0.0,False,False,1
1348,Маркетплейсы,0.12453531491192663,False,False,-1
1348,Общественное питание,0.25740794216288915,False,False,1
1348,Продовольствие,0.21474130242013634,False,False,-1
1348,Транспорт,0.6726552157126838,False,False,1
1349,Все категории,0.06407877679848065,False,False,-1
1349,Здоровье,0.3611391739175338,False,False,-1
1349,Маркетплейсы,0.18156825243175606,False,False,-1
1349,Общественное питание,0.4208468474911255,False,False,1
1349,Продовольствие,0.39731675361048946,False,False,-1
1349,Транспорт,0.5075829415540745,False,False,-1
1350,Все категории,0.015733585552326484,False,False,1
1350,Здоровье,0.2853766046084143,False,False,-1
1350,Маркетплейсы,0.5942610246354391,False,False,-1
1350,Общественное питание,0.15863500717140575,False,False,-1
1350,Продовольствие,0.08911846288768455,False,False,-1
1350,Транспорт,0.20836835032414586,False,False,-1
1351,Все категории,0.2188450508278822,False,False,-1
1351,Здоровье,0.2730972770005685,False,False,-1
1351,Маркетплейсы,0.0,False,False,1
1351,Общественное питание,0.4093690756078726,False,False,1
1351,Продовольствие,0.503172597853812,False,False,-1
1351,Транспорт,0.5078703638548026,False,False,1
1352,Все категории,0.24739610926819045,False,False,-1
1352,Здоровье,0.14163057842487078,False,False,-1
1352,Маркетплейсы,0.9651594386777422,False,True,-1
1352,Общественное питание,0.31009837798048573,False,False,-1
1352,Продовольствие,1.2389619685351407,True,True,-1
1352,Транспорт,0.41603528797706063,False,False,-1
1353,Все категории,0.8752156948369308,False,True,-1
1353,Здоровье,0.052758663727435096,False,False,-1
1353,Маркетплейсы,0.27877990908364103,False,False,-1
1353,Общественное питание,0.4245876460429884,False,False,-1
1353,Продовольствие,0.03798230935748058,False,False,-1
1353,Транспорт,0.4706627787248785,False,False,1
1354,Все категории,0.4193290751685675,False,False,1
1354,Здоровье,0.0,False,False,1
1354,Маркетплейсы,0.15972085070417028,False,False,1
1354,Общественное питание,0.09113392487818497,False,False,1
1354,Продовольствие,0.9218857943119261,False,True,1
1354,Транспорт,0.1598612894326557,False,False,1
1355,Все категории,0.2676994335693663,False,False,-1
1355,Здоровье,0.28744669539765927,False,False,-1
1355,Маркетплейсы,0.2968337661366811,False,False,-1
1355,Общественное питание,0.5234944722852948,False,False,-1
1355,Продовольствие,0.7258030978204755,False,True,-1
1355,Транспорт,0.08208887884566998,False,False,-1
1356,Все категории,0.02572098451189124,False,False,-1
1356,Здоровье,0.26413590164775436,False,False,-1
1356,Маркетплейсы,0.5957548080309245,False,False,-1
1356,Общественное питание,0.3386044474266307,False,False,-1
1356,Продовольствие,0.461016765690754,False,False,-1
1356,Транспорт,0.08152600431266407,False,False,1
1357,Все категории,0.16184380646125196,False,False,-1
1357,Здоровье,0.11841649273072308,False,False,1
1357,Маркетплейсы,0.20469639050232924,False,False,-1
1357,Общественное питание,0.019674786199274652,False,False,-1
1357,Продовольствие,0.5391517116692403,False,False,-1
1357,Транспорт,0.0,False,False,1
1358,Все категории,0.08550036353841522,False,False,-1
1358,Здоровье,0.23903387517112612,False,False,-1
1358,Маркетплейсы,0.21513943870034746,False,False,-1
1358,Общественное питание,0.18963157952422977,False,False,-1
1358,Продовольствие,0.033928061714341734,False,False,-1
1358,Транспорт,0.3919852310664643,False,False,-1
1392,Все категории,0.14933510386524543,False,False,-1
1392,Здоровье,0.5802582205590412,False,False,-1
1392,Маркетплейсы,0.35305247506449544,False,False,-1
1392,Общественное питание,0.5290277476432208,False,False,1
1392,Продовольствие,0.8186245043512836,False,True,-1
1392,Транспорт,0.03362417038025671,False,False,1
1393,Все категории,0.09981720997648655,False,False,-1
1393,Здоровье,0.3804080120198581,False,False,1
1393,Маркетплейсы,0.0,False,False,1
1393,Общественное питание,0.3742378882552282,False,False,1
1393,Продовольствие,0.5060674664948728,False,False,-1
1393,Транспорт,0.0,False,False,1
1394,Все категории,0.02422508462687667,False,False,-1
1394,Здоровье,0.7498023892155439,False,True,-1
1394,Маркетплейсы,0.5847891476723618,False,False,-1
1394,Общественное питание,0.005301903555547091,False,False,-1
1394,Продовольствие,0.3841052403560104,False,False,-1
1394,Транспорт,0.3735349171222136,False,False,-1
1395,Все категории,0.15580102091782647,False,False,-1
1395,Здоровье,0.22680969404990198,False,False,-1
1395,Маркетплейсы,0.0,False,False,1
1395,Общественное питание,0.0,False,False,1
1395,Продовольствие,0.5175313410099908,False,False,-1
1395,Транспорт,0.12672025167344103,False,False,-1
1396,Все категории,0.29210339331142676,False,False,-1
1396,Здоровье,0.10193568758247032,False,False,-1
1396,Маркетплейсы,0.0,False,False,1
1396,Общественное питание,0.04157031864080683,False,False,-1
1396,Продовольствие,0.7831928059609079,False,True,-1
1396,Транспорт,0.2830051942608691,False,False,-1
1397,Все категории,0.18242358793602778,False,False,-1
1397,Здоровье,0.6160838126110613,False,False,-1
1397,Маркетплейсы,0.0,False,False,1
1397,Общественное питание,0.0,False,False,1
1397,Продовольствие,0.5461119533055767,False,False,-1
1397,Транспорт,0.4964038749401454,False,False,-1
1398,Все категории,0.25311624960383083,False,False,-1
1398,Здоровье,0.8949577425648367,False,True,-1
1398,Маркетплейсы,0.0,False,False,1
1398,Общественное питание,0.0,False,False,1
1398,Продовольствие,0.5245047806538461,False,False,-1
1398,Транспорт,0.04262064109240586,False,False,-1
1399,Все категории,0.1810215823002691,False,False,-1
1399,Здоровье,0.7776556423942732,False,True,-1
1399,Маркетплейсы,0.0,False,False,1
1399,Общественное питание,0.6514447635974384,False,False,-1
1399,Продовольствие,0.6004967617425531,False,False,-1
1399,Транспорт,0.06459844909613466,False,False,-1
1400,Все категории,0.03220061622841586,False,False,1
1400,Здоровье,1.1025655554441722,True,True,-1
1400,Маркетплейсы,0.14531871318661138,False,False,-1
1400,Общественное питание,0.04906787421773097,False,False,1
1400,Продовольствие,0.24213211661563844,False,False,-1
1400,Транспорт,0.210262234316139,False,False,-1
1401,Все категории,0.6159905660160255,False,False,-1
1401,Здоровье,0.193792560444434,False,False,-1
1401,Маркетплейсы,0.7202874400401039,False,True,-1
1401,Общественное питание,0.11836494246090312,False,False,-1
1401,Продовольствие,0.5033737362354942,False,False,-1
1401,Транспорт,0.15082739688593225,False,False,-1
1402,Все категории,0.2929466611872062,False,False,-1
1402,Здоровье,0.25799798586051836,False,False,-1
1402,Маркетплейсы,0.005709472161660026,False,False,-1
1402,Общественное питание,0.0,False,False,1
1402,Продовольствие,0.6268607351305401,False,False,-1
1402,Транспорт,0.5645038793742794,False,False,-1
1403,Все категории,0.11452136818351888,False,False,-1
1403,Здоровье,0.5539833882174041,False,False,-1
1403,Маркетплейсы,0.44112900362749785,False,False,-1
1403,Общественное питание,0.0,False,False,1
1403,Продовольствие,0.38264896533700504,False,False,-1
1403,Транспорт,0.5269705615612541,False,False,-1
1404,Все категории,0.11221223725636126,False,False,-1
1404,Здоровье,0.27345783300159543,False,False,1
1404,Маркетплейсы,0.4087411693380557,False,False,-1
1404,Общественное питание,0.4266902824600939,False,False,1
1404,Продовольствие,0.4167853124247306,False,False,-1
1404,Транспорт,0.261375375460139,False,False,1
1405,Все категории,0.34791898485289596,False,False,-1
1405,Здоровье,0.5063224799134415,False,False,-1
1405,Маркетплейсы,0.2395263652514869,False,False,-1
1405,Общественное питание,0.07572709605727501,False,False,1
1405,Продовольствие,0.31698775730145473,False,False,-1
1405,Транспорт,0.04420718554397174,False,False,1
1406,Все категории,0.38272371254929727,False,False,-1
1406,Здоровье,0.29508390923904265,False,False,-1
1406,Маркетплейсы,0.6446927387163507,False,False,-1
1406,Общественное питание,0.34824321713525885,False,False,-1
1406,Продовольствие,0.22185004432383337,False,False,-1
1406,Транспорт,0.2266244593487594,False,False,1
1407,Все категории,0.09755894896081937,False,False,-1
1407,Здоровье,0.44357977902678347,False,False,-1
1407,Маркетплейсы,0.055408620667699734,False,False,-1
1407,Общественное питание,0.13241384126731914,False,False,-1
1407,Продовольствие,0.6544450716092498,False,False,-1
1407,Транспорт,0.0,False,False,1
1408,Все категории,0.1107598131960422,False,False,-1
1408,Здоровье,0.2575092822899163,False,False,-1
1408,Маркетплейсы,0.8877885238435574,False,True,-1
1408,Общественное питание,0.026370277483940274,False,False,-1
1408,Продовольствие,0.44756143396094317,False,False,-1
1408,Транспорт,0.7167101996463391,False,True,-1
1409,Все категории,0.12508419392712897,False,False,-1
1409,Здоровье,0.5634790966305192,False,False,-1
1409,Маркетплейсы,0.5701267134494264,False,False,-1
1409,Общественное питание,0.1349729471981612,False,False,-1
1409,Продовольствие,0.6067552178901142,False,False,-1
1409,Транспорт,0.0,False,False,1
1410,Все категории,0.4450940768760012,False,False,-1
1410,Здоровье,0.0,False,False,1
1410,Маркетплейсы,0.959059476009142,False,True,-1
1410,Общественное питание,0.0,False,False,1
1410,Продовольствие,0.6553315141176016,False,False,-1
1410,Транспорт,0.1700402606967206,False,False,-1
1411,Все категории,0.4876523645261831,False,False,-1
1411,Здоровье,0.12085523563970971,False,False,-1
1411,Маркетплейсы,0.8508924052273984,False,True,-1
1411,Общественное питание,0.25966059612909664,False,False,-1
1411,Продовольствие,0.2356485283136988,False,False,-1
1411,Транспорт,0.0,False,False,1
1412,Все категории,1.1525744000716396,True,True,-1
1412,Здоровье,0.28355127668386776,False,False,-1
1412,Маркетплейсы,0.3616811993278758,False,False,-1
1412,Общественное питание,0.6413886137997831,False,False,-1
1412,Продовольствие,1.250549532553011,True,True,-1
1412,Транспорт,0.5908932207949489,False,False,1
1413,Все категории,0.28802439711467076,False,False,-1
1413,Здоровье,0.12339322090637739,False,False,-1
1413,Маркетплейсы,0.4777752359296933,False,False,-1
1413,Общественное питание,0.0,False,False,1
1413,Продовольствие,0.23729397624718618,False,False,-1
1413,Транспорт,0.07437871694392115,False,False,-1
1414,Все категории,0.551879553765037,False,False,-1
1414,Здоровье,0.31362110679832605,False,False,-1
1414,Маркетплейсы,0.9232794487855929,False,True,-1
1414,Общественное питание,0.1853327082905998,False,False,-1
1414,Продовольствие,0.5587438950407668,False,False,-1
1414,Транспорт,0.5262902031037594,False,False,1
1415,Все категории,0.5494141060800797,False,False,-1
1415,Здоровье,0.1800063251281483,False,False,-1
1415,Маркетплейсы,0.45601514379250574,False,False,-1
1415,Общественное питание,0.0800097870938215,False,False,1
1415,Продовольствие,0.1272162719816347,False,False,-1
1415,Транспорт,0.0044315827527754426,False,False,-1
1416,Все категории,0.055182593613519515,False,False,-1
1416,Здоровье,0.0,False,False,1
1416,Маркетплейсы,0.1874905997110402,False,False,-1
1416,Общественное питание,0.700083443999347,False,True,1
1416,Продовольствие,0.2686742740481147,False,False,-1
1416,Транспорт,0.01046149999073026,False,False,1
1417,Все категории,0.49827524212610874,False,False,-1
1417,Здоровье,0.0,False,False,1
1417,Маркетплейсы,0.5416315420245205,False,False,-1
1417,Общественное питание,0.4665498853437391,False,False,-1
1417,Продовольствие,0.3842449655806216,False,False,-1
1417,Транспорт,0.020673860313393272,False,False,-1
1419,Все категории,0.05915417913948601,False,False,-1
1419,Здоровье,0.0,False,False,1
1419,Маркетплейсы,0.333359065672036,False,False,-1
1419,Общественное питание,0.32185945787146136,False,False,-1
1419,Продовольствие,0.36931863801967324,False,False,-1
1419,Транспорт,0.8538934415610981,False,True,1
1420,Все категории,0.11384718943435568,False,False,1
1420,Здоровье,0.0167518944767803,False,False,1
1420,Маркетплейсы,1.0353533599465947,True,True,-1
1420,Общественное питание,0.17097711168056284,False,False,-1
1420,Продовольствие,0.09556353086996483,False,False,-1
1420,Транспорт,0.26213198864906656,False,False,1
1421,Все категории,0.34489525771293317,False,False,-1
1421,Здоровье,0.03486800401906372,False,False,1
1421,Маркетплейсы,0.18696726933291774,False,False,-1
1421,Общественное питание,0.18230011001482413,False,False,-1
1421,Продовольствие,0.49205874398231075,False,False,-1
1421,Транспорт,0.1842124680682506,False,False,-1
1422,Все категории,0.6980746200569357,False,False,-1
1422,Здоровье,0.0919438196617855,False,False,-1
1422,Маркетплейсы,0.6867448750290541,False,False,-1
1422,Общественное питание,0.07860819286507845,False,False,-1
1422,Продовольствие,0.4449950610789426,False,False,-1
1422,Транспорт,0.0,False,False,1
1423,Все категории,0.3141472110316224,False,False,-1
1423,Здоровье,0.1715003640041759,False,False,-1
1423,Маркетплейсы,0.475810002621741,False,False,-1
1423,Общественное питание,0.4885208656173562,False,False,1
1423,Продовольствие,0.6244527356717616,False,False,-1
1423,Транспорт,0.0009877411084141807,False,False,1
1424,Все категории,0.0,False,False,0
1424,Здоровье,0.0,False,False,0
1424,Маркетплейсы,0.0,False,False,0
1424,Общественное питание,0.0,False,False,0
1424,Продовольствие,0.0,False,False,0
1424,Транспорт,0.0,False,False,0
1425,Все категории,0.27234167146022525,False,False,-1
1425,Здоровье,0.24058656518152105,False,False,1
1425,Маркетплейсы,0.38102791818103504,False,False,-1
1425,Общественное питание,0.7526746974667982,False,True,-1
1425,Продовольствие,0.6043926819826009,False,False,-1
1425,Транспорт,0.31095532875519905,False,False,-1
1426,Все категории,0.43584324115866535,False,False,-1
1426,Здоровье,0.3341781130835304,False,False,-1
1426,Маркетплейсы,0.6992700078492332,False,False,-1
1426,Общественное питание,0.2899480928134368,False,False,-1
1426,Продовольствие,0.40971922042431574,False,False,-1
1426,Транспорт,0.00904627627904872,False,False,-1
1427,Все категории,0.7248382061646808,False,True,-1
1427,Здоровье,0.0,False,False,1
1427,Маркетплейсы,0.7901530479695542,False,True,-1
1427,Общественное питание,0.2030498786632745,False,False,-1
1427,Продовольствие,1.1884530593255827,True,True,-1
1427,Транспорт,6.11645187528903e-05,False,False,1
1428,Все категории,0.376852210821869,False,False,-1
1428,Здоровье,0.06448213527838181,False,False,1
1428,Маркетплейсы,0.8806624954150193,False,True,-1
1428,Общественное питание,0.054877305496515,False,False,1
1428,Продовольствие,0.32494267482571,False,False,-1
1428,Транспорт,0.16383066458524081,False,False,1
1429,Все категории,0.11271169129206404,False,False,-1
1429,Здоровье,0.27219276853769203,False,False,1
1429,Маркетплейсы,0.17987289195617456,False,False,-1
1429,Общественное питание,0.4573108290079514,False,False,1
1429,Продовольствие,0.6031691562414834,False,False,-1
1429,Транспорт,0.7000951294949894,False,True,1
1430,Все категории,0.20725155309704024,False,False,1
1430,Здоровье,0.11726169836468286,False,False,-1
1430,Маркетплейсы,0.2365983567616597,False,False,-1
1430,Общественное питание,0.17147528117473024,False,False,1
1430,Продовольствие,0.24419628443570218,False,False,1
1430,Транспорт,0.10113915879724938,False,False,1
1431,Все категории,0.24518805108653657,False,False,1
1431,Здоровье,0.21673635149045278,False,False,-1
1431,Маркетплейсы,0.41226677706229103,False,False,1
1431,Общественное питание,0.339623511451316,False,False,-1
1431,Продовольствие,0.5170024902578259,False,False,1
1431,Транспорт,0.019985630905639998,False,False,-1
1432,Все категории,0.0,False,False,0
1432,Здоровье,0.0,False,False,0
1432,Маркетплейсы,0.0,False,False,0
1432,Общественное питание,0.0,False,False,0
1432,Продовольствие,0.0,False,False,0
1432,Транспорт,0.0,False,False,0
1433,Все категории,0.0,False,False,0
1433,Здоровье,0.0,False,False,0
1433,Маркетплейсы,0.0,False,False,0
1433,Общественное питание,0.0,False,False,0
1433,Продовольствие,0.0,False,False,0
1433,Транспорт,0.0,False,False,0
1434,Все категории,0.0,False,False,0
1434,Здоровье,0.0,False,False,0
1434,Маркетплейсы,0.0,False,False,0
1434,Общественное питание,0.0,False,False,0
1434,Продовольствие,0.0,False,False,0
1434,Транспорт,0.0,False,False,0
1435,Все категории,0.0,False,False,0
1435,Здоровье,0.0,False,False,0
1435,Маркетплейсы,0.0,False,False,0
1435,Общественное питание,0.0,False,False,0
1435,Продовольствие,0.0,False,False,0
1435,Транспорт,0.0,False,False,0
1436,Все категории,0.0,False,False,0
1436,Здоровье,0.0,False,False,0
1436,Маркетплейсы,0.0,False,False,0
1436,Общественное питание,0.0,False,False,0
1436,Продовольствие,0.0,False,False,0
1436,Транспорт,0.0,False,False,0
1437,Все категории,0.0,False,False,0
1437,Здоровье,0.0,False,False,0
1437,Маркетплейсы,0.0,False,False,0
1437,Общественное питание,0.0,False,False,0
1437,Продовольствие,0.0,False,False,0
1437,Транспорт,0.0,False,False,0
1438,Все категории,0.0,False,False,1
1438,Здоровье,0.0,False,False,1
1438,Маркетплейсы,0.5620694384089883,False,False,-1
1438,Общественное питание,0.0,False,False,1
1438,Продовольствие,0.1608618820037253,False,False,-1
1438,Транспорт,0.1527112745727088,False,False,-1
1439,Все категории,0.29896471775811306,False,False,-1
1439,Здоровье,0.4123779181484375,False,False,-1
1439,Маркетплейсы,0.32168550295636955,False,False,-1
1439,Общественное питание,0.0,False,False,1
1439,Продовольствие,0.6036513741669411,False,False,-1
1439,Транспорт,0.04547479401677043,False,False,1
1440,Все категории,0.54352816880051,False,False,-1
1440,Здоровье,0.9617006662992453,False,True,-1
1440,Маркетплейсы,0.36334933765195626,False,False,-1
1440,Общественное питание,0.0632193871378933,False,False,-1
1440,Продовольствие,0.5123853774658239,False,False,-1
1440,Транспорт,0.4210435777790207,False,False,-1
1443,Все категории,0.33498224664267845,False,False,-1
1443,Здоровье,0.31769050470553273,False,False,-1
1443,Маркетплейсы,0.5061395116242561,False,False,-1
1443,Общественное питание,0.0,False,False,1
1443,Продовольствие,0.24950117380295078,False,False,-1
1443,Транспорт,0.14540037086882124,False,False,1
1444,Все категории,0.4996392241942501,False,False,-1
1444,Здоровье,0.6960015766267178,False,False,-1
1444,Маркетплейсы,0.4211680180391776,False,False,-1
1444,Общественное питание,0.1282693456088369,False,False,-1
1444,Продовольствие,0.38264877034145706,False,False,-1
1444,Транспорт,0.3149682294971633,False,False,-1
1445,Все категории,0.30854389481589906,False,False,-1
1445,Здоровье,0.7460708249784291,False,True,-1
1445,Маркетплейсы,0.3554879264719032,False,False,-1
1445,Общественное питание,0.11016984184788592,False,False,-1
1445,Продовольствие,0.45235598575272185,False,False,-1
1445,Транспорт,0.29687350955280467,False,False,-1
1446,Все категории,0.2005409665475162,False,False,-1
1446,Здоровье,0.31881547061794485,False,False,-1
1446,Маркетплейсы,0.1743702413301148,False,False,-1
1446,Общественное питание,0.7197597191990309,False,True,-1
1446,Продовольствие,0.5122923386736512,False,False,-1
1446,Транспорт,0.07136371630266344,False,False,-1
1447,Все категории,0.19042950122046348,False,False,-1
1447,Здоровье,0.6958624561315163,False,False,-1
1447,Маркетплейсы,0.0,False,False,1
1447,Общественное питание,0.16066735309629535,False,False,-1
1447,Продовольствие,0.41408668742115284,False,False,-1
1447,Транспорт,0.0,False,False,1
1448,Все категории,0.4093950809401228,False,False,-1
1448,Здоровье,0.278535960040843,False,False,-1
1448,Маркетплейсы,0.4071512887944954,False,False,-1
1448,Общественное питание,0.44916980647887716,False,False,-1
1448,Продовольствие,0.517652727203194,False,False,-1
1448,Транспорт,0.10518336696743472,False,False,1
1449,Все категории,0.10805431866816514,False,False,-1
1449,Здоровье,0.9659724184790193,False,True,-1
1449,Маркетплейсы,0.4923116606740058,False,False,-1
1449,Общественное питание,0.09716826769214718,False,False,-1
1449,Продовольствие,0.17531593448157143,False,False,-1
1449,Транспорт,0.28364511141427184,False,False,-1
1453,Все категории,0.4849662765594036,False,False,-1
1453,Здоровье,0.4782323341285184,False,False,-1
1453,Маркетплейсы,0.44055003784700286,False,False,-1
1453,Общественное питание,0.7282473289108707,False,True,-1
1453,Продовольствие,0.5392674479600797,False,False,-1
1453,Транспорт,0.3938950256183018,False,False,-1
1454,Все категории,1.0254248710506744,True,True,-1
1454,Здоровье,0.39202039166773806,False,False,-1
1454,Маркетплейсы,0.173851524955703,False,False,-1
1454,Общественное питание,1.2793436276029009,True,True,-1
1454,Продовольствие,0.8554754444128047,False,True,-1
1454,Транспорт,0.26153578951878914,False,False,-1
1456,Все категории,0.40009415475520976,False,False,-1
1456,Здоровье,0.1168633040237772,False,False,-1
1456,Маркетплейсы,0.5467681575233108,False,False,-1
1456,Общественное питание,0.3470053576205985,False,False,-1
1456,Продовольствие,0.5919891025726624,False,False,-1
1456,Транспорт,0.4587815024765093,False,False,-1
1457,Все категории,0.4382859785929356,False,False,-1
1457,Здоровье,0.191639331910882,False,False,-1
1457,Маркетплейсы,0.1956442605235259,False,False,-1
1457,Общественное питание,0.027131321156649707,False,False,-1
1457,Продовольствие,0.4693037174949498,False,False,-1
1457,Транспорт,0.15293762379706533,False,False,-1
1459,Все категории,0.45797671381964344,False,False,-1
1459,Здоровье,0.5924257899230894,False,False,-1
1459,Маркетплейсы,0.15115475114511656,False,False,-1
1459,Общественное питание,0.00947247907365667,False,False,-1
1459,Продовольствие,0.514123937938433,False,False,-1
1459,Транспорт,0.2254734126596517,False,False,-1
1461,Все категории,0.12475950862987359,False,False,-1
1461,Здоровье,0.4433341105928462,False,False,-1
1461,Маркетплейсы,0.47545270590511524,False,False,-1
1461,Общественное питание,0.00039910863637415694,False,False,-1
1461,Продовольствие,0.23656597307706623,False,False,-1
1461,Транспорт,0.029780099250317854,False,False,1
1463,Все категории,0.13304512432950102,False,False,-1
1463,Здоровье,0.17196845260956223,False,False,-1
1463,Маркетплейсы,0.0,False,False,1
1463,Общественное питание,0.37528775254094177,False,False,-1
1463,Продовольствие,0.5573355272526314,False,False,-1
1463,Транспорт,0.1460746587440628,False,False,1
1464,Все категории,0.21969299016189237,False,False,-1
1464,Здоровье,0.0,False,False,1
1464,Маркетплейсы,0.24982572953501736,False,False,-1
1464,Общественное питание,0.16361580226584316,False,False,-1
1464,Продовольствие,0.05314105804098705,False,False,-1
1464,Транспорт,0.13298964053950588,False,False,-1
1465,Все категории,0.4314179414387026,False,False,-1
1465,Здоровье,0.3083814433154086,False,False,-1
1465,Маркетплейсы,0.244873303410981,False,False,-1
1465,Общественное питание,0.0,False,False,1
1465,Продовольствие,0.4775278513070107,False,False,-1
1465,Транспорт,0.24085941336749245,False,False,-1
1467,Все категории,0.30932857898162863,False,False,-1
1467,Здоровье,0.3460823801017794,False,False,-1
1467,Маркетплейсы,0.1564403252637854,False,False,-1
1467,Общественное питание,0.10327813828810811,False,False,-1
1467,Продовольствие,0.5563521392157328,False,False,-1
1467,Транспорт,0.11024981364505301,False,False,1
1468,Все категории,0.32954597834297755,False,False,-1
1468,Здоровье,0.41411803029965744,False,False,-1
1468,Маркетплейсы,0.19071179481,False,False,-1
1468,Общественное питание,0.01890133829217444,False,False,-1
1468,Продовольствие,0.4395314152131239,False,False,-1
1468,Транспорт,0.6153860189666768,False,False,-1
1471,Все категории,0.0,False,False,0
1471,Здоровье,0.0,False,False,0
1471,Маркетплейсы,0.0,False,False,0
1471,Общественное питание,0.0,False,False,0
1471,Продовольствие,0.0,False,False,0
1471,Транспорт,0.0,False,False,0
1472,Все категории,0.4789712917857236,False,False,-1
1472,Здоровье,0.4367764240568638,False,False,-1
1472,Маркетплейсы,0.5083103674974282,False,False,-1
1472,Общественное питание,0.0,False,False,1
1472,Продовольствие,0.44868466843383426,False,False,-1
1472,Транспорт,0.11331211129006472,False,False,-1
1473,Все категории,1.055077449512681,True,True,-1
1473,Здоровье,0.2170600135782942,False,False,-1
1473,Маркетплейсы,1.0524348486267994,True,True,-1
1473,Общественное питание,0.3831386542201246,False,False,-1
1473,Продовольствие,1.012740778148637,True,True,-1
1473,Транспорт,0.7290408900223136,False,True,1
1474,Все категории,0.230016813409822,False,False,-1
1474,Здоровье,0.39390279930129923,False,False,1
1474,Маркетплейсы,1.3607713515093516,True,True,-1
1474,Общественное питание,0.1914345597697643,False,False,-1
1474,Продовольствие,0.3968104655453245,False,False,-1
1474,Транспорт,0.17409318031265028,False,False,1
1475,Все категории,0.2881098584381293,False,False,-1
1475,Здоровье,0.3738737855268328,False,False,-1
1475,Маркетплейсы,0.8586519877972981,False,True,-1
1475,Общественное питание,0.02768866985285337,False,False,1
1475,Продовольствие,0.7166774514029934,False,True,-1
1475,Транспорт,0.11706271953214714,False,False,1
1477,Все категории,0.44086616446680593,False,False,-1
1477,Здоровье,0.568227311365721,False,False,-1
1477,Маркетплейсы,0.3601327716048079,False,False,-1
1477,Общественное питание,0.08324306784795071,False,False,-1
1477,Продовольствие,0.35530583706220387,False,False,-1
1477,Транспорт,0.303220120528365,False,False,-1
1478,Все категории,0.006194273150440882,False,False,-1
1478,Здоровье,0.693339078938365,False,False,-1
1478,Маркетплейсы,0.7805867843061982,False,True,-1
1478,Общественное питание,0.020631525159235012,False,False,-1
1478,Продовольствие,0.029018669876916814,False,False,-1
1478,Транспорт,0.13042119186106965,False,False,-1
1480,Все категории,0.5647627222468022,False,False,-1
1480,Здоровье,0.21558198765916825,False,False,-1
1480,Маркетплейсы,0.35430577734807767,False,False,-1
1480,Общественное питание,0.0,False,False,1
1480,Продовольствие,0.5519159978510445,False,False,-1
1480,Транспорт,0.13791911640167365,False,False,-1
1481,Все категории,0.11616206760207987,False,False,-1
1481,Здоровье,0.08314936522143979,False,False,-1
1481,Маркетплейсы,0.12343431342380137,False,False,-1
1481,Общественное питание,0.2541501927669784,False,False,-1
1481,Продовольствие,0.3791782432372322,False,False,-1
1481,Транспорт,0.4239772175237175,False,False,-1
1483,Все категории,0.16190072297170804,False,False,-1
1483,Здоровье,0.14607199473448776,False,False,1
1483,Маркетплейсы,0.4610055481516372,False,False,-1
1483,Общественное питание,0.465174783328963,False,False,1
1483,Продовольствие,0.0557403352347845,False,False,-1
1483,Транспорт,0.0,False,False,1
1484,Все категории,0.4918633446329117,False,False,-1
1484,Здоровье,0.46811655992859147,False,False,-1
1484,Маркетплейсы,0.0,False,False,1
1484,Общественное питание,0.4861614187417256,False,False,-1
1484,Продовольствие,0.5667337604365591,False,False,-1
1484,Транспорт,0.34297300721176605,False,False,-1
1486,Все категории,0.013639393055962845,False,False,-1
1486,Здоровье,0.1735900655463176,False,False,-1
1486,Маркетплейсы,0.6187734852797426,False,False,-1
1486,Общественное питание,0.3520110638178706,False,False,-1
1486,Продовольствие,0.4112262263569355,False,False,-1
1486,Транспорт,0.653026648049513,False,False,1
1487,Все категории,0.0,False,False,0
1487,Здоровье,0.0,False,False,0
1487,Маркетплейсы,0.0,False,False,0
1487,Общественное питание,0.0,False,False,0
1487,Продовольствие,0.0,False,False,0
1487,Транспорт,0.0,False,False,0
1488,Все категории,0.2245406396725918,False,False,-1
1488,Здоровье,0.88547719891451,False,True,-1
1488,Маркетплейсы,0.28128586735809125,False,False,-1
1488,Общественное питание,0.028109826201367066,False,False,1
1488,Продовольствие,0.4745243992565268,False,False,-1
1488,Транспорт,0.25079500748269,False,False,-1
1489,Все категории,0.2536509604007687,False,False,-1
1489,Здоровье,0.18020020927199326,False,False,-1
1489,Маркетплейсы,0.14778325874216536,False,False,-1
1489,Общественное питание,0.0,False,False,1
1489,Продовольствие,0.5944793444932628,False,False,-1
1489,Транспорт,0.120677423718006,False,False,-1
1490,Все категории,0.47567890067067986,False,False,-1
1490,Здоровье,0.6378969085657322,False,False,-1
1490,Маркетплейсы,0.43961355152375003,False,False,-1
1490,Общественное питание,0.0,False,False,1
1490,Продовольствие,0.6079290981079546,False,False,-1
1490,Транспорт,0.6324466407903001,False,False,-1
1491,Все категории,0.2951021595123016,False,False,-1
1491,Здоровье,0.40317227599463684,False,False,-1
1491,Маркетплейсы,0.499745058248107,False,False,-1
1491,Общественное питание,0.0,False,False,1
1491,Продовольствие,0.41330044746641176,False,False,-1
1491,Транспорт,0.3091513020576211,False,False,-1
1492,Все категории,0.4598289927211128,False,False,-1
1492,Здоровье,0.5445622589735494,False,False,-1
1492,Маркетплейсы,0.5601633149405689,False,False,-1
1492,Общественное питание,0.20049616501972217,False,False,-1
1492,Продовольствие,0.36192786073328803,False,False,-1
1492,Транспорт,0.27691122639356414,False,False,-1
1493,Все категории,0.4748415805130647,False,False,-1
1493,Здоровье,0.6585190361348461,False,False,-1
1493,Маркетплейсы,0.43411513816110275,False,False,-1
1493,Общественное питание,0.00833599846085066,False,False,1
1493,Продовольствие,0.5140030495169314,False,False,-1
1493,Транспорт,0.1611693704018892,False,False,-1
1494,Все категории,0.3910397223513442,False,False,-1
1494,Здоровье,0.23669828427425832,False,False,-1
1494,Маркетплейсы,0.3487095752782053,False,False,-1
1494,Общественное питание,0.1901759188615419,False,False,-1
1494,Продовольствие,0.3855742191926974,False,False,-1
1494,Транспорт,0.1333375505843088,False,False,-1
1495,Все категории,0.23649191867203245,False,False,-1
1495,Здоровье,0.3386758855768836,False,False,-1
1495,Маркетплейсы,0.5495976147294,False,False,-1
1495,Общественное питание,0.0,False,False,1
1495,Продовольствие,0.332575561195193,False,False,-1
1495,Транспорт,0.040676113793813806,False,False,-1
1496,Все категории,0.46042166343417,False,False,-1
1496,Здоровье,0.5831606685960051,False,False,-1
1496,Маркетплейсы,0.32116273233173037,False,False,-1
1496,Общественное питание,0.23628157667409855,False,False,-1
1496,Продовольствие,0.3886862460366929,False,False,-1
1496,Транспорт,0.3845819197645454,False,False,-1
1500,Все категории,0.25554485728184767,False,False,-1
1500,Здоровье,0.47263269842229594,False,False,-1
1500,Маркетплейсы,0.4941171273478411,False,False,-1
1500,Общественное питание,0.09232437700424476,False,False,-1
1500,Продовольствие,0.6079799067870165,False,False,-1
1500,Транспорт,0.3380444435974121,False,False,-1
1501,Все категории,0.2743322497538242,False,False,-1
1501,Здоровье,0.3126904527765215,False,False,-1
1501,Маркетплейсы,0.17043855528811533,False,False,-1
1501,Общественное питание,0.11988344567521175,False,False,-1
1501,Продовольствие,0.6126456122156132,False,False,-1
1501,Транспорт,0.0,False,False,1
1504,Все категории,0.013212172906237996,False,False,-1
1504,Здоровье,0.18182698960334429,False,False,-1
1504,Маркетплейсы,0.6434112162498408,False,False,-1
1504,Общественное питание,0.76664837053927,False,True,1
1504,Продовольствие,0.2509633192890445,False,False,-1
1504,Транспорт,0.20824168953449085,False,False,1
1506,Все категории,0.15256620531220727,False,False,-1
1506,Здоровье,0.988186861937874,False,True,-1
1506,Маркетплейсы,0.6532098497988434,False,False,-1
1506,Общественное питание,0.47836717285308605,False,False,-1
1506,Продовольствие,0.31348497900844374,False,False,-1
1506,Транспорт,0.09206522424873093,False,False,-1
1507,Все категории,0.0913898560812208,False,False,-1
1507,Здоровье,0.7050177755475915,False,True,-1
1507,Маркетплейсы,0.7029921864406965,False,True,-1
1507,Общественное питание,0.252082483212706,False,False,-1
1507,Продовольствие,0.2715991650405411,False,False,-1
1507,Транспорт,0.5952286507434547,False,False,-1
1508,Все категории,0.004618746386809897,False,False,1
1508,Здоровье,0.24252996341241856,False,False,-1
1508,Маркетплейсы,0.32308721209935715,False,False,-1
1508,Общественное питание,0.21808102736833124,False,False,-1
1508,Продовольствие,0.27228064553050796,False,False,-1
1508,Транспорт,0.37852828148592355,False,False,-1
1509,Все категории,0.24271416985946614,False,False,-1
1509,Здоровье,0.0,False,False,1
1509,Маркетплейсы,0.9323322728474387,False,True,-1
1509,Общественное питание,0.22254068106127722,False,False,-1
1509,Продовольствие,0.18096464592299705,False,False,-1
1509,Транспорт,0.9454766795115941,False,True,-1
1510,Все категории,0.07029753488998719,False,False,-1
1510,Здоровье,0.035323709089116334,False,False,-1
1510,Маркетплейсы,0.4584641079056857,False,False,-1
1510,Общественное питание,0.12636136905856304,False,False,1
1510,Продовольствие,0.45641937681750133,False,False,-1
1510,Транспорт,0.8447022245806495,False,True,-1
1511,Все категории,0.061143594989613234,False,False,1
1511,Здоровье,0.2340143074627163,False,False,-1
1511,Маркетплейсы,0.8848649123565029,False,True,-1
1511,Общественное питание,0.3040252138845896,False,False,1
1511,Продовольствие,0.1314855525175791,False,False,-1
1511,Транспорт,0.8246324070479587,False,True,1
1512,Все категории,0.10861237277978031,False,False,1
1512,Здоровье,0.16741099485524313,False,False,1
1512,Маркетплейсы,0.23130424612754608,False,False,-1
1512,Общественное питание,0.0,False,False,1
1512,Продовольствие,0.41653277552654794,False,False,-1
1512,Транспорт,0.0,False,False,1
1518,Все категории,0.33501113441967895,False,False,-1
1518,Здоровье,0.07417207024679934,False,False,-1
1518,Маркетплейсы,0.7127408712079829,False,True,-1
1518,Общественное питание,0.37785684696225896,False,False,-1
1518,Продовольствие,0.6741719970548611,False,False,-1
1518,Транспорт,0.7713860414000453,False,True,-1
1519,Все категории,0.011274522093631181,False,False,1
1519,Здоровье,0.03529528290650259,False,False,1
1519,Маркетплейсы,0.29337949691022247,False,False,1
1519,Общественное питание,0.322179294430306,False,False,-1
1519,Продовольствие,0.13726755372593213,False,False,-1
1519,Транспорт,0.40293356777917433,False,False,1
1520,Все категории,0.20192203104913642,False,False,-1
1520,Здоровье,0.5354705993283868,False,False,-1
1520,Маркетплейсы,0.22422250022086632,False,False,-1
1520,Общественное питание,0.06191436050491228,False,False,-1
1520,Продовольствие,0.5100356215969528,False,False,-1
1520,Транспорт,0.43266727104320013,False,False,-1
1521,Все категории,0.12181037336293682,False,False,-1
1521,Здоровье,0.7747079965453763,False,True,-1
1521,Маркетплейсы,0.8899140445666447,False,True,-1
1521,Общественное питание,0.3229039069939252,False,False,1
1521,Продовольствие,0.18747654501018002,False,False,-1
1521,Транспорт,0.5430210295361046,False,False,1
1522,Все категории,0.3989525951341271,False,False,-1
1522,Здоровье,0.19900960763846726,False,False,-1
1522,Маркетплейсы,1.2520142281429107,True,True,-1
1522,Общественное питание,0.2747372242242373,False,False,-1
1522,Продовольствие,0.2679768388574756,False,False,-1
1522,Транспорт,0.12776096050374644,False,False,-1
1523,Все категории,0.332782122787971,False,False,-1
1523,Здоровье,0.2840526157777141,False,False,-1
1523,Маркетплейсы,0.018411549856877,False,False,-1
1523,Общественное питание,0.7970039478634445,False,True,-1
1523,Продовольствие,0.5686468143953577,False,False,-1
1523,Транспорт,0.37396588559709043,False,False,-1
1525,Все категории,0.11020489163692693,False,False,-1
1525,Здоровье,0.017043753377723403,False,False,-1
1525,Маркетплейсы,0.2808397530022563,False,False,-1
1525,Общественное питание,0.21726251635095462,False,False,-1
1525,Продовольствие,0.34421608076423654,False,False,-1
1525,Транспорт,0.10068811267007993,False,False,-1
1526,Все категории,0.5171341507360059,False,False,-1
1526,Здоровье,0.04218440422552748,False,False,-1
1526,Маркетплейсы,0.20391575743585588,False,False,-1
1526,Общественное питание,0.2950256846318469,False,False,-1
1526,Продовольствие,0.40998129011617035,False,False,-1
1526,Транспорт,0.24897942181196908,False,False,-1
1527,Все категории,0.34157575551385005,False,False,-1
1527,Здоровье,0.22307142140009073,False,False,-1
1527,Маркетплейсы,0.40884220140501437,False,False,-1
1527,Общественное питание,0.12736260260074062,False,False,-1
1527,Продовольствие,0.5094812447806226,False,False,-1
1527,Транспорт,0.2977402931958019,False,False,-1
1528,Все категории,0.5684285299526779,False,False,-1
1528,Здоровье,0.5461252829862855,False,False,-1
1528,Маркетплейсы,0.42801316583707805,False,False,-1
1528,Общественное питание,0.25460886779671515,False,False,-1
1528,Продовольствие,0.8085628769510677,False,True,-1
1528,Транспорт,0.14026476342614588,False,False,-1
1529,Все категории,0.45666575530160347,False,False,-1
1529,Здоровье,0.7026711493647821,False,True,-1
1529,Маркетплейсы,0.2584718574958704,False,False,-1
1529,Общественное питание,0.3180880786209133,False,False,-1
1529,Продовольствие,0.4459969486883498,False,False,-1
1529,Транспорт,0.16261598144841274,False,False,-1
1530,Все категории,0.4815962212268379,False,False,-1
1530,Здоровье,0.23721262344577349,False,False,-1
1530,Маркетплейсы,0.7918138469576326,False,True,-1
1530,Общественное питание,0.14338860413825386,False,False,1
1530,Продовольствие,0.23605702069432166,False,False,-1
1530,Транспорт,0.028698125284881623,False,False,1
1532,Все категории,0.0,False,False,1
1532,Здоровье,0.2863602780167523,False,False,-1
1532,Маркетплейсы,0.5140639357525963,False,False,-1
1532,Общественное питание,0.4944784329376385,False,False,1
1532,Продовольствие,0.5190595109193142,False,False,-1
1532,Транспорт,0.09187206430879685,False,False,1
1533,Все категории,0.222128087074411,False,False,-1
1533,Здоровье,0.20839956200621945,False,False,-1
1533,Маркетплейсы,0.503747283276186,False,False,-1
1533,Общественное питание,0.2795735866234153,False,False,-1
1533,Продовольствие,0.4466391991012195,False,False,-1
1533,Транспорт,0.0,False,False,1
1534,Все категории,0.11182478570481144,False,False,-1
1534,Здоровье,0.09446077956524729,False,False,-1
1534,Маркетплейсы,0.8297004360913488,False,True,-1
1534,Общественное питание,0.15651906155497236,False,False,-1
1534,Продовольствие,0.07926839615881193,False,False,-1
1534,Транспорт,0.06467744271902148,False,False,1
1535,Все категории,0.2338942074646615,False,False,-1
1535,Здоровье,0.15814176703999144,False,False,-1
1535,Маркетплейсы,0.5988231564944989,False,False,-1
1535,Общественное питание,0.4034300774561944,False,False,-1
1535,Продовольствие,0.13791942874490803,False,False,-1
1535,Транспорт,0.0,False,False,1
1536,Все категории,0.006434833788347749,False,False,-1
1536,Здоровье,0.0933387505858288,False,False,-1
1536,Маркетплейсы,0.49984440928007967,False,False,-1
1536,Общественное питание,0.2884201977726366,False,False,1
1536,Продовольствие,0.5425979639795869,False,False,-1
1536,Транспорт,0.0,False,False,1
1537,Все категории,0.5104878332325704,False,False,-1
1537,Здоровье,0.43747689552667873,False,False,1
1537,Маркетплейсы,0.641354678709684,False,False,-1
1537,Общественное питание,0.3887160591267234,False,False,-1
1537,Продовольствие,0.8099149082986107,False,True,-1
1537,Транспорт,0.29577566553519896,False,False,-1
1539,Все категории,0.3536483173316111,False,False,-1
1539,Здоровье,0.3911831058673332,False,False,-1
1539,Маркетплейсы,0.9873656126794683,False,True,-1
1539,Общественное питание,0.002790297948135387,False,False,-1
1539,Продовольствие,0.44009358900276707,False,False,-1
1539,Транспорт,0.17708858303385627,False,False,-1
1540,Все категории,0.5038013748563438,False,False,-1
1540,Здоровье,0.17024271696160692,False,False,-1
1540,Маркетплейсы,0.04654083618566779,False,False,-1
1540,Общественное питание,0.10274481438172262,False,False,-1
1540,Продовольствие,0.6988446641904947,False,False,-1
1540,Транспорт,0.6967974761672346,False,False,-1
1541,Все категории,0.4728055936279878,False,False,-1
1541,Здоровье,0.25865813053389075,False,False,-1
1541,Маркетплейсы,0.7725821780564006,False,True,-1
1541,Общественное питание,0.15971544099687793,False,False,-1
1541,Продовольствие,0.6923072280993632,False,False,-1
1541,Транспорт,0.37691789168580886,False,False,-1
1542,Все категории,0.07224882371554459,False,False,-1
1542,Здоровье,0.1496195215191289,False,False,-1
1542,Маркетплейсы,0.5805431584247885,False,False,-1
1542,Общественное питание,0.10779616131231678,False,False,1
1542,Продовольствие,0.6906202916200719,False,False,-1
1542,Транспорт,0.26577867030840224,False,False,1
1543,Все категории,0.3964317602382512,False,False,-1
1543,Здоровье,0.3125516359381334,False,False,-1
1543,Маркетплейсы,0.8292441567111491,False,True,-1
1543,Общественное питание,0.08470268722266619,False,False,-1
1543,Продовольствие,0.2556779949563981,False,False,-1
1543,Транспорт,0.027440866060440786,False,False,1
1544,Все категории,0.7116423618258371,False,True,-1
1544,Здоровье,0.54291658366097,False,False,-1
1544,Маркетплейсы,0.5935102363972713,False,False,-1
1544,Общественное питание,0.0828215127368582,False,False,-1
1544,Продовольствие,0.5723341310443617,False,False,-1
1544,Транспорт,0.537908098833914,False,False,1
1545,Все категории,0.3656163363101535,False,False,-1
1545,Здоровье,1.073075987452961,True,True,-1
1545,Маркетплейсы,0.8607609416139849,False,True,-1
1545,Общественное питание,0.21618800997321613,False,False,-1
1545,Продовольствие,0.973751281976492,False,True,-1
1545,Транспорт,0.0,False,False,1
1546,Все категории,0.2816975486365608,False,False,1
1546,Здоровье,0.11062193182799598,False,False,-1
1546,Маркетплейсы,0.7171701263287088,False,True,-1
1546,Общественное питание,0.43851468262907034,False,False,-1
1546,Продовольствие,0.0994886317348343,False,False,-1
1546,Транспорт,0.5453411367904057,False,False,1
1547,Все категории,0.306276637288149,False,False,-1
1547,Здоровье,0.7047204252325039,False,True,-1
1547,Маркетплейсы,0.517471861842301,False,False,-1
1547,Общественное питание,0.057717557352852195,False,False,-1
1547,Продовольствие,0.29643243177971845,False,False,-1
1547,Транспорт,0.5862548852912461,False,False,-1
1548,Все категории,0.23054966945959804,False,False,-1
1548,Здоровье,0.854439284835979,False,True,-1
1548,Маркетплейсы,0.46370454255840976,False,False,-1
1548,Общественное питание,0.09514686814648346,False,False,-1
1548,Продовольствие,0.28684137628294476,False,False,-1
1548,Транспорт,0.5556166274212487,False,False,-1
1549,Все категории,0.11425773550507856,False,False,-1
1549,Здоровье,0.0,False,False,1
1549,Маркетплейсы,0.40362225455848233,False,False,-1
1549,Общественное питание,0.0017951414324127307,False,False,-1
1549,Продовольствие,0.23431876120384793,False,False,-1
1549,Транспорт,0.25528453657139866,False,False,1
1550,Все категории,0.0883735882973456,False,False,1
1550,Здоровье,0.42918953471485066,False,False,-1
1550,Маркетплейсы,0.5645072443159745,False,False,-1
1550,Общественное питание,0.098298970402355,False,False,1
1550,Продовольствие,0.536052859345682,False,False,-1
1550,Транспорт,0.04914315009673503,False,False,-1
1551,Все категории,0.09860549128229176,False,False,-1
1551,Здоровье,0.5998164634347612,False,False,-1
1551,Маркетплейсы,0.5063042776079573,False,False,-1
1551,Общественное питание,0.14418148317021096,False,False,1
1551,Продовольствие,0.5178197807750816,False,False,-1
1551,Транспорт,0.3929558000909303,False,False,1
1552,Все категории,0.21988371495806136,False,False,-1
1552,Здоровье,0.2549807909499213,False,False,-1
1552,Маркетплейсы,0.4500170905491897,False,False,-1
1552,Общественное питание,0.051422692808669485,False,False,1
1552,Продовольствие,0.11766559426969378,False,False,-1
1552,Транспорт,0.29585322618824533,False,False,-1
1553,Все категории,0.6295034278704345,False,False,-1
1553,Здоровье,0.2264092525174281,False,False,-1
1553,Маркетплейсы,1.071212705066022,True,True,-1
1553,Общественное питание,0.34831048904094974,False,False,-1
1553,Продовольствие,0.715116167268467,False,True,-1
1553,Транспорт,0.3966844772317346,False,False,-1
1554,Все категории,0.14721261398468383,False,False,-1
1554,Здоровье,0.04173183328607037,False,False,-1
1554,Маркетплейсы,0.6244728838403131,False,False,-1
1554,Общественное питание,0.27294508723024713,False,False,1
1554,Продовольствие,0.22514021005708978,False,False,-1
1554,Транспорт,0.21649964357047718,False,False,1
1555,Все категории,0.33577286919244287,False,False,-1
1555,Здоровье,0.266631714404056,False,False,1
1555,Маркетплейсы,0.31796726410408865,False,False,-1
1555,Общественное питание,0.2290124110581665,False,False,1
1555,Продовольствие,0.22519097960088053,False,False,-1
1555,Транспорт,0.3560984593056882,False,False,1
1556,Все категории,0.3577735774193237,False,False,-1
1556,Здоровье,0.1261316340875161,False,False,-1
1556,Маркетплейсы,0.8847377150987568,False,True,-1
1556,Общественное питание,0.6199481010034461,False,False,-1
1556,Продовольствие,0.4590436772386971,False,False,-1
1556,Транспорт,0.07912402069952715,False,False,-1
1557,Все категории,0.07560820287283138,False,False,-1
1557,Здоровье,0.2472540142762933,False,False,-1
1557,Маркетплейсы,0.9499346728977514,False,True,-1
1557,Общественное питание,0.06526937519635917,False,False,-1
1557,Продовольствие,0.7367055579977324,False,True,-1
1557,Транспорт,0.1397373138066744,False,False,1
1558,Все категории,0.2942666192559874,False,False,1
1558,Здоровье,0.0,False,False,1
1558,Маркетплейсы,0.4118744703869413,False,False,-1
1558,Общественное питание,0.3415307450708228,False,False,1
1558,Продовольствие,0.026260832974838375,False,False,-1
1558,Транспорт,0.8676298213145018,False,True,-1
1559,Все категории,0.2503497718189351,False,False,-1
1559,Здоровье,0.12079398290732138,False,False,1
1559,Маркетплейсы,0.1832291681265421,False,False,-1
1559,Общественное питание,0.11000919587923919,False,False,-1
1559,Продовольствие,0.0,False,False,1
1559,Транспорт,0.19501846869770406,False,False,-1
1560,Все категории,0.5762386020398235,False,False,-1
1560,Здоровье,0.643032982479457,False,False,-1
1560,Маркетплейсы,0.3442515985758151,False,False,-1
1560,Общественное питание,0.0,False,False,1
1560,Продовольствие,0.7254891413960199,False,True,-1
1560,Транспорт,0.5032177307720564,False,False,-1
1561,Все категории,0.20746670304236103,False,False,1
1561,Здоровье,0.9626198225842355,False,True,-1
1561,Маркетплейсы,0.4908084563919729,False,False,-1
1561,Общественное питание,0.19535054752650693,False,False,-1
1561,Продовольствие,1.0324258329608516,True,True,-1
1561,Транспорт,0.09644783529072565,False,False,-1
1562,Все категории,0.4506035519727437,False,False,-1
1562,Здоровье,0.9074554477818638,False,True,-1
1562,Маркетплейсы,0.2358021862138145,False,False,-1
1562,Общественное питание,0.3750621023600792,False,False,-1
1562,Продовольствие,0.756279343471598,False,True,-1
1562,Транспорт,0.2683801440206733,False,False,-1
1563,Все категории,0.3385904156111336,False,False,-1
1563,Здоровье,0.3635967099351559,False,False,-1
1563,Маркетплейсы,0.8467559163996347,False,True,-1
1563,Общественное питание,0.6977690899252679,False,False,-1
1563,Продовольствие,0.4023305627385018,False,False,-1
1563,Транспорт,0.06201643051497227,False,False,-1
1564,Все категории,0.11545994822807293,False,False,-1
1564,Здоровье,0.272552210122529,False,False,-1
1564,Маркетплейсы,0.9228891357820049,False,True,-1
1564,Общественное питание,0.09080733085103088,False,False,-1
1564,Продовольствие,0.5940764278626576,False,False,-1
1564,Транспорт,0.27458632966623825,False,False,-1
1565,Все категории,0.1908426683438536,False,False,1
1565,Здоровье,0.07280043257596319,False,False,-1
1565,Маркетплейсы,0.6328831226637184,False,False,-1
1565,Общественное питание,0.6927169985389451,False,False,1
1565,Продовольствие,0.21939337916362112,False,False,1
1565,Транспорт,0.019899588745705132,False,False,-1
1566,Все категории,0.21368349300681416,False,False,-1
1566,Здоровье,0.16882995961481068,False,False,-1
1566,Маркетплейсы,0.13869062168085983,False,False,-1
1566,Общественное питание,0.3238278591874528,False,False,1
1566,Продовольствие,0.3535466881506714,False,False,-1
1566,Транспорт,0.2813287123435456,False,False,-1
1567,Все категории,0.33707766334884326,False,False,-1
1567,Здоровье,0.021976443522450234,False,False,1
1567,Маркетплейсы,2.1763896610653553,False,True,-1
1567,Общественное питание,0.045761871349588326,False,False,-1
1567,Продовольствие,0.2647976072298519,False,False,-1
1567,Транспорт,0.6451854494140001,False,False,-1
1568,Все категории,0.3658762253665808,False,False,-1
1568,Здоровье,0.2841018484290324,False,False,1
1568,Маркетплейсы,0.6510124419530505,False,False,-1
1568,Общественное питание,1.4375,True,True,-1
1568,Продовольствие,0.7773494080027573,False,True,-1
1568,Транспорт,0.2733086559586484,False,False,-1
1569,Все категории,0.30569119219588103,False,False,-1
1569,Здоровье,0.06690316171833288,False,False,-1
1569,Маркетплейсы,0.27359701347962256,False,False,-1
1569,Общественное питание,0.20415240403679014,False,False,1
1569,Продовольствие,0.08061266990276478,False,False,-1
1569,Транспорт,0.18278500999682049,False,False,1
1570,Все категории,0.898255229770424,False,True,-1
1570,Здоровье,0.814659440050326,False,True,-1
1570,Маркетплейсы,0.42157258494982464,False,False,-1
1570,Общественное питание,0.0,False,False,1
1570,Продовольствие,0.509217464499639,False,False,-1
1570,Транспорт,0.8465638095640959,False,True,-1
1571,Все категории,0.28243609225425137,False,False,-1
1571,Здоровье,0.4321249153921655,False,False,-1
1571,Маркетплейсы,0.5865338280507809,False,False,-1
1571,Общественное питание,0.4302188374677533,False,False,-1
1571,Продовольствие,0.09695716343025362,False,False,1
1571,Транспорт,0.12816810774147772,False,False,-1
1572,Все категории,0.5092399599454238,False,False,-1
1572,Здоровье,0.1573952273494963,False,False,-1
1572,Маркетплейсы,0.8727243698078474,False,True,-1
1572,Общественное питание,0.12034964908182585,False,False,-1
1572,Продовольствие,0.5217997190184569,False,False,-1
1572,Транспорт,0.13922143507259527,False,False,-1
1573,Все категории,0.1793245785091533,False,False,-1
1573,Здоровье,0.45470249397688,False,False,-1
1573,Маркетплейсы,0.21232212873341222,False,False,-1
1573,Общественное питание,0.0,False,False,1
1573,Продовольствие,0.021496166678730402,False,False,-1
1573,Транспорт,0.1684924736262151,False,False,-1
1574,Все категории,0.11034064087114087,False,False,-1
1574,Здоровье,0.28802076113722397,False,False,-1
1574,Маркетплейсы,1.0238560608839524,True,True,-1
1574,Общественное питание,0.078429925129711,False,False,-1
1574,Продовольствие,0.7683713038677165,False,True,-1
1574,Транспорт,0.2463237927238603,False,False,-1
1575,Все категории,0.08224999703900798,False,False,-1
1575,Здоровье,0.14401407455616583,False,False,-1
1575,Маркетплейсы,0.03466785777497927,False,False,-1
1575,Общественное питание,0.19336323415223083,False,False,-1
1575,Продовольствие,0.44094114258166583,False,False,-1
1575,Транспорт,0.08203568417164925,False,False,-1
1576,Все категории,0.0,False,False,0
1576,Здоровье,0.0,False,False,0
1576,Маркетплейсы,0.0,False,False,0
1576,Общественное питание,0.0,False,False,0
1576,Продовольствие,0.0,False,False,0
1576,Транспорт,0.0,False,False,0
1577,Все категории,0.18829307473087614,False,False,-1
1577,Здоровье,0.15373456384357687,False,False,-1
1577,Маркетплейсы,0.7830612041348428,False,True,-1
1577,Общественное питание,0.10276152665846561,False,False,-1
1577,Продовольствие,0.4406455859417133,False,False,-1
1577,Транспорт,0.5512337718281942,False,False,1
1578,Все категории,0.0013953477000405445,False,False,-1
1578,Здоровье,0.20597465835758672,False,False,-1
1578,Маркетплейсы,0.7189159674074037,False,True,-1
1578,Общественное питание,0.32366283512208455,False,False,1
1578,Продовольствие,0.5536716407458523,False,False,-1
1578,Транспорт,0.3271464243932753,False,False,1
1579,Все категории,0.653561675870483,False,False,-1
1579,Здоровье,0.049257072379686906,False,False,-1
1579,Маркетплейсы,0.1201375026129935,False,False,1
1579,Общественное питание,0.23405458678731372,False,False,1
1579,Продовольствие,0.25001909764538743,False,False,-1
1579,Транспорт,0.17086795448603984,False,False,-1
1580,Все категории,0.46122833465433,False,False,-1
1580,Здоровье,0.2057920787654844,False,False,-1
1580,Маркетплейсы,0.769185674239547,False,True,-1
1580,Общественное питание,0.1584293216601642,False,False,-1
1580,Продовольствие,0.3166150606039937,False,False,-1
1580,Транспорт,0.10905302021725127,False,False,-1
1581,Все категории,0.04592013726088656,False,False,-1
1581,Здоровье,0.19821119720458957,False,False,-1
1581,Маркетплейсы,0.40992141332119364,False,False,-1
1581,Общественное питание,0.02755257467446595,False,False,-1
1581,Продовольствие,0.17538994533662752,False,False,-1
1581,Транспорт,0.08428201266322083,False,False,1
1582,Все категории,0.3816078340794687,False,False,-1
1582,Здоровье,0.4474761084566029,False,False,-1
1582,Маркетплейсы,0.1477493459076748,False,False,-1
1582,Общественное питание,0.009548758508327843,False,False,1
1582,Продовольствие,0.1099870633881041,False,False,-1
1582,Транспорт,0.5292505182939922,False,False,-1
1583,Все категории,0.4394349583489603,False,False,-1
1583,Здоровье,0.5342575220168083,False,False,-1
1583,Маркетплейсы,1.1357832238131973,True,True,-1
1583,Общественное питание,0.0,False,False,1
1583,Продовольствие,0.6439166759251618,False,False,-1
1583,Транспорт,0.27687287106734554,False,False,-1
1584,Все категории,0.02236338320729596,False,False,1
1584,Здоровье,0.12079559129295855,False,False,1
1584,Маркетплейсы,0.05970398215376413,False,False,1
1584,Общественное питание,0.0017235148239422432,False,False,-1
1584,Продовольствие,0.07403548772201599,False,False,1
1584,Транспорт,0.1786130777393347,False,False,-1
1585,Все категории,0.1346186143710958,False,False,1
1585,Здоровье,0.2047568597559732,False,False,-1
1585,Маркетплейсы,0.04814605242975875,False,False,-1
1585,Общественное питание,0.5025071337444592,False,False,-1
1585,Продовольствие,0.3517736793292999,False,False,-1
1585,Транспорт,0.1252143545078657,False,False,1
1586,Все категории,0.09576099472529945,False,False,-1
1586,Здоровье,0.38050112949311343,False,False,-1
1586,Маркетплейсы,0.0,False,False,1
1586,Общественное питание,0.06632106493553339,False,False,-1
1586,Продовольствие,0.4804693902610918,False,False,-1
1586,Транспорт,0.0,False,False,1
1587,Все категории,0.8901009286850782,False,True,-1
1587,Здоровье,0.3686934041009046,False,False,-1
1587,Маркетплейсы,0.17474378022425993,False,False,-1
1587,Общественное питание,0.2730297530426611,False,False,1
1587,Продовольствие,0.8764167603187771,False,True,-1
1587,Транспорт,0.22177902160146057,False,False,-1
1588,Все категории,0.05760713862940639,False,False,-1
1588,Здоровье,0.1671719842857932,False,False,1
1588,Маркетплейсы,0.2200641337817934,False,False,-1
1588,Общественное питание,0.0,False,False,1
1588,Продовольствие,0.31053332875714423,False,False,1
1588,Транспорт,0.013745975001959995,False,False,-1
1589,Все категории,0.4577057492304717,False,False,-1
1589,Здоровье,0.03306741903611697,False,False,1
1589,Маркетплейсы,0.6324261757639856,False,False,-1
1589,Общественное питание,0.017834620451433997,False,False,1
1589,Продовольствие,0.4791896915367523,False,False,-1
1589,Транспорт,0.1472416179185124,False,False,-1
1590,Все категории,0.4695561846016275,False,False,-1
1590,Здоровье,0.055914855949474776,False,False,-1
1590,Маркетплейсы,0.0,False,False,1
1590,Общественное питание,0.0,False,False,1
1590,Продовольствие,0.47708492375998546,False,False,-1
1590,Транспорт,0.7775120589308943,False,True,-1
1591,Все категории,0.7742369635146555,False,True,-1
1591,Здоровье,0.32224737040225215,False,False,-1
1591,Маркетплейсы,0.8250422587864821,False,True,-1
1591,Общественное питание,0.41704474911828837,False,False,-1
1591,Продовольствие,0.040351234294547636,False,False,-1
1591,Транспорт,1.052722237809773,True,True,-1
1592,Все категории,0.12443620462437299,False,False,-1
1592,Здоровье,0.15645244479384346,False,False,-1
1592,Маркетплейсы,0.37637932432635346,False,False,-1
1592,Общественное питание,0.5595624771741096,False,False,-1
1592,Продовольствие,0.05576025608999946,False,False,-1
1592,Транспорт,0.18824852623198363,False,False,-1
1593,Все категории,0.2563184035976301,False,False,-1
1593,Здоровье,0.5727961433212266,False,False,-1
1593,Маркетплейсы,0.4693207780712747,False,False,-1
1593,Общественное питание,0.28578019845268615,False,False,1
1593,Продовольствие,0.32620616601544383,False,False,-1
1593,Транспорт,0.15606498082906015,False,False,1
1594,Все категории,0.1877777391518492,False,False,-1
1594,Здоровье,0.20635597261944777,False,False,-1
1594,Маркетплейсы,0.718523009337027,False,True,-1
1594,Общественное питание,0.30364531577420795,False,False,1
1594,Продовольствие,0.0,False,False,1
1594,Транспорт,0.1945291817647251,False,False,-1
1595,Все категории,0.0,False,False,1
1595,Здоровье,0.18619209712978962,False,False,1
1595,Маркетплейсы,0.29277095242820494,False,False,-1
1595,Общественное питание,0.014838017473138565,False,False,-1
1595,Продовольствие,0.13563741511994037,False,False,-1
1595,Транспорт,0.04971963335779617,False,False,-1
1596,Все категории,0.41149463405687287,False,False,-1
1596,Здоровье,0.014700283119967475,False,False,-1
1596,Маркетплейсы,0.1379914765386395,False,False,-1
1596,Общественное питание,0.08245253332276725,False,False,-1
1596,Продовольствие,0.44963527799312086,False,False,-1
1596,Транспорт,0.1393556457315576,False,False,-1
1597,Все категории,0.4221233452019648,False,False,-1
1597,Здоровье,0.0,False,False,1
1597,Маркетплейсы,1.0182749880732074,True,True,-1
1597,Общественное питание,0.4420475815304159,False,False,-1
1597,Продовольствие,0.20673484412068255,False,False,-1
1597,Транспорт,0.2219684536507257,False,False,-1
1598,Все категории,0.1510036950477483,False,False,-1
1598,Здоровье,0.06698667437273764,False,False,1
1598,Маркетплейсы,0.03948134972800596,False,False,-1
1598,Общественное питание,0.21306689055728378,False,False,-1
1598,Продовольствие,0.277589053079801,False,False,-1
1598,Транспорт,0.0784870090132479,False,False,1
1599,Все категории,0.03504904887519697,False,False,1
1599,Здоровье,0.31118994762167307,False,False,1
1599,Маркетплейсы,0.6068041512069277,False,False,-1
1599,Общественное питание,0.3816630425180994,False,False,-1
1599,Продовольствие,0.24597519260281425,False,False,-1
1599,Транспорт,0.09517723845307138,False,False,-1
1600,Все категории,0.6836298090676458,False,False,-1
1600,Здоровье,0.14910474253176964,False,False,-1
1600,Маркетплейсы,0.39591803249503743,False,False,-1
1600,Общественное питание,0.8788870238266211,False,True,-1
1600,Продовольствие,0.36224529812968154,False,False,-1
1600,Транспорт,0.9512773258259462,False,True,-1
1601,Все категории,0.615995416791609,False,False,-1
1601,Здоровье,0.3157757003772535,False,False,-1
1601,Маркетплейсы,1.0339230541367412,True,True,-1
1601,Общественное питание,0.7595728712995955,False,True,-1
1601,Продовольствие,0.5101002375012272,False,False,-1
1601,Транспорт,0.30145033580990205,False,False,-1
1602,Все категории,0.00033927908723396794,False,False,-1
1602,Здоровье,0.3544082646117158,False,False,1
1602,Маркетплейсы,0.4784093771092004,False,False,-1
1602,Общественное питание,0.16255798867747764,False,False,1
1602,Продовольствие,0.08983547831063529,False,False,1
1602,Транспорт,0.3959831805295636,False,False,-1
1603,Все категории,0.09472018160914142,False,False,-1
1603,Здоровье,0.06886950704549977,False,False,-1
1603,Маркетплейсы,0.8813714032884763,False,True,-1
1603,Общественное питание,1.0087976636480345,True,True,-1
1603,Продовольствие,0.06884613041750767,False,False,-1
1603,Транспорт,0.0,False,False,1
1604,Все категории,0.6888718171300853,False,False,-1
1604,Здоровье,0.09881634451070365,False,False,-1
1604,Маркетплейсы,0.847019435956958,False,True,-1
1604,Общественное питание,0.17938023388043262,False,False,-1
1604,Продовольствие,0.7505914641359398,False,True,-1
1604,Транспорт,0.011665210461354478,False,False,-1
1605,Все категории,0.09751052142995048,False,False,-1
1605,Здоровье,0.03031584197809302,False,False,-1
1605,Маркетплейсы,0.20216232909668375,False,False,-1
1605,Общественное питание,0.536721730439617,False,False,1
1605,Продовольствие,0.4615446132481532,False,False,-1
1605,Транспорт,0.00411309314416583,False,False,-1
1606,Все категории,0.0,False,False,1
1606,Здоровье,0.278072216229189,False,False,-1
1606,Маркетплейсы,0.4711821124302473,False,False,-1
1606,Общественное питание,0.3552996939769213,False,False,1
1606,Продовольствие,0.2588230435237203,False,False,-1
1606,Транспорт,0.3867650377255383,False,False,1
1607,Все категории,0.1346921379767609,False,False,-1
1607,Здоровье,0.21342710000091225,False,False,-1
1607,Маркетплейсы,0.167006107486594,False,False,-1
1607,Общественное питание,0.5810667398541356,False,False,1
1607,Продовольствие,0.1505540268855909,False,False,-1
1607,Транспорт,0.0,False,False,1
1608,Все категории,0.5119280551606429,False,False,-1
1608,Здоровье,0.10675632388908482,False,False,-1
1608,Маркетплейсы,0.6665666501911605,False,False,-1
1608,Общественное питание,0.0021765095819371583,False,False,1
1608,Продовольствие,0.8057090421717437,False,True,-1
1608,Транспорт,0.4987464108983939,False,False,1
1609,Все категории,0.24542004504135662,False,False,-1
1609,Здоровье,0.021684989332739116,False,False,1
1609,Маркетплейсы,0.669197349656971,False,False,-1
1609,Общественное питание,0.011000853540610145,False,False,-1
1609,Продовольствие,0.524638597149026,False,False,-1
1609,Транспорт,0.1896198017636821,False,False,1
1610,Все категории,0.24006371702042123,False,False,-1
1610,Здоровье,0.6124213515316099,False,False,1
1610,Маркетплейсы,0.720406520403018,False,True,-1
1610,Общественное питание,0.5119714441399444,False,False,-1
1610,Продовольствие,0.8842078695148042,False,True,-1
1610,Транспорт,0.21550243005425784,False,False,-1
1611,Все категории,0.2876588995220931,False,False,-1
1611,Здоровье,0.21904785571292307,False,False,-1
1611,Маркетплейсы,0.6988513952144744,False,False,-1
1611,Общественное питание,0.28664955221268335,False,False,-1
1611,Продовольствие,0.38287462521928484,False,False,-1
1611,Транспорт,0.07222672294906132,False,False,-1
1612,Все категории,0.25254366020937713,False,False,1
1612,Здоровье,0.0,False,False,1
1612,Маркетплейсы,0.44113289489561447,False,False,-1
1612,Общественное питание,0.15498691032548795,False,False,-1
1612,Продовольствие,0.44952839699920777,False,False,-1
1612,Транспорт,0.1710914448670865,False,False,1
1613,Все категории,0.20276038542469343,False,False,-1
1613,Здоровье,0.028703310239289237,False,False,1
1613,Маркетплейсы,0.34643580109395766,False,False,-1
1613,Общественное питание,0.5663484494132581,False,False,1
1613,Продовольствие,0.1396472913541153,False,False,-1
1613,Транспорт,0.016390035285239607,False,False,-1
1614,Все категории,0.5598211818553575,False,False,-1
1614,Здоровье,0.2962672437919764,False,False,-1
1614,Маркетплейсы,0.9644217238158628,False,True,-1
1614,Общественное питание,0.005494024146440485,False,False,-1
1614,Продовольствие,1.1686288416271775,True,True,-1
1614,Транспорт,0.4486214765504406,False,False,1
1615,Все категории,0.16772188388090692,False,False,-1
1615,Здоровье,0.0,False,False,1
1615,Маркетплейсы,0.9271757837950174,False,True,-1
1615,Общественное питание,0.1841712144872982,False,False,-1
1615,Продовольствие,0.581696945069575,False,False,-1
1615,Транспорт,0.47462270708996035,False,False,-1
1616,Все категории,0.2583143869233281,False,False,-1
1616,Здоровье,0.11142109740253317,False,False,-1
1616,Маркетплейсы,1.0671946000367185,True,True,-1
1616,Общественное питание,0.16355416676396292,False,False,1
1616,Продовольствие,0.4183801039377705,False,False,-1
1616,Транспорт,0.09038642383653159,False,False,-1
1617,Все категории,0.26678314675081477,False,False,-1
1617,Здоровье,0.13134304380871545,False,False,-1
1617,Маркетплейсы,0.11131443110202935,False,False,-1
1617,Общественное питание,0.368892143447942,False,False,1
1617,Продовольствие,0.21197358244521808,False,False,-1
1617,Транспорт,0.8282516778671303,False,True,1
1618,Все категории,0.13005144968202603,False,False,-1
1618,Здоровье,0.14685633814285898,False,False,-1
1618,Маркетплейсы,0.5926983216136049,False,False,-1
1618,Общественное питание,0.2294719570525885,False,False,1
1618,Продовольствие,0.49204784661887957,False,False,-1
1618,Транспорт,0.10920947292403349,False,False,1
1619,Все категории,0.6418374994050356,False,False,-1
1619,Здоровье,0.06201887726973558,False,False,-1
1619,Маркетплейсы,1.0230698074160423,True,True,-1
1619,Общественное питание,0.335557644907577,False,False,-1
1619,Продовольствие,0.7078980334978722,False,True,-1
1619,Транспорт,0.4656186916549422,False,False,-1
1620,Все категории,0.8900285598632287,False,True,-1
1620,Здоровье,0.5708692166944735,False,False,-1
1620,Маркетплейсы,0.8674707360268933,False,True,-1
1620,Общественное питание,0.4293754820172014,False,False,-1
1620,Продовольствие,0.819151324670225,False,True,-1
1620,Транспорт,0.5350806238713218,False,False,-1
1621,Все категории,0.1085120617482504,False,False,-1
1621,Здоровье,0.18910971599307153,False,False,-1
1621,Маркетплейсы,0.8802299967656133,False,True,-1
1621,Общественное питание,0.27099462367351407,False,False,-1
1621,Продовольствие,0.07418616981484066,False,False,-1
1621,Транспорт,0.0,False,False,1
1622,Все категории,0.04990142076929263,False,False,-1
1622,Здоровье,0.6369640638564004,False,False,1
1622,Маркетплейсы,0.5763246534955131,False,False,-1
1622,Общественное питание,0.04298224507315063,False,False,-1
1622,Продовольствие,0.3026065164222781,False,False,-1
1622,Транспорт,0.799864717746334,False,True,-1
1623,Все категории,0.4449158783893947,False,False,-1
1623,Здоровье,0.1429292023868825,False,False,1
1623,Маркетплейсы,0.6850674292868741,False,False,-1
1623,Общественное питание,0.3473364770420234,False,False,1
1623,Продовольствие,0.5047836710971363,False,False,-1
1623,Транспорт,0.0,False,False,1
1624,Все категории,0.16411525543131833,False,False,-1
1624,Здоровье,0.011173042626490215,False,False,-1
1624,Маркетплейсы,0.6038066846343307,False,False,-1
1624,Общественное питание,0.4014572857480402,False,False,-1
1624,Продовольствие,0.253798542437802,False,False,-1
1624,Транспорт,0.183769251964254,False,False,-1
1625,Все категории,0.5369228394136101,False,False,-1
1625,Здоровье,0.4598669512688678,False,False,-1
1625,Маркетплейсы,1.0670507201934358,True,True,-1
1625,Общественное питание,0.3433484907256511,False,False,-1
1625,Продовольствие,0.7037141529612821,False,True,-1
1625,Транспорт,0.13449035638964127,False,False,1
1626,Все категории,0.3428804366612411,False,False,-1
1626,Здоровье,0.23810337702771872,False,False,1
1626,Маркетплейсы,0.332051712873796,False,False,-1
1626,Общественное питание,0.1402325572716539,False,False,-1
1626,Продовольствие,0.8444465747966612,False,True,-1
1626,Транспорт,0.015101289574248125,False,False,-1
1627,Все категории,0.7277449116370815,False,True,-1
1627,Здоровье,0.19136574258293232,False,False,1
1627,Маркетплейсы,0.5261024215585215,False,False,-1
1627,Общественное питание,0.004615745008776581,False,False,-1
1627,Продовольствие,0.03670388195026719,False,False,-1
1627,Транспорт,0.016688290268867964,False,False,1
1628,Все категории,0.0683454293264037,False,False,-1
1628,Здоровье,0.2300498420688114,False,False,1
1628,Маркетплейсы,0.538280957724943,False,False,-1
1628,Общественное питание,0.23460546074396071,False,False,-1
1628,Продовольствие,0.10506638680786742,False,False,-1
1628,Транспорт,0.08280974832177193,False,False,-1
1629,Все категории,0.4992197180731437,False,False,-1
1629,Здоровье,0.21382434516756255,False,False,-1
1629,Маркетплейсы,0.11461994635109662,False,False,-1
1629,Общественное питание,0.1483571005180325,False,False,-1
1629,Продовольствие,0.5568399521583022,False,False,-1
1629,Транспорт,0.28498003733206834,False,False,-1
1630,Все категории,0.6434945481687853,False,False,-1
1630,Здоровье,0.7222357930389922,False,True,-1
1630,Маркетплейсы,0.5072167281165092,False,False,-1
1630,Общественное питание,0.18790108132426703,False,False,1
1630,Продовольствие,0.4915429784434878,False,False,-1
1630,Транспорт,0.350930533023993,False,False,1
1631,Все категории,0.8376659472591066,False,True,-1
1631,Здоровье,0.2022296755061594,False,False,-1
1631,Маркетплейсы,0.45099004970775625,False,False,-1
1631,Общественное питание,0.12561724825761017,False,False,1
1631,Продовольствие,0.8746341417825534,False,True,-1
1631,Транспорт,0.528063940778447,False,False,1
1632,Все категории,0.35306670486623337,False,False,-1
1632,Здоровье,0.0,False,False,1
1632,Маркетплейсы,0.045043300950055334,False,False,-1
1632,Общественное питание,0.5540462402159778,False,False,-1
1632,Продовольствие,0.30572183108903384,False,False,-1
1632,Транспорт,0.26252683702325863,False,False,-1
1633,Все категории,0.13878779701604807,False,False,-1
1633,Здоровье,0.17836967943620854,False,False,-1
1633,Маркетплейсы,0.5549106188741024,False,False,-1
1633,Общественное питание,0.19162804412949286,False,False,1
1633,Продовольствие,0.21627279847092995,False,False,-1
1633,Транспорт,0.16422302021187277,False,False,-1
1634,Все категории,0.32724185230343594,False,False,-1
1634,Здоровье,0.05798547409020123,False,False,-1
1634,Маркетплейсы,0.9360499154778412,False,True,-1
1634,Общественное питание,0.1928913908301409,False,False,1
1634,Продовольствие,0.2242361967536305,False,False,-1
1634,Транспорт,0.4205841837689928,False,False,1
1635,Все категории,0.25143369985789155,False,False,-1
1635,Здоровье,0.10308554435661796,False,False,1
1635,Маркетплейсы,0.07425586099180156,False,False,-1
1635,Общественное питание,0.09424184518313475,False,False,1
1635,Продовольствие,0.03381012422976619,False,False,-1
1635,Транспорт,0.3297485300257888,False,False,1
1636,Все категории,0.16738645293918009,False,False,-1
1636,Здоровье,0.0,False,False,1
1636,Маркетплейсы,0.6811869417568266,False,False,-1
1636,Общественное питание,0.19399661904856158,False,False,-1
1636,Продовольствие,0.13825418295214814,False,False,-1
1636,Транспорт,0.07734059397686074,False,False,-1
1637,Все категории,0.4800681970046581,False,False,-1
1637,Здоровье,0.22565192513425814,False,False,-1
1637,Маркетплейсы,0.5442237459978949,False,False,-1
1637,Общественное питание,0.2542217427177466,False,False,-1
1637,Продовольствие,0.999649528272418,False,True,-1
1637,Транспорт,0.07182845491421391,False,False,-1
1638,Все категории,0.32417953072551764,False,False,-1
1638,Здоровье,0.0,False,False,1
1638,Маркетплейсы,0.7938576570931768,False,True,-1
1638,Общественное питание,1.0428903108108358,True,True,-1
1638,Продовольствие,0.639849474152395,False,False,-1
1638,Транспорт,0.1009594393985708,False,False,-1
1639,Все категории,0.18439713805007307,False,False,-1
1639,Здоровье,0.0,False,False,1
1639,Маркетплейсы,0.5121967424740461,False,False,-1
1639,Общественное питание,0.0,False,False,1
1639,Продовольствие,0.9257545095393533,False,True,-1
1639,Транспорт,0.7502881883351828,False,True,1
1640,Все категории,0.6295041500385256,False,False,-1
1640,Здоровье,0.06648526300833402,False,False,-1
1640,Маркетплейсы,1.180819198467104,True,True,-1
1640,Общественное питание,0.192155144743886,False,False,-1
1640,Продовольствие,0.2838907774188418,False,False,-1
1640,Транспорт,0.20002223678808412,False,False,1
1641,Все категории,0.20456891174935704,False,False,-1
1641,Здоровье,0.446106518209042,False,False,-1
1641,Маркетплейсы,0.4693801708285513,False,False,-1
1641,Общественное питание,0.4720525713474576,False,False,-1
1641,Продовольствие,0.28466102704858887,False,False,-1
1641,Транспорт,0.09811625169337138,False,False,-1
1642,Все категории,0.29093101093354173,False,False,-1
1642,Здоровье,0.08323557590613129,False,False,1
1642,Маркетплейсы,0.775077628166532,False,True,-1
1642,Общественное питание,0.5557895099386472,False,False,-1
1642,Продовольствие,0.3515282563817532,False,False,-1
1642,Транспорт,0.04094823025553834,False,False,-1
1643,Все категории,0.009732129322993013,False,False,-1
1643,Здоровье,0.2934998962394328,False,False,-1
1643,Маркетплейсы,0.3799694042829598,False,False,-1
1643,Общественное питание,0.019503439627741495,False,False,1
1643,Продовольствие,0.6416894574777965,False,False,-1
1643,Транспорт,0.0090543545978862,False,False,-1
1644,Все категории,0.21119634585719016,False,False,-1
1644,Здоровье,0.10656033157273759,False,False,1
1644,Маркетплейсы,1.0702427455261934,True,True,-1
1644,Общественное питание,0.6486384459278297,False,False,1
1644,Продовольствие,0.5568084138697943,False,False,-1
1644,Транспорт,0.1791517436245237,False,False,-1
1645,Все категории,0.27229659355092783,False,False,-1
1645,Здоровье,0.18188394003674066,False,False,-1
1645,Маркетплейсы,0.9621981120891772,False,True,-1
1645,Общественное питание,0.03253253437831301,False,False,-1
1645,Продовольствие,0.04840263867299216,False,False,-1
1645,Транспорт,0.3718318722070628,False,False,1
1646,Все категории,0.2427630350095229,False,False,-1
1646,Здоровье,0.11726203553603526,False,False,-1
1646,Маркетплейсы,0.7230414803038361,False,True,-1
1646,Общественное питание,0.6758462130044689,False,False,-1
1646,Продовольствие,0.30319714394747144,False,False,-1
1646,Транспорт,0.26869525642493397,False,False,-1
1647,Все категории,0.3001181659137577,False,False,-1
1647,Здоровье,0.12991824956650463,False,False,-1
1647,Маркетплейсы,0.8411534800260516,False,True,-1
1647,Общественное питание,0.017333209943872566,False,False,-1
1647,Продовольствие,0.1988089018865919,False,False,-1
1647,Транспорт,0.4398671292877602,False,False,1
1648,Все категории,0.5111565722370192,False,False,-1
1648,Здоровье,0.6203684258902449,False,False,-1
1648,Маркетплейсы,0.7823397450483144,False,True,-1
1648,Общественное питание,0.2071803447734184,False,False,-1
1648,Продовольствие,0.32668170591606227,False,False,-1
1648,Транспорт,0.07314670473284593,False,False,-1
1649,Все категории,0.2482086952408606,False,False,-1
1649,Здоровье,0.13157860291500173,False,False,-1
1649,Маркетплейсы,0.6692225109597982,False,False,-1
1649,Общественное питание,0.0,False,False,1
1649,Продовольствие,0.1969944367975187,False,False,-1
1649,Транспорт,0.11312244769284363,False,False,-1
1650,Все категории,0.238493644433039,False,False,-1
1650,Здоровье,0.4454907289488266,False,False,-1
1650,Маркетплейсы,0.5405725027740096,False,False,-1
1650,Общественное питание,0.3451765534736969,False,False,-1
1650,Продовольствие,0.4896081960231331,False,False,-1
1650,Транспорт,0.24083057694070376,False,False,1
1651,Все категории,0.3191332469748561,False,False,-1
1651,Здоровье,0.5990191190352452,False,False,1
1651,Маркетплейсы,0.2711536393553553,False,False,-1
1651,Общественное питание,0.508527044335453,False,False,-1
1651,Продовольствие,0.10538777307998387,False,False,-1
1651,Транспорт,0.12311988956659567,False,False,-1
1652,Все категории,0.8847716456578296,False,True,-1
1652,Здоровье,0.25624901270853256,False,False,-1
1652,Маркетплейсы,0.04769311061704967,False,False,-1
1652,Общественное питание,0.6313684910954239,False,False,-1
1652,Продовольствие,0.07861423295379841,False,False,-1
1652,Транспорт,0.7301295921610333,False,True,-1
1653,Все категории,0.7078544718460442,False,True,-1
1653,Здоровье,0.2673684793977531,False,False,-1
1653,Маркетплейсы,0.2390378274063651,False,False,-1
1653,Общественное питание,0.1526452230736317,False,False,1
1653,Продовольствие,0.8846169111977024,False,True,-1
1653,Транспорт,0.0,False,False,1
1654,Все категории,0.30304397017412804,False,False,-1
1654,Здоровье,0.2897689088770123,False,False,-1
1654,Маркетплейсы,0.2563295073502318,False,False,-1
1654,Общественное питание,0.8097082529863739,False,True,-1
1654,Продовольствие,0.5151451960954847,False,False,-1
1654,Транспорт,0.0,False,False,1
1655,Все категории,0.7152331111851716,False,True,-1
1655,Здоровье,0.18164300359761107,False,False,-1
1655,Маркетплейсы,0.588472438572934,False,False,-1
1655,Общественное питание,0.04360226478901752,False,False,-1
1655,Продовольствие,0.6226778242488227,False,False,-1
1655,Транспорт,0.3124208613923729,False,False,-1
1656,Все категории,0.023286919650927204,False,False,-1
1656,Здоровье,0.1297109064842082,False,False,1
1656,Маркетплейсы,0.03754168603236685,False,False,-1
1656,Общественное питание,0.0,False,False,1
1656,Продовольствие,0.15183672600245202,False,False,-1
1656,Транспорт,0.041635070449221795,False,False,-1
1657,Все категории,0.0803824216150944,False,False,-1
1657,Здоровье,0.5981497637289213,False,False,1
1657,Маркетплейсы,0.04222109987854146,False,False,1
1657,Общественное питание,0.11931286612359321,False,False,-1
1657,Продовольствие,0.0,False,False,1
1657,Транспорт,0.14376502568024002,False,False,-1
1658,Все категории,0.28095268092323644,False,False,-1
1658,Здоровье,0.09426649470120746,False,False,-1
1658,Маркетплейсы,0.6356149472288115,False,False,-1
1658,Общественное питание,0.3435586946299224,False,False,-1
1658,Продовольствие,0.7297679099485477,False,True,-1
1658,Транспорт,0.26441781337193176,False,False,1
1659,Все категории,0.2031175856248481,False,False,-1
1659,Здоровье,0.007972946561536437,False,False,1
1659,Маркетплейсы,0.9572392747294156,False,True,-1
1659,Общественное питание,0.0,False,False,1
1659,Продовольствие,0.45123237752995893,False,False,-1
1659,Транспорт,0.3325004511560895,False,False,-1
1660,Все категории,0.3971113978639921,False,False,-1
1660,Здоровье,0.19716507254047905,False,False,-1
1660,Маркетплейсы,0.4783573113349624,False,False,-1
1660,Общественное питание,0.4769733178032237,False,False,-1
1660,Продовольствие,0.4797764615117296,False,False,-1
1660,Транспорт,0.040355745643577176,False,False,1
1661,Все категории,0.11528081886270602,False,False,-1
1661,Здоровье,0.09344109262287151,False,False,-1
1661,Маркетплейсы,0.2557702675078287,False,False,-1
1661,Общественное питание,0.8269104929279887,False,True,1
1661,Продовольствие,1.2221019775467359,True,True,-1
1661,Транспорт,0.03746781273425584,False,False,-1
1662,Все категории,0.5813763313671585,False,False,-1
1662,Здоровье,0.09396186011561602,False,False,-1
1662,Маркетплейсы,0.3360202058348946,False,False,-1
1662,Общественное питание,0.05292296585262213,False,False,-1
1662,Продовольствие,0.15691722767339933,False,False,-1
1662,Транспорт,0.30584055835746804,False,False,-1
1663,Все категории,0.7966754467907735,False,True,-1
1663,Здоровье,0.1946739775492869,False,False,-1
1663,Маркетплейсы,0.05140442165711931,False,False,-1
1663,Общественное питание,0.1526879337292492,False,False,-1
1663,Продовольствие,0.5930621202689444,False,False,-1
1663,Транспорт,0.291708725118584,False,False,-1
1664,Все категории,0.002125583292141686,False,False,-1
1664,Здоровье,0.35172442642460355,False,False,-1
1664,Маркетплейсы,0.17017136842474548,False,False,-1
1664,Общественное питание,0.07528158775127108,False,False,-1
1664,Продовольствие,1.0290109862377683,True,True,-1
1664,Транспорт,0.5108661944744809,False,False,1
1665,Все категории,0.41370049335950987,False,False,-1
1665,Здоровье,0.3048071376037322,False,False,-1
1665,Маркетплейсы,0.6882040434856347,False,False,-1
1665,Общественное питание,0.0500736352853923,False,False,-1
1665,Продовольствие,0.77898639153294,False,True,-1
1665,Транспорт,0.025325080287565166,False,False,-1
1666,Все категории,0.5747051163805912,False,False,-1
1666,Здоровье,0.1858654969688753,False,False,-1
1666,Маркетплейсы,0.4532184228773376,False,False,-1
1666,Общественное питание,0.11696691622949357,False,False,-1
1666,Продовольствие,0.8856175673808029,False,True,-1
1666,Транспорт,0.05582778113265542,False,False,-1
1667,Все категории,0.39278469493363233,False,False,-1
1667,Здоровье,0.2281731578790978,False,False,-1
1667,Маркетплейсы,0.9919498876182349,False,True,-1
1667,Общественное питание,0.3674970513810065,False,False,1
1667,Продовольствие,0.3139175508813946,False,False,-1
1667,Транспорт,0.37476261996053234,False,False,-1
1668,Все категории,0.6536466261280499,False,False,-1
1668,Здоровье,0.8156424522291743,False,True,-1
1668,Маркетплейсы,0.30018092816314845,False,False,-1
1668,Общественное питание,0.020052844901910158,False,False,-1
1668,Продовольствие,0.45510947018751635,False,False,-1
1668,Транспорт,0.1472014398641923,False,False,-1
1669,Все категории,0.6765747395301815,False,False,-1
1669,Здоровье,0.2653007051408463,False,False,-1
1669,Маркетплейсы,0.9102021543945192,False,True,-1
1669,Общественное питание,0.011863571064646264,False,False,1
1669,Продовольствие,0.5879179644323014,False,False,-1
1669,Транспорт,0.22818700709188888,False,False,-1
1670,Все категории,0.3619303241040134,False,False,-1
1670,Здоровье,0.37674353277561506,False,False,-1
1670,Маркетплейсы,0.589382819544448,False,False,-1
1670,Общественное питание,0.21049462872024027,False,False,-1
1670,Продовольствие,0.7353933757639738,False,True,-1
1670,Транспорт,0.0,False,False,1
1671,Все категории,0.38757418889658896,False,False,-1
1671,Здоровье,0.7655347496328753,False,True,-1
1671,Маркетплейсы,0.7919061516213122,False,True,-1
1671,Общественное питание,0.018287856098653438,False,False,-1
1671,Продовольствие,0.3431580405316989,False,False,-1
1671,Транспорт,0.5086352217328834,False,False,-1
1672,Все категории,0.38310929401503657,False,False,-1
1672,Здоровье,0.0026966169509167748,False,False,-1
1672,Маркетплейсы,1.565756370169992,False,True,-1
1672,Общественное питание,0.2840989765931083,False,False,-1
1672,Продовольствие,0.7368924958851146,False,True,-1
1672,Транспорт,0.2876191336786954,False,False,-1
1673,Все категории,0.5752089015362578,False,False,-1
1673,Здоровье,0.08384686910226657,False,False,-1
1673,Маркетплейсы,0.3143012039510463,False,False,-1
1673,Общественное питание,0.002445303448063693,False,False,-1
1673,Продовольствие,0.40180856720768676,False,False,-1
1673,Транспорт,0.06022659212500607,False,False,-1
1674,Все категории,0.0,False,False,1
1674,Здоровье,0.34929217000658863,False,False,-1
1674,Маркетплейсы,0.6627356105121023,False,False,-1
1674,Общественное питание,0.03395794091249213,False,False,1
1674,Продовольствие,0.4301026379041638,False,False,-1
1674,Транспорт,0.062254186251381224,False,False,-1
1675,Все категории,0.6026019146065006,False,False,-1
1675,Здоровье,0.8039783290062126,False,True,-1
1675,Маркетплейсы,0.25313013194359557,False,False,-1
1675,Общественное питание,0.40682424291541464,False,False,-1
1675,Продовольствие,0.024576881039370682,False,False,-1
1675,Транспорт,0.09805526480941518,False,False,-1
1676,Все категории,0.41916094036192086,False,False,-1
1676,Здоровье,0.4011254209761028,False,False,-1
1676,Маркетплейсы,0.9924243044346688,False,True,-1
1676,Общественное питание,0.06371220946346617,False,False,-1
1676,Продовольствие,0.5663630705518183,False,False,-1
1676,Транспорт,0.11607896054994371,False,False,-1
1678,Все категории,0.3121500921511694,False,False,-1
1678,Здоровье,0.48381554009762195,False,False,-1
1678,Маркетплейсы,0.16319148850908866,False,False,-1
1678,Общественное питание,0.2110211548976374,False,False,-1
1678,Продовольствие,0.83183578483661,False,True,-1
1678,Транспорт,0.017669207654374575,False,False,-1
1679,Все категории,0.8802071220839872,False,True,-1
1679,Здоровье,0.11565644803227312,False,False,-1
1679,Маркетплейсы,0.9091939071603405,False,True,-1
1679,Общественное питание,0.2779316570501629,False,False,-1
1679,Продовольствие,0.8115732576693602,False,True,-1
1679,Транспорт,0.6473528166604875,False,False,-1
1680,Все категории,0.18622203621849176,False,False,-1
1680,Здоровье,0.19076736667187544,False,False,-1
1680,Маркетплейсы,0.33646641581371617,False,False,-1
1680,Общественное питание,0.5075787491608817,False,False,-1
1680,Продовольствие,0.40070630596077206,False,False,-1
1680,Транспорт,0.44935964221141134,False,False,-1
1681,Все категории,0.2525506577707156,False,False,-1
1681,Здоровье,1.1309109762846572,True,True,-1
1681,Маркетплейсы,0.22352998198263885,False,False,-1
1681,Общественное питание,0.17654908494466853,False,False,-1
1681,Продовольствие,0.5189072647176485,False,False,-1
1681,Транспорт,0.1814554171599727,False,False,-1
1682,Все категории,0.14692718478657144,False,False,-1
1682,Здоровье,0.35477442229284417,False,False,-1
1682,Маркетплейсы,0.5497485112592888,False,False,-1
1682,Общественное питание,0.2543298044317437,False,False,-1
1682,Продовольствие,0.842754642889541,False,True,-1
1682,Транспорт,0.02725487035124184,False,False,-1
1683,Все категории,0.2807677163721367,False,False,-1
1683,Здоровье,0.2837850690903555,False,False,-1
1683,Маркетплейсы,0.29034579639651426,False,False,-1
1683,Общественное питание,0.026634236588027438,False,False,-1
1683,Продовольствие,0.0,False,False,1
1683,Транспорт,0.11908317922882272,False,False,-1
1684,Все категории,0.0,False,False,0
1684,Здоровье,0.0,False,False,0
1684,Маркетплейсы,0.0,False,False,0
1684,Общественное питание,0.0,False,False,0
1684,Продовольствие,0.0,False,False,0
1684,Транспорт,0.0,False,False,0
1685,Все категории,0.28568145854199034,False,False,-1
1685,Здоровье,0.49455279135016816,False,False,-1
1685,Маркетплейсы,0.967292054142443,False,True,-1
1685,Общественное питание,0.09240402301429237,False,False,-1
1685,Продовольствие,0.27456269151127743,False,False,-1
1685,Транспорт,0.1026335425522755,False,False,1
1686,Все категории,0.5533937794553394,False,False,-1
1686,Здоровье,0.28915518607397783,False,False,-1
1686,Маркетплейсы,0.6914619219175766,False,False,-1
1686,Общественное питание,0.16000945766719785,False,False,-1
1686,Продовольствие,0.6543283234430142,False,False,-1
1686,Транспорт,0.14314629671612636,False,False,-1
1687,Все категории,0.9578880184149046,False,True,-1
1687,Здоровье,0.3010697849291968,False,False,-1
1687,Маркетплейсы,0.7705302548935098,False,True,-1
1687,Общественное питание,0.9739361403971216,False,True,-1
1687,Продовольствие,0.8326262736566952,False,True,-1
1687,Транспорт,0.1984934713821241,False,False,-1
1688,Все категории,0.16417752941157276,False,False,-1
1688,Здоровье,0.07522322598595055,False,False,-1
1688,Маркетплейсы,0.5891407723227456,False,False,-1
1688,Общественное питание,0.23099415100749815,False,False,1
1688,Продовольствие,0.30181982778759997,False,False,-1
1688,Транспорт,0.4965079443286622,False,False,-1
1689,Все категории,0.5570552850052681,False,False,-1
1689,Здоровье,0.7069732877040811,False,True,-1
1689,Маркетплейсы,0.005769870659101312,False,False,-1
1689,Общественное питание,0.9326400315805778,False,True,1
1689,Продовольствие,0.30665042180014945,False,False,-1
1689,Транспорт,0.08996557316254161,False,False,-1
1690,Все категории,0.8430116786900557,False,True,-1
1690,Здоровье,0.4145386944668278,False,False,-1
1690,Маркетплейсы,0.38748574177729633,False,False,-1
1690,Общественное питание,0.20368340744927338,False,False,-1
1690,Продовольствие,0.18250485017789161,False,False,-1
1690,Транспорт,0.7487635593433478,False,True,-1
1691,Все категории,0.4297536506278604,False,False,-1
1691,Здоровье,0.7012604325464422,False,True,-1
1691,Маркетплейсы,0.12481284257951505,False,False,-1
1691,Общественное питание,0.1432682392176874,False,False,1
1691,Продовольствие,0.3503439193475803,False,False,-1
1691,Транспорт,0.05081947859522945,False,False,1
1692,Все категории,0.2992004616612506,False,False,-1
1692,Здоровье,0.2442114618133474,False,False,-1
1692,Маркетплейсы,0.7194160516035206,False,True,-1
1692,Общественное питание,0.08935949925335551,False,False,1
1692,Продовольствие,0.13017492531328162,False,False,-1
1692,Транспорт,0.18215017905715133,False,False,-1
1693,Все категории,0.6488904676810701,False,False,-1
1693,Здоровье,0.37090018865989327,False,False,-1
1693,Маркетплейсы,0.6709320505054823,False,False,-1
1693,Общественное питание,0.0,False,False,1
1693,Продовольствие,0.5217978247412405,False,False,-1
1693,Транспорт,0.6964976505922453,False,False,1
1694,Все категории,0.0,False,False,1
1694,Здоровье,0.4295379945214703,False,False,-1
1694,Маркетплейсы,0.38695602168495474,False,False,-1
1694,Общественное питание,0.25676172473133446,False,False,-1
1694,Продовольствие,0.13872920991425405,False,False,1
1694,Транспорт,0.16680641952126551,False,False,-1
1695,Все категории,0.0,False,False,0
1695,Здоровье,0.0,False,False,0
1695,Маркетплейсы,0.0,False,False,0
1695,Общественное питание,0.0,False,False,0
1695,Продовольствие,0.0,False,False,0
1695,Транспорт,0.0,False,False,0
1696,Все категории,0.10274971901815966,False,False,-1
1696,Здоровье,0.6150798501655682,False,False,-1
1696,Маркетплейсы,0.7851998796567269,False,True,-1
1696,Общественное питание,0.447115696647158,False,False,-1
1696,Продовольствие,0.15342708061019444,False,False,-1
1696,Транспорт,0.25576751456807056,False,False,-1
1697,Все категории,0.08389959438572506,False,False,-1
1697,Здоровье,0.04428581051796869,False,False,1
1697,Маркетплейсы,1.1902877958594584,True,True,-1
1697,Общественное питание,0.5945432679992926,False,False,1
1697,Продовольствие,0.13574954967493605,False,False,-1
1697,Транспорт,0.0,False,False,1
1698,Все категории,0.1566251193916774,False,False,-1
1698,Здоровье,0.05452662806701157,False,False,-1
1698,Маркетплейсы,0.28212699797080537,False,False,-1
1698,Общественное питание,0.5704547196095453,False,False,1
1698,Продовольствие,0.06881123020381272,False,False,-1
1698,Транспорт,0.20226041448531723,False,False,-1
1699,Все категории,0.15141780625695406,False,False,-1
1699,Здоровье,0.26156069728524006,False,False,1
1699,Маркетплейсы,0.5531760204496654,False,False,-1
1699,Общественное питание,0.1579052257025423,False,False,1
1699,Продовольствие,0.22813812687971324,False,False,-1
1699,Транспорт,0.20486995126163404,False,False,-1
1700,Все категории,0.31697201239227035,False,False,-1
1700,Здоровье,1.0430545476679987,True,True,-1
1700,Маркетплейсы,0.6692283189022665,False,False,-1
1700,Общественное питание,0.09387091049646881,False,False,1
1700,Продовольствие,0.3434031926156683,False,False,-1
1700,Транспорт,0.0,False,False,1
1701,Все категории,0.16783723725616664,False,False,-1
1701,Здоровье,0.8589513849249153,False,True,-1
1701,Маркетплейсы,0.5654900588404413,False,False,-1
1701,Общественное питание,0.1005569639409846,False,False,-1
1701,Продовольствие,0.253983849930463,False,False,-1
1701,Транспорт,0.3921610557924564,False,False,1
1702,Все категории,0.7245477733008138,False,True,-1
1702,Здоровье,0.10009498223771107,False,False,-1
1702,Маркетплейсы,0.0,False,False,1
1702,Общественное питание,0.13680447275968782,False,False,1
1702,Продовольствие,0.04184148190929626,False,False,-1
1702,Транспорт,0.19050067922297803,False,False,-1
1703,Все категории,0.533282796222477,False,False,-1
1703,Здоровье,0.22725755538195963,False,False,-1
1703,Маркетплейсы,0.9227332789957036,False,True,-1
1703,Общественное питание,0.2217409423417946,False,False,1
1703,Продовольствие,0.6474671479280802,False,False,-1
1703,Транспорт,0.15668063290975648,False,False,-1
1704,Все категории,0.9656782430653208,False,True,-1
1704,Здоровье,0.3091201655098901,False,False,-1
1704,Маркетплейсы,0.5484597682589855,False,False,-1
1704,Общественное питание,0.220702754350115,False,False,1
1704,Продовольствие,0.2475849650026219,False,False,-1
1704,Транспорт,0.04178181875442828,False,False,-1
1705,Все категории,0.16960647826756692,False,False,-1
1705,Здоровье,0.23938695913690522,False,False,-1
1705,Маркетплейсы,0.2604258770618483,False,False,-1
1705,Общественное питание,0.26703833023392254,False,False,-1
1705,Продовольствие,0.2767423803142609,False,False,-1
1705,Транспорт,0.0,False,False,1
1706,Все категории,0.36950959181689225,False,False,-1
1706,Здоровье,0.0,False,False,1
1706,Маркетплейсы,0.6890659957575571,False,False,-1
1706,Общественное питание,0.5755930606340551,False,False,-1
1706,Продовольствие,0.3366316925428053,False,False,-1
1706,Транспорт,0.017896053864521866,False,False,-1
1707,Все категории,0.6799490079253836,False,False,-1
1707,Здоровье,0.576125618103897,False,False,-1
1707,Маркетплейсы,0.049352424447898696,False,False,-1
1707,Общественное питание,0.5557309245558806,False,False,-1
1707,Продовольствие,0.6018272863981131,False,False,-1
1707,Транспорт,0.4800928053215828,False,False,-1
1708,Все категории,0.23350998963808867,False,False,-1
1708,Здоровье,0.48693118003002445,False,False,-1
1708,Маркетплейсы,0.7419652191729839,False,True,-1
1708,Общественное питание,0.13242827992813705,False,False,1
1708,Продовольствие,0.1894926424480461,False,False,-1
1708,Транспорт,0.07356596840957033,False,False,-1
1709,Все категории,0.4467388094865351,False,False,-1
1709,Здоровье,0.5934949799790504,False,False,-1
1709,Маркетплейсы,0.06491132993040566,False,False,-1
1709,Общественное питание,0.0181722024282686,False,False,-1
1709,Продовольствие,0.3619450465530318,False,False,-1
1709,Транспорт,0.02579494411953298,False,False,1
1710,Все категории,0.6193920028336918,False,False,-1
1710,Здоровье,0.04944055570791088,False,False,-1
1710,Маркетплейсы,0.5248133706953172,False,False,-1
1710,Общественное питание,0.10193892414220646,False,False,-1
1710,Продовольствие,0.049214147196516345,False,False,-1
1710,Транспорт,0.05298071710683806,False,False,1
1711,Все категории,0.122667585844077,False,False,-1
1711,Здоровье,0.10623625725041752,False,False,-1
1711,Маркетплейсы,0.14382457996398865,False,False,-1
1711,Общественное питание,0.35030818682218157,False,False,-1
1711,Продовольствие,0.23537027016758855,False,False,-1
1711,Транспорт,0.1602324300376943,False,False,-1
1712,Все категории,0.0,False,False,1
1712,Здоровье,0.20229997267612282,False,False,-1
1712,Маркетплейсы,0.0,False,False,1
1712,Общественное питание,0.7036051372656177,False,True,1
1712,Продовольствие,0.4383189997204645,False,False,-1
1712,Транспорт,0.37278351035774604,False,False,1
1713,Все категории,0.1275570221585377,False,False,1
1713,Здоровье,0.29636944027233414,False,False,1
1713,Маркетплейсы,0.0856715988163897,False,False,-1
1713,Общественное питание,0.376659281043046,False,False,1
1713,Продовольствие,0.09749077634042905,False,False,-1
1713,Транспорт,0.09399412095848658,False,False,1
1714,Все категории,0.08300893329840103,False,False,-1
1714,Здоровье,0.06394970232328695,False,False,-1
1714,Маркетплейсы,0.6316365672148053,False,False,-1
1714,Общественное питание,0.22672791798376235,False,False,-1
1714,Продовольствие,0.0,False,False,1
1714,Транспорт,0.5294363959179874,False,False,1
1715,Все категории,0.24798938668000736,False,False,-1
1715,Здоровье,0.4321832442263993,False,False,-1
1715,Маркетплейсы,0.09166841698808822,False,False,-1
1715,Общественное питание,0.5049947975326256,False,False,-1
1715,Продовольствие,0.22103991760388758,False,False,-1
1715,Транспорт,0.0,False,False,1
1716,Все категории,0.0,False,False,0
1716,Здоровье,0.0,False,False,0
1716,Маркетплейсы,0.0,False,False,0
1716,Общественное питание,0.0,False,False,0
1716,Продовольствие,0.0,False,False,0
1716,Транспорт,0.0,False,False,0
1717,Все категории,1.0465395027636417,True,True,-1
1717,Здоровье,0.0,False,False,1
1717,Маркетплейсы,0.2450141554713135,False,False,-1
1717,Общественное питание,0.13632063252949864,False,False,-1
1717,Продовольствие,0.5464685640925611,False,False,-1
1717,Транспорт,0.20871008476269937,False,False,1
1718,Все категории,0.40041068218188064,False,False,-1
1718,Здоровье,0.16743809306794669,False,False,-1
1718,Маркетплейсы,0.3084443082508658,False,False,-1
1718,Общественное питание,0.16469570703712752,False,False,-1
1718,Продовольствие,0.4087526647957904,False,False,-1
1718,Транспорт,0.1039667751051962,False,False,-1
1719,Все категории,0.4037138797858119,False,False,-1
1719,Здоровье,0.5848823208788242,False,False,-1
1719,Маркетплейсы,0.8785335085920211,False,True,-1
1719,Общественное питание,0.5685266228064542,False,False,1
1719,Продовольствие,0.2572674349742139,False,False,-1
1719,Транспорт,0.4632574953414309,False,False,1
1720,Все категории,0.0,False,False,0
1720,Здоровье,0.0,False,False,0
1720,Маркетплейсы,0.0,False,False,0
1720,Общественное питание,0.0,False,False,0
1720,Продовольствие,0.0,False,False,0
1720,Транспорт,0.0,False,False,0
1721,Все категории,0.0,False,False,0
1721,Здоровье,0.0,False,False,0
1721,Маркетплейсы,0.0,False,False,0
1721,Общественное питание,0.0,False,False,0
1721,Продовольствие,0.0,False,False,0
1721,Транспорт,0.0,False,False,0
1722,Все категории,0.17861210193231963,False,False,-1
1722,Здоровье,0.3167500534525617,False,False,-1
1722,Маркетплейсы,0.26835090845608944,False,False,-1
1722,Общественное питание,0.029741171659070975,False,False,-1
1722,Продовольствие,0.3208100214282579,False,False,-1
1722,Транспорт,0.3867773891439717,False,False,-1
1723,Все категории,0.0,False,False,0
1723,Здоровье,0.0,False,False,0
1723,Маркетплейсы,0.0,False,False,0
1723,Общественное питание,0.0,False,False,0
1723,Продовольствие,0.0,False,False,0
1723,Транспорт,0.0,False,False,0
1724,Все категории,0.035268387047951946,False,False,-1
1724,Здоровье,0.157442244473863,False,False,-1
1724,Маркетплейсы,0.0,False,False,1
1724,Общественное питание,0.8895272693767416,False,True,-1
1724,Продовольствие,0.9778853786841466,False,True,-1
1724,Транспорт,0.16025183281133976,False,False,-1
1725,Все категории,0.8544852503816522,False,True,-1
1725,Здоровье,0.04642711017000989,False,False,1
1725,Маркетплейсы,0.8822218169320996,False,True,-1
1725,Общественное питание,0.791831659612398,False,True,-1
1725,Продовольствие,0.6289241791847353,False,False,-1
1725,Транспорт,0.2008834370249118,False,False,1
1726,Все категории,0.8120492730955775,False,True,-1
1726,Здоровье,0.0,False,False,1
1726,Маркетплейсы,0.06065716227744937,False,False,-1
1726,Общественное питание,0.4047187632915586,False,False,-1
1726,Продовольствие,0.0,False,False,1
1726,Транспорт,0.5471575673277622,False,False,-1
1727,Все категории,0.3652911873362048,False,False,1
1727,Здоровье,0.5689286553082389,False,False,1
1727,Маркетплейсы,0.0469947054310125,False,False,-1
1727,Общественное питание,0.3488239535380315,False,False,-1
1727,Продовольствие,0.5764361180347286,False,False,-1
1727,Транспорт,0.0229312198497217,False,False,1
1728,Все категории,0.3318958333066966,False,False,1
1728,Здоровье,0.7261669542563134,False,True,-1
1728,Маркетплейсы,0.4669225936081973,False,False,-1
1728,Общественное питание,0.14311698675234516,False,False,1
1728,Продовольствие,0.3073334979528816,False,False,-1
1728,Транспорт,0.12754234893991437,False,False,1
1729,Все категории,0.0,False,False,0
1729,Здоровье,0.0,False,False,0
1729,Маркетплейсы,0.0,False,False,0
1729,Общественное питание,0.0,False,False,0
1729,Продовольствие,0.0,False,False,0
1729,Транспорт,0.0,False,False,0
1730,Все категории,0.6163669145560874,False,False,1
1730,Здоровье,0.13460369384161247,False,False,-1
1730,Маркетплейсы,0.2991510470251137,False,False,1
1730,Общественное питание,0.6386891388050768,False,False,1
1730,Продовольствие,0.11161569195678678,False,False,1
1730,Транспорт,0.4493751150686045,False,False,1
1731,Все категории,0.22734735600581452,False,False,-1
1731,Здоровье,0.054780076897056273,False,False,-1
1731,Маркетплейсы,0.519795126532381,False,False,-1
1731,Общественное питание,0.39534347825661126,False,False,1
1731,Продовольствие,0.09910477325964012,False,False,-1
1731,Транспорт,0.10110775507673214,False,False,-1
1732,Все категории,0.2611083933486222,False,False,-1
1732,Здоровье,0.3681098177362867,False,False,-1
1732,Маркетплейсы,0.4972318097428148,False,False,-1
1732,Общественное питание,0.0874265270876193,False,False,-1
1732,Продовольствие,0.11440984725548325,False,False,-1
1732,Транспорт,0.26587735961315706,False,False,-1
1733,Все категории,0.1776756890358066,False,False,-1
1733,Здоровье,0.25415122958986824,False,False,-1
1733,Маркетплейсы,0.16759305531508126,False,False,-1
1733,Общественное питание,0.03948356986475883,False,False,-1
1733,Продовольствие,0.36486054711680904,False,False,-1
1733,Транспорт,0.03963526101208484,False,False,-1
1737,Все категории,0.39085831136732047,False,False,-1
1737,Здоровье,0.02180956420537375,False,False,-1
1737,Маркетплейсы,0.7314075572867542,False,True,-1
1737,Общественное питание,0.06581855203229822,False,False,1
1737,Продовольствие,0.27688393134500977,False,False,-1
1737,Транспорт,0.14327564093056422,False,False,-1
1738,Все категории,0.0,False,False,1
1738,Здоровье,0.20654832596175066,False,False,-1
1738,Маркетплейсы,0.41781206721176617,False,False,-1
1738,Общественное питание,0.1695029022945706,False,False,-1
1738,Продовольствие,0.6848774456991321,False,False,-1
1738,Транспорт,0.07087915191587174,False,False,-1
1739,Все категории,0.13803278930611948,False,False,-1
1739,Здоровье,0.036010751090682025,False,False,1
1739,Маркетплейсы,0.22508507047865717,False,False,-1
1739,Общественное питание,0.4882895826975352,False,False,1
1739,Продовольствие,0.6119696560794345,False,False,-1
1739,Транспорт,0.0,False,False,1
1740,Все категории,0.7445667835601346,False,True,-1
1740,Здоровье,0.3962964986999348,False,False,-1
1740,Маркетплейсы,0.829958729432255,False,True,-1
1740,Общественное питание,0.33023302817427613,False,False,-1
1740,Продовольствие,0.4704556362130763,False,False,-1
1740,Транспорт,0.7830175740379663,False,True,-1
1741,Все категории,0.23892249700793805,False,False,-1
1741,Здоровье,0.37524380469688967,False,False,-1
1741,Маркетплейсы,0.04861997233565363,False,False,-1
1741,Общественное питание,0.0,False,False,1
1741,Продовольствие,0.10801422269121463,False,False,-1
1741,Транспорт,0.5624845564687255,False,False,1
1742,Все категории,0.16085482528908374,False,False,-1
1742,Здоровье,0.9035908551166154,False,True,-1
1742,Маркетплейсы,0.7937836667561219,False,True,-1
1742,Общественное питание,0.1022407758109421,False,False,-1
1742,Продовольствие,0.5657310324591068,False,False,-1
1742,Транспорт,0.6158622538029839,False,False,1
1743,Все категории,0.40911766525682025,False,False,-1
1743,Здоровье,0.3136959173056968,False,False,-1
1743,Маркетплейсы,0.0,False,False,1
1743,Общественное питание,0.6607402607216921,False,False,1
1743,Продовольствие,0.37626061444907366,False,False,-1
1743,Транспорт,0.20764610050218263,False,False,-1
1744,Все категории,0.13675103817480744,False,False,-1
1744,Здоровье,0.5359372012851218,False,False,-1
1744,Маркетплейсы,0.9823162006326112,False,True,-1
1744,Общественное питание,0.6055291417504213,False,False,-1
1744,Продовольствие,0.08464225991593607,False,False,1
1744,Транспорт,0.21677576242186664,False,False,1
1745,Все категории,0.3095641195587543,False,False,-1
1745,Здоровье,0.199025533670721,False,False,-1
1745,Маркетплейсы,0.5214749090233504,False,False,-1
1745,Общественное питание,0.0,False,False,1
1745,Продовольствие,0.7339969735238479,False,True,-1
1745,Транспорт,0.07250773486464318,False,False,1
1746,Все категории,0.39901105490846867,False,False,-1
1746,Здоровье,0.6104121888167333,False,False,-1
1746,Маркетплейсы,0.03987686882532929,False,False,1
1746,Общественное питание,0.28914659005943055,False,False,1
1746,Продовольствие,0.9768964228138075,False,True,-1
1746,Транспорт,0.22389429279457546,False,False,1
1747,Все категории,0.5226997691132254,False,False,-1
1747,Здоровье,0.7751445415103304,False,True,-1
1747,Маркетплейсы,0.37940105159232973,False,False,-1
1747,Общественное питание,0.483143837963219,False,False,-1
1747,Продовольствие,0.9102500214197413,False,True,-1
1747,Транспорт,0.14659630870163093,False,False,-1
1749,Все категории,0.6674354671000078,False,False,-1
1749,Здоровье,0.26223313212724275,False,False,-1
1749,Маркетплейсы,0.2489553900910309,False,False,-1
1749,Общественное питание,0.6690416605481552,False,False,1
1749,Продовольствие,0.4958644031253008,False,False,-1
1749,Транспорт,0.1573162299340351,False,False,-1
1750,Все категории,0.48623858898448535,False,False,-1
1750,Здоровье,0.208406537668902,False,False,-1
1750,Маркетплейсы,0.18309832656981084,False,False,-1
1750,Общественное питание,0.21534248070236311,False,False,1
1750,Продовольствие,0.503881122671423,False,False,-1
1750,Транспорт,0.08184218671884311,False,False,-1
1751,Все категории,0.5770870241073857,False,False,-1
1751,Здоровье,0.3817738366804301,False,False,-1
1751,Маркетплейсы,0.0818585650680081,False,False,-1
1751,Общественное питание,0.1658129382198572,False,False,-1
1751,Продовольствие,0.4214577302681226,False,False,-1
1751,Транспорт,0.0,False,False,1
1752,Все категории,0.10809982660741135,False,False,-1
1752,Здоровье,0.4391480651787404,False,False,-1
1752,Маркетплейсы,0.26885661888632967,False,False,-1
1752,Общественное питание,0.0,False,False,1
1752,Продовольствие,0.4240565276127752,False,False,-1
1752,Транспорт,0.0,False,False,1
1753,Все категории,0.7294307683992913,False,True,-1
1753,Здоровье,0.40593755892707944,False,False,-1
1753,Маркетплейсы,0.9222468637734592,False,True,-1
1753,Общественное питание,0.5079871427565745,False,False,1
1753,Продовольствие,0.0,False,False,1
1753,Транспорт,0.27105532780621544,False,False,1
1754,Все категории,0.15641142913592607,False,False,-1
1754,Здоровье,0.011014605304710004,False,False,-1
1754,Маркетплейсы,0.1630883613330153,False,False,-1
1754,Общественное питание,0.40070154826267307,False,False,-1
1754,Продовольствие,0.8732114763855943,False,True,-1
1754,Транспорт,0.3786265291253298,False,False,-1
1755,Все категории,0.4127994550022742,False,False,-1
1755,Здоровье,0.133819601438228,False,False,-1
1755,Маркетплейсы,0.40288975460937754,False,False,-1
1755,Общественное питание,0.5636875054329544,False,False,1
1755,Продовольствие,0.0,False,False,1
1755,Транспорт,0.1365289621945593,False,False,1
1756,Все категории,1.0552428730796495,True,True,-1
1756,Здоровье,0.0013568566066955723,False,False,1
1756,Маркетплейсы,0.8901131036852158,False,True,-1
1756,Общественное питание,0.31217695762231523,False,False,-1
1756,Продовольствие,0.48320633463193075,False,False,-1
1756,Транспорт,0.15385132869070844,False,False,-1
1757,Все категории,0.5619385001726394,False,False,-1
1757,Здоровье,0.07566804734374105,False,False,1
1757,Маркетплейсы,0.7205252375000337,False,True,-1
1757,Общественное питание,0.15374179997375131,False,False,-1
1757,Продовольствие,0.5507912707573379,False,False,-1
1757,Транспорт,0.29468584379369545,False,False,1
1758,Все категории,0.3946625424245899,False,False,-1
1758,Здоровье,0.4325123736653024,False,False,-1
1758,Маркетплейсы,0.04948190437697193,False,False,-1
1758,Общественное питание,0.0,False,False,1
1758,Продовольствие,0.4124482716325124,False,False,-1
1758,Транспорт,0.07651197537284968,False,False,1
1759,Все категории,0.5507574890651261,False,False,-1
1759,Здоровье,0.055411366744160084,False,False,1
1759,Маркетплейсы,0.38247985134534657,False,False,-1
1759,Общественное питание,0.6707913424250586,False,False,-1
1759,Продовольствие,0.4311079379939411,False,False,-1
1759,Транспорт,0.10409141853582521,False,False,1
1760,Все категории,0.2711505371887304,False,False,-1
1760,Здоровье,0.19301397436205814,False,False,1
1760,Маркетплейсы,0.497793998236307,False,False,-1
1760,Общественное питание,0.07773404411793197,False,False,1
1760,Продовольствие,0.09140535137391842,False,False,-1
1760,Транспорт,0.10847356747660938,False,False,1
1761,Все категории,1.0472753338742546,True,True,-1
1761,Здоровье,0.12260169662082909,False,False,-1
1761,Маркетплейсы,0.440862474981248,False,False,-1
1761,Общественное питание,0.40559977700405786,False,False,1
1761,Продовольствие,0.0,False,False,1
1761,Транспорт,0.40867001302746336,False,False,-1
1762,Все категории,0.8911083771128502,False,True,-1
1762,Здоровье,0.7686615730278992,False,True,-1
1762,Маркетплейсы,0.3575678435906667,False,False,-1
1762,Общественное питание,0.6055867110347669,False,False,1
1762,Продовольствие,0.21801466365829353,False,False,-1
1762,Транспорт,0.30324163535028326,False,False,-1
1763,Все категории,0.15176353745186877,False,False,1
1763,Здоровье,0.48927281049806126,False,False,-1
1763,Маркетплейсы,0.2191548061836479,False,False,-1
1763,Общественное питание,0.1036490898226915,False,False,1
1763,Продовольствие,0.3178342715268383,False,False,-1
1763,Транспорт,0.9229086058271828,False,True,1
1764,Все категории,0.1679326340612759,False,False,-1
1764,Здоровье,0.2685510553314592,False,False,-1
1764,Маркетплейсы,0.7422103606965029,False,True,-1
1764,Общественное питание,1.1275776094100265,True,True,-1
1764,Продовольствие,0.38105540280391476,False,False,-1
1764,Транспорт,0.1901110141493617,False,False,-1
1765,Все категории,0.0,False,False,1
1765,Здоровье,0.41648630336829273,False,False,-1
1765,Маркетплейсы,0.0,False,False,1
1765,Общественное питание,0.47897518279475726,False,False,-1
1765,Продовольствие,0.1428015165073792,False,False,-1
1765,Транспорт,0.0,False,False,1
1766,Все категории,0.31600962166201857,False,False,-1
1766,Здоровье,0.2948674806572097,False,False,-1
1766,Маркетплейсы,0.6179473033153963,False,False,-1
1766,Общественное питание,0.4837889282274326,False,False,1
1766,Продовольствие,0.15944684201876158,False,False,-1
1766,Транспорт,0.16809765194551182,False,False,1
1767,Все категории,0.688646703630081,False,False,-1
1767,Здоровье,0.5977856770683666,False,False,1
1767,Маркетплейсы,1.0876983597835495,True,True,-1
1767,Общественное питание,0.651284492913849,False,False,-1
1767,Продовольствие,0.31771084554909834,False,False,-1
1767,Транспорт,0.18285067943972705,False,False,-1
1768,Все категории,0.41783054776064765,False,False,1
1768,Здоровье,0.11594599668475752,False,False,-1
1768,Маркетплейсы,0.024911262695546416,False,False,-1
1768,Общественное питание,0.678921550866201,False,False,1
1768,Продовольствие,0.27228741259788847,False,False,-1
1768,Транспорт,0.32960966878894954,False,False,1
1769,Все категории,0.7900016224968824,False,True,-1
1769,Здоровье,0.20491486589450864,False,False,-1
1769,Маркетплейсы,0.1799043323391302,False,False,-1
1769,Общественное питание,0.01985808872824274,False,False,-1
1769,Продовольствие,0.42462330125722514,False,False,-1
1769,Транспорт,0.5975648046883884,False,False,1
1770,Все категории,0.21508078084636123,False,False,-1
1770,Здоровье,0.13803309569131755,False,False,-1
1770,Маркетплейсы,0.8862624484661176,False,True,-1
1770,Общественное питание,0.332356204274337,False,False,1
1770,Продовольствие,0.5531495892340672,False,False,-1
1770,Транспорт,0.054424046113338675,False,False,-1
1771,Все категории,0.2657090653567883,False,False,-1
1771,Здоровье,0.02201238533322837,False,False,-1
1771,Маркетплейсы,0.14855403219323604,False,False,-1
1771,Общественное питание,0.08782131852771702,False,False,-1
1771,Продовольствие,0.11927811338789815,False,False,-1
1771,Транспорт,0.10602548279606597,False,False,-1
1772,Все категории,0.0,False,False,0
1772,Здоровье,0.0,False,False,0
1772,Маркетплейсы,0.0,False,False,0
1772,Общественное питание,0.0,False,False,0
1772,Продовольствие,0.0,False,False,0
1772,Транспорт,0.0,False,False,0
1773,Все категории,0.433461236353473,False,False,-1
1773,Здоровье,0.0821707100656573,False,False,-1
1773,Маркетплейсы,0.5401413056187584,False,False,-1
1773,Общественное питание,0.13929528981156925,False,False,-1
1773,Продовольствие,0.8377349217012523,False,True,-1
1773,Транспорт,0.26891961592197544,False,False,-1
1774,Все категории,0.21028594679601598,False,False,-1
1774,Здоровье,0.04639653935988548,False,False,1
1774,Маркетплейсы,0.8700976972293166,False,True,-1
1774,Общественное питание,0.0,False,False,1
1774,Продовольствие,0.15301031146450667,False,False,1
1774,Транспорт,0.990545430079298,False,True,1
1775,Все категории,0.25207066280437274,False,False,-1
1775,Здоровье,0.40105262722058194,False,False,-1
1775,Маркетплейсы,0.2535548099073862,False,False,-1
1775,Общественное питание,0.6437287481191072,False,False,-1
1775,Продовольствие,0.23696340286012674,False,False,-1
1775,Транспорт,0.048161463514854466,False,False,-1
1776,Все категории,0.5517606159290378,False,False,-1
1776,Здоровье,0.5834718007453463,False,False,-1
1776,Маркетплейсы,1.0042156475792974,True,True,-1
1776,Общественное питание,0.2959344773510063,False,False,-1
1776,Продовольствие,0.9505481648590537,False,True,-1
1776,Транспорт,0.32296950742359243,False,False,-1
1777,Все категории,0.1263687447471061,False,False,-1
1777,Здоровье,0.1102507757453268,False,False,-1
1777,Маркетплейсы,0.7414451496578216,False,True,-1
1777,Общественное питание,0.20471065131560573,False,False,-1
1777,Продовольствие,0.2619755246163967,False,False,-1
1777,Транспорт,0.16621679858368088,False,False,-1
1778,Все категории,0.20637513428993293,False,False,-1
1778,Здоровье,0.3338722564133751,False,False,-1
1778,Маркетплейсы,0.3224313361383266,False,False,-1
1778,Общественное питание,0.0,False,False,1
1778,Продовольствие,0.42779295564416203,False,False,-1
1778,Транспорт,0.26055500341722426,False,False,1
1779,Все категории,0.0,False,False,0
1779,Здоровье,0.0,False,False,0
1779,Маркетплейсы,0.0,False,False,0
1779,Общественное питание,0.0,False,False,0
1779,Продовольствие,0.0,False,False,0
1779,Транспорт,0.0,False,False,0
1780,Все категории,0.26903313193846995,False,False,1
1780,Здоровье,0.02757798513814269,False,False,-1
1780,Маркетплейсы,0.6793545460362416,False,False,-1
1780,Общественное питание,0.05348318243812375,False,False,-1
1780,Продовольствие,0.17865653013536892,False,False,-1
1780,Транспорт,0.0,False,False,1
1781,Все категории,0.0,False,False,1
1781,Здоровье,0.09415001331754902,False,False,-1
1781,Маркетплейсы,0.4953349356490697,False,False,-1
1781,Общественное питание,0.45210831163789045,False,False,1
1781,Продовольствие,0.5358308800480773,False,False,-1
1781,Транспорт,0.024964738837657777,False,False,-1
1782,Все категории,0.07818209376552498,False,False,-1
1782,Здоровье,0.25068104744620284,False,False,1
1782,Маркетплейсы,0.6916097714611453,False,False,-1
1782,Общественное питание,0.14927790419889247,False,False,-1
1782,Продовольствие,0.436667734769174,False,False,-1
1782,Транспорт,0.11184244639599511,False,False,-1
1783,Все категории,0.42111794120390056,False,False,-1
1783,Здоровье,0.11681427722223339,False,False,-1
1783,Маркетплейсы,0.35155141234569776,False,False,-1
1783,Общественное питание,0.3153180272623747,False,False,-1
1783,Продовольствие,0.308467908556879,False,False,-1
1783,Транспорт,0.6930823891541894,False,False,-1
1784,Все категории,0.8820832663168775,False,True,-1
1784,Здоровье,0.0,False,False,1
1784,Маркетплейсы,0.7753805627477965,False,True,-1
1784,Общественное питание,0.8864024953011639,False,True,1
1784,Продовольствие,0.5432820673702222,False,False,-1
1784,Транспорт,0.3895525925530658,False,False,-1
1785,Все категории,0.3475755600865536,False,False,-1
1785,Здоровье,0.48688433633652894,False,False,1
1785,Маркетплейсы,0.19699686126636234,False,False,-1
1785,Общественное питание,0.3253819137367828,False,False,-1
1785,Продовольствие,0.037699874276098194,False,False,-1
1785,Транспорт,0.3656673439773092,False,False,1
1786,Все категории,0.8356675408672506,False,True,-1
1786,Здоровье,0.8546792235710234,False,True,-1
1786,Маркетплейсы,0.6509028244639216,False,False,-1
1786,Общественное питание,0.15528586261825295,False,False,1
1786,Продовольствие,0.9140164843957959,False,True,-1
1786,Транспорт,0.32981177583455557,False,False,-1
1787,Все категории,0.9391498906050324,False,True,-1
1787,Здоровье,0.4352494289753959,False,False,-1
1787,Маркетплейсы,0.37201165751937826,False,False,-1
1787,Общественное питание,0.21817866171632994,False,False,1
1787,Продовольствие,0.7130200159031054,False,True,-1
1787,Транспорт,0.17510128203042427,False,False,1
1788,Все категории,0.3063132468892791,False,False,-1
1788,Здоровье,0.30237611454191093,False,False,-1
1788,Маркетплейсы,0.34612991969815676,False,False,-1
1788,Общественное питание,0.9261787734026634,False,True,-1
1788,Продовольствие,0.16953701073278662,False,False,-1
1788,Транспорт,0.8487982410916313,False,True,-1
1789,Все категории,0.1264617716430401,False,False,-1
1789,Здоровье,0.1132227463816492,False,False,-1
1789,Маркетплейсы,0.11647023379605109,False,False,1
1789,Общественное питание,0.6257062915608733,False,False,1
1789,Продовольствие,0.08817198792469394,False,False,-1
1789,Транспорт,0.00525314911047603,False,False,-1
1845,Все категории,0.2618031288470693,False,False,-1
1845,Здоровье,0.22361878773217275,False,False,-1
1845,Маркетплейсы,0.0,False,False,1
1845,Общественное питание,0.48685713208678993,False,False,-1
1845,Продовольствие,0.4199200341238878,False,False,-1
1845,Транспорт,0.0009960921125892752,False,False,-1
1846,Все категории,0.48726236914919263,False,False,-1
1846,Здоровье,0.042854621076635985,False,False,-1
1846,Маркетплейсы,0.6958080500443158,False,False,-1
1846,Общественное питание,0.4666477558672424,False,False,-1
1846,Продовольствие,0.9151053313662106,False,True,-1
1846,Транспорт,0.23072062508414048,False,False,-1
1847,Все категории,0.0,False,False,0
1847,Здоровье,0.0,False,False,0
1847,Маркетплейсы,0.0,False,False,0
1847,Общественное питание,0.0,False,False,0
1847,Продовольствие,0.0,False,False,0
1847,Транспорт,0.0,False,False,0
1848,Все категории,0.688103692282185,False,False,-1
1848,Здоровье,0.0,False,False,1
1848,Маркетплейсы,0.6131401784127126,False,False,-1
1848,Общественное питание,0.918387805966532,False,True,-1
1848,Продовольствие,0.46071532110690727,False,False,-1
1848,Транспорт,0.0,False,False,1
1849,Все категории,0.35487925731729364,False,False,-1
1849,Здоровье,0.5792990966053108,False,False,-1
1849,Маркетплейсы,0.6809025385478538,False,False,-1
1849,Общественное питание,0.5341617417477511,False,False,-1
1849,Продовольствие,0.0704630178303754,False,False,-1
1849,Транспорт,0.09801746556284396,False,False,-1
1850,Все категории,0.28653872646705536,False,False,-1
1850,Здоровье,0.1214613575769713,False,False,-1
1850,Маркетплейсы,0.17835031353252082,False,False,-1
1850,Общественное питание,0.3547146403165773,False,False,-1
1850,Продовольствие,0.08522220586900806,False,False,-1
1850,Транспорт,0.6537843499212144,False,False,-1
1851,Все категории,0.5290513963210284,False,False,-1
1851,Здоровье,0.35636480329445225,False,False,-1
1851,Маркетплейсы,0.5903327203324122,False,False,-1
1851,Общественное питание,0.03176282131201687,False,False,-1
1851,Продовольствие,0.26727448690310673,False,False,-1
1851,Транспорт,0.45875755352484926,False,False,-1
1852,Все категории,0.010431548465245605,False,False,1
1852,Здоровье,0.11234046725620075,False,False,1
1852,Маркетплейсы,0.08232853330277984,False,False,1
1852,Общественное питание,0.6660696624093226,False,False,1
1852,Продовольствие,0.0,False,False,1
1852,Транспорт,0.004181214039557873,False,False,-1
1853,Все категории,0.341088425524417,False,False,-1
1853,Здоровье,0.03930676983738117,False,False,-1
1853,Маркетплейсы,0.7068248274499161,False,True,-1
1853,Общественное питание,0.1515223946541763,False,False,-1
1853,Продовольствие,0.34461889924522376,False,False,-1
1853,Транспорт,0.0,False,False,1
1854,Все категории,0.1851326809927511,False,False,-1
1854,Здоровье,0.6788705409028871,False,False,1
1854,Маркетплейсы,0.268047756486522,False,False,-1
1854,Общественное питание,0.7953088499484949,False,True,1
1854,Продовольствие,0.45630838926056116,False,False,-1
1854,Транспорт,0.0,False,False,1
1855,Все категории,0.0,False,False,1
1855,Здоровье,0.3242063491617084,False,False,1
1855,Маркетплейсы,0.35153547056633216,False,False,-1
1855,Общественное питание,0.0,False,False,1
1855,Продовольствие,0.16419189360364805,False,False,-1
1855,Транспорт,0.21858069201359476,False,False,-1
1856,Все категории,0.07524755210795561,False,False,-1
1856,Здоровье,0.1036606596848002,False,False,-1
1856,Маркетплейсы,0.37666480562101967,False,False,-1
1856,Общественное питание,0.39446862391087867,False,False,1
1856,Продовольствие,1.0996411973969302,True,True,-1
1856,Транспорт,0.0,False,False,1
1857,Все категории,0.0,False,False,1
1857,Здоровье,0.0,False,False,1
1857,Маркетплейсы,0.4676308219315438,False,False,-1
1857,Общественное питание,0.3737370382645719,False,False,-1
1857,Продовольствие,0.29626728523701784,False,False,-1
1857,Транспорт,0.7513799550326365,False,True,1
1858,Все категории,0.04917443861154723,False,False,1
1858,Здоровье,0.03622242466701564,False,False,-1
1858,Маркетплейсы,0.0,False,False,1
1858,Общественное питание,0.32119700247557337,False,False,1
1858,Продовольствие,0.03412336412685875,False,False,-1
1858,Транспорт,0.2579712290093067,False,False,1
1859,Все категории,0.17452013416645168,False,False,-1
1859,Здоровье,0.4325259021483303,False,False,-1
1859,Маркетплейсы,0.8529891731561289,False,True,-1
1859,Общественное питание,0.27596947335424604,False,False,-1
1859,Продовольствие,0.327309495601403,False,False,-1
1859,Транспорт,0.08446577041313733,False,False,1
1860,Все категории,0.07814986613256786,False,False,-1
1860,Здоровье,0.04924456279406983,False,False,-1
1860,Маркетплейсы,0.03194022484099247,False,False,-1
1860,Общественное питание,0.2662468590001308,False,False,1
1860,Продовольствие,0.18038337587678394,False,False,-1
1860,Транспорт,0.27700139368267296,False,False,-1
1861,Все категории,0.17055732173012061,False,False,-1
1861,Здоровье,0.35087049047350727,False,False,-1
1861,Маркетплейсы,0.015949523224101148,False,False,-1
1861,Общественное питание,0.7046519022517077,False,True,1
1861,Продовольствие,0.5849332770627558,False,False,-1
1861,Транспорт,0.6386321885403958,False,False,1
1862,Все категории,0.44876641886540236,False,False,-1
1862,Здоровье,0.2233035446874574,False,False,-1
1862,Маркетплейсы,1.060506302588853,True,True,-1
1862,Общественное питание,0.06832519206677895,False,False,1
1862,Продовольствие,0.5667760464790902,False,False,-1
1862,Транспорт,0.5416587398011407,False,False,1
1863,Все категории,0.4373592406239178,False,False,-1
1863,Здоровье,0.05647839278559226,False,False,-1
1863,Маркетплейсы,0.6402320605368026,False,False,-1
1863,Общественное питание,0.04591758098301939,False,False,-1
1863,Продовольствие,0.46118860548400487,False,False,-1
1863,Транспорт,0.46504886473834095,False,False,-1
1864,Все категории,0.15656022718686555,False,False,-1
1864,Здоровье,0.4183438413860548,False,False,1
1864,Маркетплейсы,0.5202471981590387,False,False,-1
1864,Общественное питание,0.07098967372275092,False,False,-1
1864,Продовольствие,0.0,False,False,1
1864,Транспорт,0.0,False,False,1
1865,Все категории,0.06672328388029425,False,False,-1
1865,Здоровье,0.24629592554746316,False,False,-1
1865,Маркетплейсы,0.6373204913246284,False,False,-1
1865,Общественное питание,0.36660477160006266,False,False,1
1865,Продовольствие,0.5450295544799646,False,False,-1
1865,Транспорт,0.09947385606829062,False,False,-1
1868,Все категории,0.2687457356035732,False,False,1
1868,Здоровье,0.1915464340322287,False,False,1
1868,Маркетплейсы,0.828468029325118,False,True,-1
1868,Общественное питание,0.38764343425499603,False,False,1
1868,Продовольствие,1.0456761198932523,True,True,-1
1868,Транспорт,0.2560965980079076,False,False,1
1869,Все категории,0.19523712211079036,False,False,-1
1869,Здоровье,0.006199617168328189,False,False,-1
1869,Маркетплейсы,0.44056132105329204,False,False,-1
1869,Общественное питание,0.0357963599350304,False,False,1
1869,Продовольствие,0.06032330123158164,False,False,-1
1869,Транспорт,0.16411347771501267,False,False,1
1870,Все категории,0.35408179658938455,False,False,-1
1870,Здоровье,0.10847862584241619,False,False,-1
1870,Маркетплейсы,0.1368544749183075,False,False,-1
1870,Общественное питание,0.21467433646100215,False,False,-1
1870,Продовольствие,0.2129577122569199,False,False,-1
1870,Транспорт,0.0957843534158549,False,False,1
1871,Все категории,0.606866724521364,False,False,-1
1871,Здоровье,1.208614891841721,True,True,-1
1871,Маркетплейсы,0.5556488756515872,False,False,-1
1871,Общественное питание,0.38778454116744365,False,False,1
1871,Продовольствие,0.1931882285700579,False,False,-1
1871,Транспорт,0.08514455030172391,False,False,-1
1872,Все категории,0.006262227912727569,False,False,1
1872,Здоровье,0.15012634663162727,False,False,1
1872,Маркетплейсы,0.7252686946420195,False,True,-1
1872,Общественное питание,0.6641034494276906,False,False,1
1872,Продовольствие,0.6713521881697498,False,False,-1
1872,Транспорт,0.0,False,False,1
1873,Все категории,0.0,False,False,1
1873,Здоровье,0.15803272697213697,False,False,1
1873,Маркетплейсы,0.08280104727490234,False,False,-1
1873,Общественное питание,0.0,False,False,1
1873,Продовольствие,0.021443456038519493,False,False,-1
1873,Транспорт,0.13026614450762183,False,False,1
1874,Все категории,0.3366622227645949,False,False,-1
1874,Здоровье,0.21274483886702666,False,False,-1
1874,Маркетплейсы,0.011679297495735319,False,False,-1
1874,Общественное питание,0.0,False,False,1
1874,Продовольствие,0.5850114333249484,False,False,-1
1874,Транспорт,0.006277668023887725,False,False,-1
1875,Все категории,0.42355092603052885,False,False,-1
1875,Здоровье,0.2554133041305882,False,False,-1
1875,Маркетплейсы,0.12055956867225168,False,False,-1
1875,Общественное питание,0.0,False,False,1
1875,Продовольствие,0.49804431608733923,False,False,-1
1875,Транспорт,0.0,False,False,1
1876,Все категории,0.24202042994571726,False,False,-1
1876,Здоровье,0.5438696638947305,False,False,-1
1876,Маркетплейсы,0.7228223949501325,False,True,-1
1876,Общественное питание,0.0,False,False,1
1876,Продовольствие,0.6202211866897641,False,False,-1
1876,Транспорт,0.38359701413907965,False,False,-1
1877,Все категории,0.35857015346333054,False,False,-1
1877,Здоровье,0.538149535055709,False,False,-1
1877,Маркетплейсы,0.0,False,False,1
1877,Общественное питание,0.7686499072051483,False,True,-1
1877,Продовольствие,0.6014871027394743,False,False,-1
1877,Транспорт,0.25700739011779106,False,False,-1
1878,Все категории,0.025982559582766185,False,False,-1
1878,Здоровье,0.3801642700762897,False,False,-1
1878,Маркетплейсы,0.6599411053512008,False,False,-1
1878,Общественное питание,0.1724526931251941,False,False,1
1878,Продовольствие,0.5203564187476568,False,False,-1
1878,Транспорт,0.3192518649430294,False,False,-1
1879,Все категории,0.2785525394563579,False,False,-1
1879,Здоровье,0.801083574653008,False,True,-1
1879,Маркетплейсы,0.7050353530370055,False,True,-1
1879,Общественное питание,0.18948753847271266,False,False,-1
1879,Продовольствие,0.5338427608479926,False,False,-1
1879,Транспорт,0.37283830402414164,False,False,-1
1880,Все категории,0.18558970024846963,False,False,-1
1880,Здоровье,0.11956399075322632,False,False,-1
1880,Маркетплейсы,0.8507517857461305,False,True,-1
1880,Общественное питание,0.18205252765804564,False,False,-1
1880,Продовольствие,0.43132562619887826,False,False,-1
1880,Транспорт,0.32550907897424264,False,False,-1
1881,Все категории,0.3971029988762939,False,False,-1
1881,Здоровье,0.23531823244630806,False,False,-1
1881,Маркетплейсы,0.2973242204880991,False,False,-1
1881,Общественное питание,0.15638765578218958,False,False,-1
1881,Продовольствие,0.8194882287188819,False,True,-1
1881,Транспорт,0.20599672352017634,False,False,-1
1882,Все категории,0.0,False,False,0
1882,Здоровье,0.0,False,False,0
1882,Маркетплейсы,0.0,False,False,0
1882,Общественное питание,0.0,False,False,0
1882,Продовольствие,0.0,False,False,0
1882,Транспорт,0.0,False,False,0
1883,Все категории,0.5116853137758807,False,False,-1
1883,Здоровье,0.2802437983986909,False,False,-1
1883,Маркетплейсы,0.8684651501956878,False,True,-1
1883,Общественное питание,0.0,False,False,1
1883,Продовольствие,0.7232563993060317,False,True,-1
1883,Транспорт,0.08979827338588087,False,False,-1
1884,Все категории,0.0,False,False,1
1884,Здоровье,0.4000151961713835,False,False,-1
1884,Маркетплейсы,0.42692235580750104,False,False,-1
1884,Общественное питание,0.8621916498057631,False,True,1
1884,Продовольствие,0.6399652185231707,False,False,-1
1884,Транспорт,0.02968461488392138,False,False,-1
1885,Все категории,0.22636354196277775,False,False,-1
1885,Здоровье,0.43191824002398127,False,False,-1
1885,Маркетплейсы,0.7577003493229834,False,True,-1
1885,Общественное питание,0.1968174899996179,False,False,1
1885,Продовольствие,0.10215481407182428,False,False,-1
1885,Транспорт,0.10878971367492668,False,False,-1
1886,Все категории,0.17979712283246013,False,False,-1
1886,Здоровье,0.39086978549586143,False,False,-1
1886,Маркетплейсы,0.4646177592379389,False,False,-1
1886,Общественное питание,0.04099174398027704,False,False,1
1886,Продовольствие,0.620520035142862,False,False,-1
1886,Транспорт,0.0,False,False,1
1887,Все категории,0.38132898843873736,False,False,-1
1887,Здоровье,0.3744900775126722,False,False,-1
1887,Маркетплейсы,0.8328478717704355,False,True,-1
1887,Общественное питание,0.0,False,False,1
1887,Продовольствие,0.7503885247043718,False,True,-1
1887,Транспорт,0.06329900533033989,False,False,-1
1888,Все категории,0.37778538514181126,False,False,-1
1888,Здоровье,0.373187778370836,False,False,-1
1888,Маркетплейсы,0.4982579475853174,False,False,-1
1888,Общественное питание,0.7394219505279962,False,True,-1
1888,Продовольствие,0.20935323990028742,False,False,-1
1888,Транспорт,0.3645144964378845,False,False,1
1889,Все категории,0.005896300146876587,False,False,1
1889,Здоровье,0.24545028904933447,False,False,-1
1889,Маркетплейсы,0.03201863066096039,False,False,-1
1889,Общественное питание,0.0636188033416282,False,False,1
1889,Продовольствие,0.6248186265288646,False,False,-1
1889,Транспорт,0.3941438231956475,False,False,-1
1890,Все категории,0.6661748919430163,False,False,-1
1890,Здоровье,0.6872094402562527,False,False,-1
1890,Маркетплейсы,0.8379986345363287,False,True,-1
1890,Общественное питание,0.9089523310257871,False,True,-1
1890,Продовольствие,0.8113132412092997,False,True,-1
1890,Транспорт,0.13310198043559152,False,False,-1
1891,Все категории,0.5661995639935122,False,False,-1
1891,Здоровье,0.46665500397199544,False,False,-1
1891,Маркетплейсы,0.39984218920491543,False,False,-1
1891,Общественное питание,0.11543000037514478,False,False,-1
1891,Продовольствие,0.41976226835771613,False,False,-1
1891,Транспорт,0.43264641427575107,False,False,-1
1892,Все категории,0.0,False,False,1
1892,Здоровье,0.26675365224450587,False,False,-1
1892,Маркетплейсы,0.07797751070481126,False,False,1
1892,Общественное питание,0.06396332312764996,False,False,1
1892,Продовольствие,0.401686632910836,False,False,-1
1892,Транспорт,0.40908488640878243,False,False,1
1893,Все категории,0.1586062199882181,False,False,-1
1893,Здоровье,0.13514035346303085,False,False,-1
1893,Маркетплейсы,0.7517249672738101,False,True,-1
1893,Общественное питание,0.40086225740542014,False,False,-1
1893,Продовольствие,0.788800688594218,False,True,-1
1893,Транспорт,0.009678433692356214,False,False,-1
1894,Все категории,0.4554240191493525,False,False,-1
1894,Здоровье,0.4230778729034935,False,False,-1
1894,Маркетплейсы,0.4684231068445852,False,False,-1
1894,Общественное питание,0.0,False,False,1
1894,Продовольствие,0.4631368931579364,False,False,-1
1894,Транспорт,0.1450314214086678,False,False,-1
1895,Все категории,0.0,False,False,1
1895,Здоровье,0.6082061366354813,False,False,-1
1895,Маркетплейсы,0.22937988994511965,False,False,-1
1895,Общественное питание,0.16808314701867297,False,False,1
1895,Продовольствие,0.4972601515406767,False,False,-1
1895,Транспорт,0.14205808286977467,False,False,1
1896,Все категории,0.28900918479544974,False,False,-1
1896,Здоровье,0.26525261016307616,False,False,-1
1896,Маркетплейсы,0.360046445392016,False,False,-1
1896,Общественное питание,0.14637499430734252,False,False,1
1896,Продовольствие,0.15259739855425536,False,False,-1
1896,Транспорт,0.5384664021268195,False,False,-1
1897,Все категории,0.046055301499834916,False,False,-1
1897,Здоровье,0.2141943981653473,False,False,-1
1897,Маркетплейсы,0.17389263464414778,False,False,-1
1897,Общественное питание,0.1916101008469127,False,False,1
1897,Продовольствие,0.22246458477894204,False,False,-1
1897,Транспорт,0.10850898980283813,False,False,-1
1898,Все категории,0.1420620954719437,False,False,-1
1898,Здоровье,0.1351744039423326,False,False,-1
1898,Маркетплейсы,0.4967984479569274,False,False,-1
1898,Общественное питание,0.09562006263498748,False,False,-1
1898,Продовольствие,0.5687563414913805,False,False,-1
1898,Транспорт,0.07586230623277865,False,False,-1
1899,Все категории,0.13570795767795893,False,False,-1
1899,Здоровье,0.2070892440306652,False,False,-1
1899,Маркетплейсы,0.8654382896844592,False,True,-1
1899,Общественное питание,0.12215111690439823,False,False,-1
1899,Продовольствие,0.4524617280950286,False,False,-1
1899,Транспорт,0.22634805244627837,False,False,1
1900,Все категории,0.06654512584157413,False,False,-1
1900,Здоровье,0.3166512018352559,False,False,-1
1900,Маркетплейсы,0.4801889474304991,False,False,-1
1900,Общественное питание,0.0988998088800061,False,False,1
1900,Продовольствие,0.720905200838182,False,True,-1
1900,Транспорт,0.1090395178605931,False,False,1
1901,Все категории,0.5472449358488315,False,False,-1
1901,Здоровье,0.04275260511019395,False,False,1
1901,Маркетплейсы,0.22317231701993545,False,False,-1
1901,Общественное питание,0.9495212367268624,False,True,-1
1901,Продовольствие,0.9145425804078033,False,True,-1
1901,Транспорт,0.30677002351779376,False,False,-1
1902,Все категории,0.09629301352043446,False,False,-1
1902,Здоровье,0.4481288743933015,False,False,-1
1902,Маркетплейсы,0.48349474181339214,False,False,-1
1902,Общественное питание,0.0,False,False,1
1902,Продовольствие,0.28977515944277116,False,False,-1
1902,Транспорт,0.6561287919353687,False,False,-1
1903,Все категории,0.9357278953154676,False,True,-1
1903,Здоровье,0.32734026827348534,False,False,-1
1903,Маркетплейсы,0.7335316177557991,False,True,-1
1903,Общественное питание,0.25579808468312537,False,False,1
1903,Продовольствие,0.5740192139784368,False,False,-1
1903,Транспорт,0.20086459235484488,False,False,1
1904,Все категории,0.33936560817558314,False,False,1
1904,Здоровье,0.6003696012940465,False,False,1
1904,Маркетплейсы,0.90901400877589,False,True,-1
1904,Общественное питание,0.12078386153440335,False,False,1
1904,Продовольствие,0.15605518926786138,False,False,1
1904,Транспорт,0.28710153414457107,False,False,1
1905,Все категории,0.8620256557436243,False,True,-1
1905,Здоровье,0.338099359197057,False,False,-1
1905,Маркетплейсы,0.8012081361949792,False,True,-1
1905,Общественное питание,0.26050038354711197,False,False,-1
1905,Продовольствие,0.008943215091845771,False,False,-1
1905,Транспорт,0.28670920825752233,False,False,-1
1906,Все категории,0.2432040347892418,False,False,-1
1906,Здоровье,0.3972942326258554,False,False,-1
1906,Маркетплейсы,0.4929090015888775,False,False,-1
1906,Общественное питание,0.0,False,False,1
1906,Продовольствие,0.45167790004153996,False,False,-1
1906,Транспорт,0.0,False,False,1
1907,Все категории,0.058352675676755505,False,False,-1
1907,Здоровье,0.19486598641149322,False,False,-1
1907,Маркетплейсы,0.5972425008941967,False,False,-1
1907,Общественное питание,0.0,False,False,1
1907,Продовольствие,0.377298534002704,False,False,-1
1907,Транспорт,0.07244456765234022,False,False,-1
1908,Все категории,0.31626884278918377,False,False,-1
1908,Здоровье,0.3705413739510579,False,False,-1
1908,Маркетплейсы,0.3176946008492971,False,False,-1
1908,Общественное питание,0.0423979444723335,False,False,1
1908,Продовольствие,0.5662333727898656,False,False,-1
1908,Транспорт,0.06903493714673109,False,False,-1
1909,Все категории,0.20418140572083782,False,False,-1
1909,Здоровье,0.035236411232219364,False,False,-1
1909,Маркетплейсы,0.9944020102146891,False,True,-1
1909,Общественное питание,0.27886385289700233,False,False,-1
1909,Продовольствие,0.07581510177071854,False,False,-1
1909,Транспорт,0.16001243230022336,False,False,-1
1910,Все категории,0.5473348044283534,False,False,-1
1910,Здоровье,0.16593325283529706,False,False,-1
1910,Маркетплейсы,0.8258209250583937,False,True,-1
1910,Общественное питание,0.25894797753339477,False,False,1
1910,Продовольствие,0.811311985343557,False,True,-1
1910,Транспорт,0.3126410980906031,False,False,1
1912,Все категории,0.5075861206003591,False,False,-1
1912,Здоровье,0.8887657617523003,False,True,-1
1912,Маркетплейсы,0.5534495249373935,False,False,-1
1912,Общественное питание,0.4898813173290978,False,False,-1
1912,Продовольствие,0.5403622628842846,False,False,-1
1912,Транспорт,0.2075563023764384,False,False,-1
1913,Все категории,0.0,False,False,0
1913,Здоровье,0.0,False,False,0
1913,Маркетплейсы,0.0,False,False,0
1913,Общественное питание,0.0,False,False,0
1913,Продовольствие,0.0,False,False,0
1913,Транспорт,0.0,False,False,0
1915,Все категории,0.4226640361369622,False,False,-1
1915,Здоровье,0.9817142103928918,False,True,-1
1915,Маркетплейсы,0.427288233393201,False,False,-1
1915,Общественное питание,0.33015583549009747,False,False,1
1915,Продовольствие,0.3053049577770186,False,False,-1
1915,Транспорт,0.5317743650013236,False,False,1
1916,Все категории,0.7688087089967799,False,True,-1
1916,Здоровье,0.15698923577408871,False,False,-1
1916,Маркетплейсы,0.4071378501157486,False,False,-1
1916,Общественное питание,0.012127482284005911,False,False,-1
1916,Продовольствие,0.5010689062711431,False,False,-1
1916,Транспорт,0.10309215103529115,False,False,1
1917,Все категории,0.6002321809631013,False,False,-1
1917,Здоровье,0.2980829983503662,False,False,-1
1917,Маркетплейсы,0.4910200535267385,False,False,-1
1917,Общественное питание,0.3862702492839851,False,False,1
1917,Продовольствие,0.23387932243523474,False,False,-1
1917,Транспорт,0.27513154797956463,False,False,-1
1918,Все категории,0.21872167744241355,False,False,1
1918,Здоровье,0.03651974364685373,False,False,1
1918,Маркетплейсы,0.7547090284730313,False,True,-1
1918,Общественное питание,0.41358668815356253,False,False,1
1918,Продовольствие,0.4151717211973497,False,False,-1
1918,Транспорт,0.1089122356437057,False,False,1
1919,Все категории,0.1696102413095955,False,False,-1
1919,Здоровье,0.11082402770823852,False,False,-1
1919,Маркетплейсы,0.39833229047054475,False,False,-1
1919,Общественное питание,0.01773802658232257,False,False,-1
1919,Продовольствие,0.6165299216344682,False,False,-1
1919,Транспорт,0.03839531381417788,False,False,-1
1920,Все категории,0.7053195145758845,False,True,-1
1920,Здоровье,0.12063441008277753,False,False,-1
1920,Маркетплейсы,0.0,False,False,1
1920,Общественное питание,0.029140379607159442,False,False,-1
1920,Продовольствие,0.8806712062388007,False,True,-1
1920,Транспорт,0.04223086454672359,False,False,-1
1921,Все категории,0.2729459384285411,False,False,-1
1921,Здоровье,0.21744043567760102,False,False,1
1921,Маркетплейсы,0.36634212932666405,False,False,-1
1921,Общественное питание,0.028166533086280823,False,False,-1
1921,Продовольствие,0.5882252326357471,False,False,-1
1921,Транспорт,0.04513778917658713,False,False,-1
1922,Все категории,0.48304452414703225,False,False,-1
1922,Здоровье,0.2946600656472591,False,False,-1
1922,Маркетплейсы,0.8963343916537511,False,True,-1
1922,Общественное питание,0.5864730984761579,False,False,-1
1922,Продовольствие,1.053849867622057,True,True,-1
1922,Транспорт,0.09387002016437637,False,False,-1
1923,Все категории,0.08849092948524476,False,False,-1
1923,Здоровье,0.1446284447036599,False,False,-1
1923,Маркетплейсы,0.4022816663324176,False,False,-1
1923,Общественное питание,0.8308742318681523,False,True,1
1923,Продовольствие,0.23889935171686227,False,False,-1
1923,Транспорт,0.0792018127688763,False,False,1
1924,Все категории,0.9178877177474892,False,True,-1
1924,Здоровье,0.07312588014532062,False,False,1
1924,Маркетплейсы,0.06357954069789645,False,False,-1
1924,Общественное питание,0.16620288295896501,False,False,-1
1924,Продовольствие,0.3171232705601069,False,False,-1
1924,Транспорт,0.36743646841282845,False,False,-1
1925,Все категории,1.1881851249579483,True,True,-1
1925,Здоровье,0.4795494681474266,False,False,-1
1925,Маркетплейсы,0.4211098927180872,False,False,-1
1925,Общественное питание,0.1285538233580944,False,False,-1
1925,Продовольствие,0.23189014992819734,False,False,-1
1925,Транспорт,0.1239377965458377,False,False,1
1926,Все категории,0.18756230817802366,False,False,-1
1926,Здоровье,0.13767384253377798,False,False,-1
1926,Маркетплейсы,0.4712022988221485,False,False,-1
1926,Общественное питание,0.10562705508138107,False,False,-1
1926,Продовольствие,0.1720073810826378,False,False,-1
1926,Транспорт,0.07376414542961685,False,False,-1
1927,Все категории,0.6340224977636222,False,False,-1
1927,Здоровье,0.5799262430757013,False,False,-1
1927,Маркетплейсы,0.6756473354942957,False,False,-1
1927,Общественное питание,0.0,False,False,1
1927,Продовольствие,0.27160123803953323,False,False,-1
1927,Транспорт,0.030318321943274995,False,False,-1
1928,Все категории,1.0285046270355929,True,True,-1
1928,Здоровье,0.6068848432709918,False,False,1
1928,Маркетплейсы,0.6551199984456808,False,False,-1
1928,Общественное питание,0.14363293840851277,False,False,1
1928,Продовольствие,0.5972073581922236,False,False,-1
1928,Транспорт,0.055603681423721865,False,False,-1
1929,Все категории,0.4748800936153985,False,False,-1
1929,Здоровье,0.14135727537973852,False,False,-1
1929,Маркетплейсы,0.3180054690610938,False,False,-1
1929,Общественное питание,0.12055777355838193,False,False,1
1929,Продовольствие,1.010224863287763,True,True,-1
1929,Транспорт,0.0,False,False,1
1930,Все категории,0.39107170612501807,False,False,-1
1930,Здоровье,0.11306123393417294,False,False,1
1930,Маркетплейсы,0.2969183425185246,False,False,-1
1930,Общественное питание,0.3023937837436171,False,False,1
1930,Продовольствие,0.7884136466552061,False,True,-1
1930,Транспорт,0.11247358715814754,False,False,1
1931,Все категории,1.1853029774162553,True,True,-1
1931,Здоровье,0.37727106091562773,False,False,-1
1931,Маркетплейсы,0.9517155637798127,False,True,-1
1931,Общественное питание,0.0,False,False,1
1931,Продовольствие,0.3560991979480459,False,False,-1
1931,Транспорт,0.3053527532459013,False,False,-1
1932,Все категории,0.7413960694367813,False,True,-1
1932,Здоровье,0.5639128445174746,False,False,-1
1932,Маркетплейсы,0.5231389566325853,False,False,-1
1932,Общественное питание,1.0076635801807021,True,True,-1
1932,Продовольствие,0.7742213491033643,False,True,-1
1932,Транспорт,0.8470381469736414,False,True,1
1933,Все категории,0.9317439373049381,False,True,-1
1933,Здоровье,0.49913780189787404,False,False,-1
1933,Маркетплейсы,0.32041041206466647,False,False,-1
1933,Общественное питание,0.09432956611200899,False,False,-1
1933,Продовольствие,0.6738545633133255,False,False,-1
1933,Транспорт,0.28252852426160924,False,False,-1
1934,Все категории,0.1661902299139883,False,False,-1
1934,Здоровье,0.47540474276306244,False,False,1
1934,Маркетплейсы,0.488579910400898,False,False,-1
1934,Общественное питание,0.0,False,False,1
1934,Продовольствие,0.8127096129761109,False,True,-1
1934,Транспорт,0.09450214751307509,False,False,-1
1935,Все категории,0.22543966528337478,False,False,-1
1935,Здоровье,0.0,False,False,1
1935,Маркетплейсы,0.020787489899560224,False,False,-1
1935,Общественное питание,1.219533553810344,True,True,-1
1935,Продовольствие,0.3786970198471903,False,False,-1
1935,Транспорт,0.0,False,False,1
1936,Все категории,0.06088367041231403,False,False,-1
1936,Здоровье,0.27827103586052326,False,False,-1
1936,Маркетплейсы,0.6072999826431177,False,False,-1
1936,Общественное питание,0.1943236942205933,False,False,-1
1936,Продовольствие,0.23608039335912956,False,False,-1
1936,Транспорт,0.0,False,False,1
1937,Все категории,0.595326225962498,False,False,-1
1937,Здоровье,0.16314306237448958,False,False,-1
1937,Маркетплейсы,0.7221502081110649,False,True,-1
1937,Общественное питание,0.3737528493783512,False,False,1
1937,Продовольствие,0.6994421000035851,False,False,-1
1937,Транспорт,0.2193196155308062,False,False,-1
1938,Все категории,0.7660515882418939,False,True,-1
1938,Здоровье,0.4787075120568385,False,False,-1
1938,Маркетплейсы,0.7684014746333112,False,True,-1
1938,Общественное питание,0.43270060526277765,False,False,1
1938,Продовольствие,0.39957255540050063,False,False,-1
1938,Транспорт,0.42540482070330193,False,False,-1
1939,Все категории,0.272832486560507,False,False,-1
1939,Здоровье,0.22844650220761326,False,False,-1
1939,Маркетплейсы,0.8171522377016038,False,True,-1
1939,Общественное питание,0.3557758402836413,False,False,-1
1939,Продовольствие,0.6810527359127271,False,False,-1
1939,Транспорт,0.02399642392588476,False,False,-1
1940,Все категории,0.7222507827009554,False,True,-1
1940,Здоровье,0.13490127756271583,False,False,-1
1940,Маркетплейсы,0.7400952233170776,False,True,-1
1940,Общественное питание,0.18817504118082257,False,False,-1
1940,Продовольствие,0.35473391861161085,False,False,-1
1940,Транспорт,0.2546854491557786,False,False,-1
1941,Все категории,0.7324185134086669,False,True,-1
1941,Здоровье,0.36560418300839875,False,False,-1
1941,Маркетплейсы,0.1413355412949001,False,False,-1
1941,Общественное питание,0.04172879900721377,False,False,-1
1941,Продовольствие,0.10547624663293875,False,False,-1
1941,Транспорт,0.1960064767243056,False,False,1
1942,Все категории,0.8670018675074804,False,True,-1
1942,Здоровье,0.2718093755329562,False,False,1
1942,Маркетплейсы,0.6441879000177112,False,False,-1
1942,Общественное питание,0.39942557944174406,False,False,-1
1942,Продовольствие,0.4943286868893837,False,False,-1
1942,Транспорт,0.182371290912269,False,False,1
1943,Все категории,0.12214955905655822,False,False,-1
1943,Здоровье,0.6307983765239059,False,False,1
1943,Маркетплейсы,0.2514903081197847,False,False,-1
1943,Общественное питание,0.1531457288556054,False,False,-1
1943,Продовольствие,0.4398279893428817,False,False,-1
1943,Транспорт,0.4950767343071696,False,False,1
1944,Все категории,0.2719900033509383,False,False,-1
1944,Здоровье,0.3174686626303911,False,False,-1
1944,Маркетплейсы,0.7513735995714308,False,True,-1
1944,Общественное питание,0.15874612678356667,False,False,-1
1944,Продовольствие,0.8109686751031278,False,True,-1
1944,Транспорт,0.02357515222081427,False,False,-1
1945,Все категории,0.900572871613831,False,True,-1
1945,Здоровье,0.09689246781187677,False,False,1
1945,Маркетплейсы,0.3749213693130755,False,False,-1
1945,Общественное питание,0.15058437672004438,False,False,-1
1945,Продовольствие,0.2564390492439214,False,False,-1
1945,Транспорт,0.12037664090932806,False,False,-1
1947,Все категории,0.06198276132714148,False,False,-1
1947,Здоровье,0.286944420631722,False,False,-1
1947,Маркетплейсы,0.6270301344922176,False,False,-1
1947,Общественное питание,0.2747391685399256,False,False,-1
1947,Продовольствие,0.35557874038975223,False,False,-1
1947,Транспорт,0.354900486368413,False,False,-1
1948,Все категории,0.9194990359847754,False,True,-1
1948,Здоровье,0.6434190849445215,False,False,-1
1948,Маркетплейсы,0.31706202642845993,False,False,-1
1948,Общественное питание,0.11915348489027394,False,False,-1
1948,Продовольствие,0.932850917090142,False,True,-1
1948,Транспорт,0.22816588261464632,False,False,-1
1949,Все категории,0.3412076697223567,False,False,-1
1949,Здоровье,0.33727841618991933,False,False,-1
1949,Маркетплейсы,0.5197675144886795,False,False,-1
1949,Общественное питание,0.11786724482274383,False,False,-1
1949,Продовольствие,0.5869161333938983,False,False,-1
1949,Транспорт,0.30954136944568367,False,False,1
1950,Все категории,0.05060181412944266,False,False,-1
1950,Здоровье,0.49192162887318536,False,False,-1
1950,Маркетплейсы,0.0392290249364077,False,False,-1
1950,Общественное питание,0.7571469410975009,False,True,-1
1950,Продовольствие,0.39079090488468743,False,False,-1
1950,Транспорт,0.36679350776030095,False,False,1
1951,Все категории,0.40144522821177414,False,False,-1
1951,Здоровье,0.6750596133573841,False,False,-1
1951,Маркетплейсы,0.526809866206392,False,False,-1
1951,Общественное питание,0.18976608620036334,False,False,-1
1951,Продовольствие,1.1260725248723167,True,True,-1
1951,Транспорт,0.2252253623321248,False,False,1
1952,Все категории,0.32907950641184974,False,False,-1
1952,Здоровье,0.028256942576292188,False,False,-1
1952,Маркетплейсы,0.4611202574364265,False,False,-1
1952,Общественное питание,0.25070273649526087,False,False,-1
1952,Продовольствие,0.82642497449722,False,True,-1
1952,Транспорт,0.14303720928506114,False,False,-1
1954,Все категории,0.13682166863507,False,False,-1
1954,Здоровье,0.5872053648718859,False,False,-1
1954,Маркетплейсы,0.5450120831021,False,False,-1
1954,Общественное питание,0.9704243854611581,False,True,-1
1954,Продовольствие,0.13841622101414316,False,False,-1
1954,Транспорт,0.5125973291907056,False,False,1
1955,Все категории,0.18325273835781358,False,False,-1
1955,Здоровье,0.0,False,False,1
1955,Маркетплейсы,0.06609254431530642,False,False,-1
1955,Общественное питание,0.632497800424144,False,False,-1
1955,Продовольствие,0.1232051193088983,False,False,1
1955,Транспорт,0.22187473452331719,False,False,-1
1956,Все категории,0.2871163916446413,False,False,1
1956,Здоровье,0.2814532551690883,False,False,-1
1956,Маркетплейсы,0.3098425259423731,False,False,-1
1956,Общественное питание,0.4246244186656777,False,False,1
1956,Продовольствие,0.1546233450339325,False,False,1
1956,Транспорт,0.41239550460225466,False,False,1
1957,Все категории,0.10835939173388603,False,False,1
1957,Здоровье,0.0,False,False,1
1957,Маркетплейсы,0.07822200988851741,False,False,1
1957,Общественное питание,0.3929596921993706,False,False,1
1957,Продовольствие,0.22173587278373513,False,False,-1
1957,Транспорт,0.4823656913669594,False,False,1
1958,Все категории,0.39828336084132515,False,False,-1
1958,Здоровье,0.27488481757028294,False,False,-1
1958,Маркетплейсы,0.4632962123802792,False,False,-1
1958,Общественное питание,0.40562487271155756,False,False,1
1958,Продовольствие,0.41955965600480394,False,False,-1
1958,Транспорт,0.19709595709769628,False,False,-1
1959,Все категории,0.32304676701512586,False,False,1
1959,Здоровье,0.3615010081993103,False,False,1
1959,Маркетплейсы,0.0,False,False,1
1959,Общественное питание,0.11131863437577855,False,False,-1
1959,Продовольствие,0.5792820216092647,False,False,1
1959,Транспорт,0.17159162728899435,False,False,1
1960,Все категории,0.07456037815960975,False,False,1
1960,Здоровье,0.21083477548507484,False,False,-1
1960,Маркетплейсы,0.09645501188652197,False,False,1
1960,Общественное питание,0.058715757322572046,False,False,1
1960,Продовольствие,0.007467731082101248,False,False,1
1960,Транспорт,0.5027177332416807,False,False,1
1961,Все категории,0.1610888709271026,False,False,1
1961,Здоровье,0.4746142568927558,False,False,1
1961,Маркетплейсы,0.2075160362673314,False,False,1
1961,Общественное питание,0.44661584838339063,False,False,-1
1961,Продовольствие,0.06412355852150825,False,False,-1
1961,Транспорт,0.12119136675903425,False,False,-1
1962,Все категории,0.16745908164540713,False,False,1
1962,Здоровье,0.060413318051452655,False,False,1
1962,Маркетплейсы,0.3167552008660305,False,False,-1
1962,Общественное питание,0.6629783844912569,False,False,-1
1962,Продовольствие,0.05425614614708618,False,False,1
1962,Транспорт,0.5311528738253822,False,False,1
1963,Все категории,0.3001005555127241,False,False,1
1963,Здоровье,0.2577614186691875,False,False,1
1963,Маркетплейсы,0.1301667530567918,False,False,-1
1963,Общественное питание,0.0,False,False,1
1963,Продовольствие,0.020615060929140602,False,False,1
1963,Транспорт,0.4761727514656423,False,False,1
1964,Все категории,0.0,False,False,0
1964,Здоровье,0.0,False,False,0
1964,Маркетплейсы,0.0,False,False,0
1964,Общественное питание,0.0,False,False,0
1964,Продовольствие,0.0,False,False,0
1964,Транспорт,0.0,False,False,0
1965,Все категории,0.005682784599465626,False,False,-1
1965,Здоровье,0.247711530053482,False,False,1
1965,Маркетплейсы,0.28476561053695076,False,False,-1
1965,Общественное питание,0.1450488384751021,False,False,-1
1965,Продовольствие,0.018955650057540185,False,False,-1
1965,Транспорт,0.0,False,False,1
1966,Все категории,0.011758059170873025,False,False,-1
1966,Здоровье,0.020264975330543833,False,False,-1
1966,Маркетплейсы,0.0,False,False,1
1966,Общественное питание,0.16356163143062336,False,False,-1
1966,Продовольствие,0.22774331889344868,False,False,-1
1966,Транспорт,0.04244780801427786,False,False,1
1967,Все категории,0.27732857608263023,False,False,1
1967,Здоровье,0.08533493412282525,False,False,1
1967,Маркетплейсы,0.3692674626172469,False,False,-1
1967,Общественное питание,0.595133159996885,False,False,1
1967,Продовольствие,0.0,False,False,1
1967,Транспорт,0.3224576308145576,False,False,1
1968,Все категории,0.026457827999595437,False,False,-1
1968,Здоровье,0.00031644601856238574,False,False,-1
1968,Маркетплейсы,0.9292892113780383,False,True,-1
1968,Общественное питание,0.1752960946761405,False,False,1
1968,Продовольствие,0.07516552303491597,False,False,-1
1968,Транспорт,0.3118747504967493,False,False,1
1969,Все категории,0.7319963128039007,False,True,1
1969,Здоровье,0.3137387843102949,False,False,1
1969,Маркетплейсы,0.18122359520418246,False,False,1
1969,Общественное питание,0.28726783238116915,False,False,1
1969,Продовольствие,0.0,False,False,1
1969,Транспорт,0.2820701986142824,False,False,1
1970,Все категории,0.0,False,False,1
1970,Здоровье,0.3147919745673018,False,False,1
1970,Маркетплейсы,0.3406752152230271,False,False,-1
1970,Общественное питание,0.32385694360913014,False,False,1
1970,Продовольствие,0.14507900067312965,False,False,-1
1970,Транспорт,0.10370503231658662,False,False,-1
1971,Все категории,0.35209144230968803,False,False,-1
1971,Здоровье,0.0,False,False,1
1971,Маркетплейсы,0.0,False,False,1
1971,Общественное питание,0.0,False,False,1
1971,Продовольствие,0.4736810613411112,False,False,-1
1971,Транспорт,0.16657289945239828,False,False,-1
1972,Все категории,0.27026043032315705,False,False,-1
1972,Здоровье,0.04680464896537109,False,False,-1
1972,Маркетплейсы,0.9426118707179121,False,True,-1
1972,Общественное питание,0.08075501294264106,False,False,-1
1972,Продовольствие,0.4564635415574647,False,False,-1
1972,Транспорт,0.10868574455161578,False,False,-1
1973,Все категории,0.3041995686103923,False,False,-1
1973,Здоровье,0.18188506973160043,False,False,1
1973,Маркетплейсы,1.0786923358870195,True,True,-1
1973,Общественное питание,0.27492002525440695,False,False,1
1973,Продовольствие,0.38943002666956833,False,False,-1
1973,Транспорт,0.19528427383836033,False,False,-1
1974,Все категории,0.16003169154516916,False,False,-1
1974,Здоровье,0.0,False,False,1
1974,Маркетплейсы,0.8881112663022764,False,True,-1
1974,Общественное питание,0.11051882497877016,False,False,-1
1974,Продовольствие,0.277632617086225,False,False,-1
1974,Транспорт,0.12114616131178002,False,False,-1
1975,Все категории,0.007905923547810445,False,False,1
1975,Здоровье,0.03732885379887331,False,False,-1
1975,Маркетплейсы,0.860533946146116,False,True,-1
1975,Общественное питание,0.40556861331767713,False,False,1
1975,Продовольствие,0.0,False,False,1
1975,Транспорт,0.7998342837958574,False,True,-1
1976,Все категории,0.08590427715171475,False,False,-1
1976,Здоровье,0.0,False,False,1
1976,Маркетплейсы,0.24753543997231442,False,False,-1
1976,Общественное питание,0.03979283574084942,False,False,1
1976,Продовольствие,0.7558884841210964,False,True,-1
1976,Транспорт,0.17464499911158327,False,False,-1
1977,Все категории,0.4000558593420315,False,False,-1
1977,Здоровье,0.17103631819443504,False,False,1
1977,Маркетплейсы,0.0,False,False,1
1977,Общественное питание,0.09881666660954569,False,False,-1
1977,Продовольствие,0.3362077925586391,False,False,-1
1977,Транспорт,0.2000432637577807,False,False,-1
1978,Все категории,0.1569839887232318,False,False,-1
1978,Здоровье,0.05927900541680055,False,False,1
1978,Маркетплейсы,1.0728719149920876,True,True,-1
1978,Общественное питание,0.03939130037956598,False,False,-1
1978,Продовольствие,0.6208322794175514,False,False,-1
1978,Транспорт,0.10752328102254788,False,False,-1
1979,Все категории,0.17810897046625584,False,False,-1
1979,Здоровье,0.08014479396364957,False,False,-1
1979,Маркетплейсы,0.11483006199432569,False,False,-1
1979,Общественное питание,0.0,False,False,1
1979,Продовольствие,0.5358428667437005,False,False,-1
1979,Транспорт,0.12591205774743539,False,False,-1
1980,Все категории,0.20174418943343359,False,False,1
1980,Здоровье,0.0,False,False,1
1980,Маркетплейсы,1.0192401775634297,True,True,-1
1980,Общественное питание,0.2359176905850663,False,False,1
1980,Продовольствие,0.10047002995022247,False,False,-1
1980,Транспорт,0.0,False,False,1
1981,Все категории,0.7570379448686377,False,True,-1
1981,Здоровье,0.09400238616879908,False,False,1
1981,Маркетплейсы,0.12646809211154042,False,False,-1
1981,Общественное питание,0.0,False,False,1
1981,Продовольствие,0.7265485521357201,False,True,-1
1981,Транспорт,0.0804715785417647,False,False,-1
1982,Все категории,0.5596694516595049,False,False,-1
1982,Здоровье,0.29202220772726534,False,False,-1
1982,Маркетплейсы,1.063584381737163,True,True,-1
1982,Общественное питание,0.13055459246516074,False,False,-1
1982,Продовольствие,0.6335750514649212,False,False,-1
1982,Транспорт,0.1288158304819788,False,False,-1
1983,Все категории,0.6027212412702491,False,False,-1
1983,Здоровье,0.6459484378237923,False,False,-1
1983,Маркетплейсы,1.0235060168804435,True,True,-1
1983,Общественное питание,0.24904201409344867,False,False,1
1983,Продовольствие,1.039626832672528,True,True,-1
1983,Транспорт,0.22742989391204982,False,False,-1
1984,Все категории,0.3138096134447252,False,False,-1
1984,Здоровье,0.19386406423253905,False,False,1
1984,Маркетплейсы,0.22903387770646455,False,False,-1
1984,Общественное питание,0.05035245965588969,False,False,1
1984,Продовольствие,0.2053837768721466,False,False,-1
1984,Транспорт,0.06852920685318648,False,False,1
1985,Все категории,0.3021180049544774,False,False,-1
1985,Здоровье,0.05625966181599924,False,False,-1
1985,Маркетплейсы,0.03999294115335281,False,False,-1
1985,Общественное питание,0.0,False,False,1
1985,Продовольствие,0.35089807111722215,False,False,-1
1985,Транспорт,0.2295390618201419,False,False,-1
1986,Все категории,0.5572238576252108,False,False,-1
1986,Здоровье,0.0,False,False,1
1986,Маркетплейсы,0.1774570971350183,False,False,-1
1986,Общественное питание,0.42365940030313626,False,False,-1
1986,Продовольствие,0.6091960111328265,False,False,-1
1986,Транспорт,0.3245986615385417,False,False,-1
1987,Все категории,0.29061648578376564,False,False,-1
1987,Здоровье,0.43090192095453245,False,False,-1
1987,Маркетплейсы,0.6338831886158448,False,False,-1
1987,Общественное питание,0.2187380381476473,False,False,1
1987,Продовольствие,0.8819070831135138,False,True,-1
1987,Транспорт,0.15289683095622056,False,False,-1
1988,Все категории,0.06997685896396283,False,False,-1
1988,Здоровье,0.1301357201936298,False,False,-1
1988,Маркетплейсы,0.32428801102598304,False,False,-1
1988,Общественное питание,0.13060566623924452,False,False,1
1988,Продовольствие,0.3361286265482533,False,False,-1
1988,Транспорт,0.15746756077662444,False,False,-1
1989,Все категории,0.18654040494765006,False,False,1
1989,Здоровье,0.18441451172077705,False,False,1
1989,Маркетплейсы,0.12680407632807456,False,False,-1
1989,Общественное питание,0.28990500482744835,False,False,1
1989,Продовольствие,0.0164747605627886,False,False,-1
1989,Транспорт,0.0,False,False,1
1990,Все категории,0.24258674323195684,False,False,-1
1990,Здоровье,0.15458837926687727,False,False,-1
1990,Маркетплейсы,0.8376634750957622,False,True,-1
1990,Общественное питание,0.07914437225544202,False,False,-1
1990,Продовольствие,0.5582656363768532,False,False,-1
1990,Транспорт,0.38860542954539035,False,False,-1
1991,Все категории,0.7844596136792485,False,True,-1
1991,Здоровье,0.41567196238550924,False,False,-1
1991,Маркетплейсы,0.9616446017273135,False,True,-1
1991,Общественное питание,0.005785655479544877,False,False,-1
1991,Продовольствие,0.8628887141904235,False,True,-1
1991,Транспорт,0.28756798844396614,False,False,-1
1992,Все категории,0.2712696263626608,False,False,-1
1992,Здоровье,0.1901417320960191,False,False,1
1992,Маркетплейсы,0.13504707242205827,False,False,-1
1992,Общественное питание,0.2611484300436085,False,False,-1
1992,Продовольствие,0.569651276264751,False,False,-1
1992,Транспорт,0.32839458528191307,False,False,1
1993,Все категории,0.5317871244998944,False,False,-1
1993,Здоровье,0.23397230565853278,False,False,-1
1993,Маркетплейсы,0.4498255123554741,False,False,-1
1993,Общественное питание,0.06745704332058378,False,False,-1
1993,Продовольствие,0.8908372998521357,False,True,-1
1993,Транспорт,0.2432880340664827,False,False,-1
1994,Все категории,0.558500783439676,False,False,-1
1994,Здоровье,0.02662208052835177,False,False,-1
1994,Маркетплейсы,0.6506667629107712,False,False,-1
1994,Общественное питание,0.13689385597072212,False,False,-1
1994,Продовольствие,1.0827365953017527,True,True,-1
1994,Транспорт,0.3332286433987932,False,False,-1
1995,Все категории,0.10852476149714596,False,False,-1
1995,Здоровье,0.07339076535965677,False,False,1
1995,Маркетплейсы,0.8776620196208238,False,True,-1
1995,Общественное питание,0.21215334285357396,False,False,-1
1995,Продовольствие,0.5828489869497865,False,False,-1
1995,Транспорт,0.38792613782356433,False,False,-1
1996,Все категории,0.25440586514141755,False,False,-1
1996,Здоровье,0.0,False,False,1
1996,Маркетплейсы,1.146542362629722,True,True,-1
1996,Общественное питание,0.42860198204306676,False,False,-1
1996,Продовольствие,1.0074274371834224,True,True,-1
1996,Транспорт,0.1398814633296271,False,False,1
1997,Все категории,0.22007340222094446,False,False,-1
1997,Здоровье,0.056728499033168595,False,False,1
1997,Маркетплейсы,0.6484499390292071,False,False,-1
1997,Общественное питание,0.16959667002661805,False,False,-1
1997,Продовольствие,0.06880701933482797,False,False,-1
1997,Транспорт,0.15146277282205883,False,False,-1
1999,Все категории,0.4252241227322637,False,False,-1
1999,Здоровье,0.016092523299676045,False,False,-1
1999,Маркетплейсы,0.656151132540154,False,False,-1
1999,Общественное питание,0.09604011948490693,False,False,-1
1999,Продовольствие,0.45173611419805015,False,False,-1
1999,Транспорт,0.09515612961425968,False,False,-1
2000,Все категории,0.11597085295065912,False,False,-1
2000,Здоровье,0.0,False,False,1
2000,Маркетплейсы,0.9654071127178567,False,True,-1
2000,Общественное питание,0.16462119683614843,False,False,1
2000,Продовольствие,0.30171538630759914,False,False,-1
2000,Транспорт,0.09738946902317597,False,False,-1
2001,Все категории,0.5446025709974807,False,False,-1
2001,Здоровье,0.264886240760235,False,False,-1
2001,Маркетплейсы,0.13292057980292893,False,False,-1
2001,Общественное питание,0.16744994001547558,False,False,-1
2001,Продовольствие,0.6405480418022299,False,False,-1
2001,Транспорт,0.4307299798417613,False,False,1
2002,Все категории,0.3659094042307617,False,False,-1
2002,Здоровье,0.0015650172932793471,False,False,-1
2002,Маркетплейсы,0.8228464276411014,False,True,-1
2002,Общественное питание,0.0034244053019726745,False,False,-1
2002,Продовольствие,0.3879756007836137,False,False,-1
2002,Транспорт,0.17390774343953405,False,False,-1
2004,Все категории,0.2487795400301962,False,False,-1
2004,Здоровье,0.015600716217924568,False,False,1
2004,Маркетплейсы,0.0,False,False,1
2004,Общественное питание,0.13652092230895208,False,False,1
2004,Продовольствие,0.5186095910934652,False,False,-1
2004,Транспорт,0.13133124460847925,False,False,-1
2005,Все категории,0.15202499531109306,False,False,-1
2005,Здоровье,0.010663858323361322,False,False,1
2005,Маркетплейсы,0.5280561140941876,False,False,-1
2005,Общественное питание,0.0,False,False,1
2005,Продовольствие,0.42721714199149224,False,False,-1
2005,Транспорт,0.08099177613102543,False,False,-1
2006,Все категории,0.632451833413656,False,False,-1
2006,Здоровье,1.1833372104611266,True,True,-1
2006,Маркетплейсы,0.9815927702759273,False,True,-1
2006,Общественное питание,0.044454501238474275,False,False,-1
2006,Продовольствие,0.993151947874336,False,True,-1
2006,Транспорт,0.787684899838961,False,True,-1
2007,Все категории,0.2711918292193707,False,False,-1
2007,Здоровье,0.07449728425077204,False,False,-1
2007,Маркетплейсы,0.631934489944126,False,False,-1
2007,Общественное питание,0.14751031182869287,False,False,-1
2007,Продовольствие,0.3788118378549085,False,False,-1
2007,Транспорт,0.20143542429492012,False,False,-1
2008,Все категории,0.28794643199656433,False,False,-1
2008,Здоровье,0.0,False,False,1
2008,Маркетплейсы,0.17697616067074629,False,False,-1
2008,Общественное питание,0.0,False,False,1
2008,Продовольствие,0.6547877676714624,False,False,-1
2008,Транспорт,0.021554171662110072,False,False,-1
2009,Все категории,0.05887184410155137,False,False,-1
2009,Здоровье,0.011222258469752666,False,False,-1
2009,Маркетплейсы,0.7394159147495685,False,True,-1
2009,Общественное питание,0.3757131758738258,False,False,1
2009,Продовольствие,0.48341830855486134,False,False,-1
2009,Транспорт,0.06960618146709549,False,False,1
2010,Все категории,0.5920239432687782,False,False,-1
2010,Здоровье,0.9330894255117335,False,True,-1
2010,Маркетплейсы,0.2687979525557944,False,False,-1
2010,Общественное питание,0.2062555733433351,False,False,-1
2010,Продовольствие,0.5241883214132933,False,False,-1
2010,Транспорт,0.0,False,False,1
2011,Все категории,0.21046239553031804,False,False,-1
2011,Здоровье,0.08565190697036326,False,False,-1
2011,Маркетплейсы,1.0301961693062875,True,True,-1
2011,Общественное питание,0.1471437630452428,False,False,-1
2011,Продовольствие,0.7640663628393324,False,True,-1
2011,Транспорт,0.06935469731801713,False,False,-1
2012,Все категории,0.04677997369877314,False,False,1
2012,Здоровье,0.4813510547220856,False,False,1
2012,Маркетплейсы,0.7318957105966508,False,True,-1
2012,Общественное питание,0.21310625034302078,False,False,-1
2012,Продовольствие,0.4981863619900999,False,False,-1
2012,Транспорт,0.38895198559634125,False,False,1
2015,Все категории,0.10083555519051446,False,False,-1
2015,Здоровье,0.9449977574339865,False,True,1
2015,Маркетплейсы,1.1258406137359769,True,True,-1
2015,Общественное питание,0.3069758173642535,False,False,1
2015,Продовольствие,0.10088347900602956,False,False,-1
2015,Транспорт,0.08440908783257059,False,False,1
2016,Все категории,0.0,False,False,0
2016,Здоровье,0.0,False,False,0
2016,Маркетплейсы,0.0,False,False,0
2016,Общественное питание,0.0,False,False,0
2016,Продовольствие,0.0,False,False,0
2016,Транспорт,0.0,False,False,0
2017,Все категории,0.09482262841217465,False,False,-1
2017,Здоровье,0.31732037418578724,False,False,-1
2017,Маркетплейсы,0.5309062568683451,False,False,-1
2017,Общественное питание,0.6524460471006467,False,False,-1
2017,Продовольствие,0.758342241777602,False,True,-1
2017,Транспорт,0.2455058379811208,False,False,-1
2018,Все категории,0.2983652559914628,False,False,-1
2018,Здоровье,0.11802070069599868,False,False,1
2018,Маркетплейсы,0.8125896687597257,False,True,-1
2018,Общественное питание,0.7041525275736973,False,True,1
2018,Продовольствие,0.3328538345745448,False,False,-1
2018,Транспорт,0.10776898378275448,False,False,1
2019,Все категории,0.3409336995438223,False,False,-1
2019,Здоровье,0.009035494209810715,False,False,-1
2019,Маркетплейсы,0.39983535815561944,False,False,-1
2019,Общественное питание,0.20291278606647895,False,False,-1
2019,Продовольствие,0.22418592744907417,False,False,-1
2019,Транспорт,0.15581846664378865,False,False,-1
2020,Все категории,0.3167285569052889,False,False,1
2020,Здоровье,0.10772941038323303,False,False,1
2020,Маркетплейсы,0.13433423164712358,False,False,1
2020,Общественное питание,0.21810902805813426,False,False,1
2020,Продовольствие,0.578655337442794,False,False,-1
2020,Транспорт,0.15668033019326824,False,False,1
2021,Все категории,0.10668155283392916,False,False,-1
2021,Здоровье,0.032058527602889325,False,False,-1
2021,Маркетплейсы,0.7618338676528216,False,True,-1
2021,Общественное питание,0.4537069237724334,False,False,1
2021,Продовольствие,0.37344469638385225,False,False,-1
2021,Транспорт,0.12347932838149672,False,False,1
2022,Все категории,0.12477065016648453,False,False,1
2022,Здоровье,0.0,False,False,1
2022,Маркетплейсы,0.09629186026232003,False,False,-1
2022,Общественное питание,0.22445457967084131,False,False,-1
2022,Продовольствие,0.21438156825072896,False,False,-1
2022,Транспорт,0.14739551050539423,False,False,-1
2023,Все категории,0.29108972308706993,False,False,1
2023,Здоровье,0.29162728100097524,False,False,-1
2023,Маркетплейсы,0.2915263824561146,False,False,1
2023,Общественное питание,0.4312736328357441,False,False,1
2023,Продовольствие,0.670970995832425,False,False,-1
2023,Транспорт,0.5485044427857081,False,False,1
2024,Все категории,0.21670842893779718,False,False,-1
2024,Здоровье,0.0,False,False,1
2024,Маркетплейсы,0.36768683696713417,False,False,-1
2024,Общественное питание,0.5243811980009884,False,False,-1
2024,Продовольствие,0.4852801162693987,False,False,-1
2024,Транспорт,0.0,False,False,1
2025,Все категории,0.6022920830882071,False,False,-1
2025,Здоровье,0.3347689430089069,False,False,-1
2025,Маркетплейсы,0.848422080667905,False,True,-1
2025,Общественное питание,0.09931290046313385,False,False,-1
2025,Продовольствие,0.4304396145870056,False,False,-1
2025,Транспорт,0.49975884439007956,False,False,-1
2026,Все категории,0.0,False,False,0
2026,Здоровье,0.0,False,False,0
2026,Маркетплейсы,0.0,False,False,0
2026,Общественное питание,0.0,False,False,0
2026,Продовольствие,0.0,False,False,0
2026,Транспорт,0.0,False,False,0
2027,Все категории,0.09178679790519031,False,False,-1
2027,Здоровье,0.30744039089213404,False,False,1
2027,Маркетплейсы,0.6526939724088234,False,False,-1
2027,Общественное питание,0.5289615417021365,False,False,-1
2027,Продовольствие,0.509522022121477,False,False,-1
2027,Транспорт,0.008048098171627771,False,False,1
2028,Все категории,0.14546779569254997,False,False,1
2028,Здоровье,0.13035949816781317,False,False,1
2028,Маркетплейсы,0.3126143091811862,False,False,-1
2028,Общественное питание,0.21950894132911375,False,False,-1
2028,Продовольствие,0.2799873806263707,False,False,-1
2028,Транспорт,0.01540173685365566,False,False,-1
2029,Все категории,0.2869291836539875,False,False,1
2029,Здоровье,0.2098443653832064,False,False,1
2029,Маркетплейсы,0.12681284609251117,False,False,1
2029,Общественное питание,0.026462959812736553,False,False,1
2029,Продовольствие,0.34131925210180736,False,False,1
2029,Транспорт,0.03925526115514359,False,False,1
2030,Все категории,0.2902489562656175,False,False,-1
2030,Здоровье,0.06130720824830094,False,False,1
2030,Маркетплейсы,0.271175753137061,False,False,-1
2030,Общественное питание,0.9162801900650773,False,True,1
2030,Продовольствие,0.5906004568987159,False,False,-1
2030,Транспорт,0.14488292905667072,False,False,1
2031,Все категории,0.235988170499291,False,False,-1
2031,Здоровье,0.20660370334318262,False,False,1
2031,Маркетплейсы,0.3844282315972332,False,False,-1
2031,Общественное питание,0.03195147471058574,False,False,-1
2031,Продовольствие,0.6351186025194693,False,False,-1
2031,Транспорт,0.32000149409801293,False,False,-1
2032,Все категории,0.3108823780023393,False,False,-1
2032,Здоровье,0.34414051392446365,False,False,-1
2032,Маркетплейсы,0.7648237767962305,False,True,-1
2032,Общественное питание,0.0,False,False,1
2032,Продовольствие,0.7737867268292404,False,True,-1
2032,Транспорт,0.24410010724085474,False,False,-1
2033,Все категории,0.0,False,False,1
2033,Здоровье,0.12383008478621166,False,False,-1
2033,Маркетплейсы,0.962520373354163,False,True,-1
2033,Общественное питание,1.0094686793609247,True,True,-1
2033,Продовольствие,0.49353074913046424,False,False,-1
2033,Транспорт,0.20611723341708998,False,False,-1
2034,Все категории,0.5063422670051773,False,False,-1
2034,Здоровье,0.17947506635709579,False,False,1
2034,Маркетплейсы,0.4560571654500746,False,False,-1
2034,Общественное питание,0.16772410372701524,False,False,1
2034,Продовольствие,0.4705477859194337,False,False,-1
2034,Транспорт,0.5169342205324414,False,False,-1
2035,Все категории,0.17570304509085616,False,False,-1
2035,Здоровье,0.0,False,False,1
2035,Маркетплейсы,0.39732007730090824,False,False,-1
2035,Общественное питание,0.18975121072575718,False,False,-1
2035,Продовольствие,0.1351619106699099,False,False,-1
2035,Транспорт,0.09211207787491105,False,False,-1
2036,Все категории,0.18179175569704392,False,False,-1
2036,Здоровье,0.4287194565041997,False,False,-1
2036,Маркетплейсы,0.5129597186905792,False,False,-1
2036,Общественное питание,0.0,False,False,1
2036,Продовольствие,0.2456791816182703,False,False,-1
2036,Транспорт,0.0,False,False,1
2037,Все категории,0.05370798439824245,False,False,-1
2037,Здоровье,0.3631363475534991,False,False,-1
2037,Маркетплейсы,0.6085340240504074,False,False,-1
2037,Общественное питание,0.39922784697821434,False,False,1
2037,Продовольствие,0.4865736133320093,False,False,-1
2037,Транспорт,0.2377974368249819,False,False,1
2038,Все категории,0.0,False,False,0
2038,Здоровье,0.0,False,False,0
2038,Маркетплейсы,0.0,False,False,0
2038,Общественное питание,0.0,False,False,0
2038,Продовольствие,0.0,False,False,0
2038,Транспорт,0.0,False,False,0
2039,Все категории,0.13666770028059422,False,False,-1
2039,Здоровье,0.18138648178622108,False,False,-1
2039,Маркетплейсы,0.40902443108239783,False,False,-1
2039,Общественное питание,0.33361706742938974,False,False,-1
2039,Продовольствие,0.5434680436763843,False,False,-1
2039,Транспорт,0.619399423970242,False,False,1
2040,Все категории,0.7636014969659324,False,True,-1
2040,Здоровье,0.630960630998713,False,False,-1
2040,Маркетплейсы,1.0048591500149093,True,True,-1
2040,Общественное питание,0.8083103691357687,False,True,1
2040,Продовольствие,0.5813975859631312,False,False,-1
2040,Транспорт,0.2917164505812379,False,False,-1
2041,Все категории,0.8570485613214585,False,True,-1
2041,Здоровье,0.13207800820913765,False,False,-1
2041,Маркетплейсы,0.8449204371740116,False,True,-1
2041,Общественное питание,0.22862468039136513,False,False,1
2041,Продовольствие,0.46853919856991977,False,False,-1
2041,Транспорт,0.5119623334641528,False,False,-1
2042,Все категории,0.139881035710329,False,False,-1
2042,Здоровье,0.0,False,False,1
2042,Маркетплейсы,0.2749355184063497,False,False,-1
2042,Общественное питание,0.03123221435563442,False,False,-1
2042,Продовольствие,0.3686772590959836,False,False,-1
2042,Транспорт,0.03785552696778957,False,False,1
2043,Все категории,0.26352028647625236,False,False,-1
2043,Здоровье,0.16921730441900393,False,False,1
2043,Маркетплейсы,0.8479728581912693,False,True,-1
2043,Общественное питание,0.9818587203806521,False,True,1
2043,Продовольствие,0.7417197382654994,False,True,-1
2043,Транспорт,0.0,False,False,1
2044,Все категории,0.18543872690578753,False,False,-1
2044,Здоровье,0.6783751475969326,False,False,-1
2044,Маркетплейсы,0.0,False,False,1
2044,Общественное питание,0.1746260549787585,False,False,-1
2044,Продовольствие,0.23803648214067064,False,False,-1
2044,Транспорт,0.30239789842504317,False,False,-1
2045,Все категории,0.36290728611232126,False,False,-1
2045,Здоровье,0.33811368426094723,False,False,-1
2045,Маркетплейсы,0.7394191581878509,False,True,-1
2045,Общественное питание,0.5485599308537585,False,False,-1
2045,Продовольствие,0.1927051682889629,False,False,-1
2045,Транспорт,0.17438271847071585,False,False,1
2046,Все категории,0.04529973926281068,False,False,-1
2046,Здоровье,0.09541075618765846,False,False,-1
2046,Маркетплейсы,0.2129830849338577,False,False,-1
2046,Общественное питание,0.2681102952366685,False,False,-1
2046,Продовольствие,0.5113060459815805,False,False,-1
2046,Транспорт,0.06557154339119328,False,False,-1
2047,Все категории,0.8790151588389689,False,True,-1
2047,Здоровье,0.23451605955723293,False,False,-1
2047,Маркетплейсы,0.08687750669840325,False,False,-1
2047,Общественное питание,0.444064665497647,False,False,-1
2047,Продовольствие,0.5486450147628135,False,False,-1
2047,Транспорт,0.019698206044634417,False,False,-1
2048,Все категории,0.6361061778789929,False,False,-1
2048,Здоровье,0.3629518761108026,False,False,-1
2048,Маркетплейсы,0.9797762352998292,False,True,-1
2048,Общественное питание,0.22710755345018774,False,False,-1
2048,Продовольствие,0.3420766510351617,False,False,-1
2048,Транспорт,0.08959441484722885,False,False,1
2049,Все категории,0.05937747308446473,False,False,-1
2049,Здоровье,0.29033321845157606,False,False,-1
2049,Маркетплейсы,0.3395163269242169,False,False,-1
2049,Общественное питание,0.2186375030693451,False,False,1
2049,Продовольствие,0.5160979951454386,False,False,-1
2049,Транспорт,0.8688292811530552,False,True,1
2050,Все категории,0.39936815717073915,False,False,-1
2050,Здоровье,0.26070717830071727,False,False,-1
2050,Маркетплейсы,0.5107526932704959,False,False,-1
2050,Общественное питание,0.5991848108962132,False,False,-1
2050,Продовольствие,0.15205444093292175,False,False,-1
2050,Транспорт,0.12692583798759158,False,False,-1
2051,Все категории,0.14521141923570843,False,False,-1
2051,Здоровье,0.35179663673665107,False,False,-1
2051,Маркетплейсы,0.20941975755696451,False,False,-1
2051,Общественное питание,0.1962813267410365,False,False,-1
2051,Продовольствие,0.10144466763311821,False,False,-1
2051,Транспорт,0.0,False,False,1
2052,Все категории,0.21106705371278817,False,False,-1
2052,Здоровье,0.14587381887414694,False,False,-1
2052,Маркетплейсы,0.02346055620598657,False,False,-1
2052,Общественное питание,0.3325362840300461,False,False,1
2052,Продовольствие,0.4612012393680712,False,False,-1
2052,Транспорт,0.7734844788670864,False,True,1
2053,Все категории,0.27080560426721634,False,False,-1
2053,Здоровье,0.43587631593160825,False,False,1
2053,Маркетплейсы,0.2669918527657258,False,False,-1
2053,Общественное питание,0.09899368503369516,False,False,1
2053,Продовольствие,0.28929488999536535,False,False,-1
2053,Транспорт,0.9856225170404285,False,True,1
2054,Все категории,0.20967072244216783,False,False,-1
2054,Здоровье,0.13750766433931472,False,False,-1
2054,Маркетплейсы,0.13118298710808854,False,False,-1
2054,Общественное питание,0.02289026162142825,False,False,1
2054,Продовольствие,0.12288820355333158,False,False,-1
2054,Транспорт,0.06929105351593343,False,False,1
2055,Все категории,0.04794858264152628,False,False,1
2055,Здоровье,0.14675775096567295,False,False,-1
2055,Маркетплейсы,0.6644404714255262,False,False,-1
2055,Общественное питание,0.18815296636735102,False,False,-1
2055,Продовольствие,0.845016347642624,False,True,-1
2055,Транспорт,0.6934271954212787,False,False,1
2056,Все категории,0.09341870071396047,False,False,-1
2056,Здоровье,0.04298381232922267,False,False,-1
2056,Маркетплейсы,0.07545402028891018,False,False,-1
2056,Общественное питание,0.04070124885670695,False,False,-1
2056,Продовольствие,0.29050166561659085,False,False,-1
2056,Транспорт,0.4397477687283007,False,False,1
2057,Все категории,0.23982467926418555,False,False,-1
2057,Здоровье,0.21555965193845972,False,False,-1
2057,Маркетплейсы,1.1160717650046788,True,True,-1
2057,Общественное питание,0.06382001827536493,False,False,-1
2057,Продовольствие,0.16925858943468866,False,False,-1
2057,Транспорт,0.016363632577063664,False,False,-1
2058,Все категории,0.27795357694252576,False,False,-1
2058,Здоровье,0.48235057914008395,False,False,-1
2058,Маркетплейсы,0.3103940542680296,False,False,-1
2058,Общественное питание,0.04179006904209595,False,False,1
2058,Продовольствие,0.11163443823818667,False,False,-1
2058,Транспорт,0.2788551966875511,False,False,1
2059,Все категории,0.0634873498099073,False,False,-1
2059,Здоровье,0.58445336063261,False,False,1
2059,Маркетплейсы,0.15662147382080452,False,False,-1
2059,Общественное питание,0.4209012365214037,False,False,-1
2059,Продовольствие,0.18674589175419734,False,False,-1
2059,Транспорт,0.5351171670866925,False,False,1
2060,Все категории,0.0,False,False,1
2060,Здоровье,0.8383070675964347,False,True,-1
2060,Маркетплейсы,0.21568735188604876,False,False,-1
2060,Общественное питание,0.0,False,False,1
2060,Продовольствие,0.20849910758943346,False,False,-1
2060,Транспорт,0.013526141006880738,False,False,1
2061,Все категории,0.0,False,False,1
2061,Здоровье,0.8490590841772792,False,True,-1
2061,Маркетплейсы,0.06560651220334035,False,False,-1
2061,Общественное питание,0.5444983773934103,False,False,1
2061,Продовольствие,0.36473370840068264,False,False,-1
2061,Транспорт,0.21017019136474419,False,False,1
2062,Все категории,0.4343819933430251,False,False,-1
2062,Здоровье,0.28787369424281,False,False,-1
2062,Маркетплейсы,0.8508027278359254,False,True,-1
2062,Общественное питание,0.3424748576780769,False,False,-1
2062,Продовольствие,0.527480311155355,False,False,-1
2062,Транспорт,0.2901728041658946,False,False,-1
2063,Все категории,0.13353903844184484,False,False,-1
2063,Здоровье,0.485191040215329,False,False,-1
2063,Маркетплейсы,1.039004328308857,True,True,-1
2063,Общественное питание,0.02970171690882792,False,False,-1
2063,Продовольствие,0.403664116499756,False,False,-1
2063,Транспорт,0.5735216814123301,False,False,-1
2064,Все категории,0.3965820961247674,False,False,-1
2064,Здоровье,0.15689584719104901,False,False,-1
2064,Маркетплейсы,0.3498425138739941,False,False,-1
2064,Общественное питание,0.29331201492469683,False,False,-1
2064,Продовольствие,0.1897706205417517,False,False,-1
2064,Транспорт,0.0665792571351965,False,False,-1
2065,Все категории,0.32125914518835086,False,False,-1
2065,Здоровье,0.2705068196402638,False,False,-1
2065,Маркетплейсы,1.2718767182290167,True,True,-1
2065,Общественное питание,0.45930478795625784,False,False,1
2065,Продовольствие,0.36974000057707834,False,False,-1
2065,Транспорт,0.16539631814095712,False,False,-1
2066,Все категории,0.38810787019016896,False,False,-1
2066,Здоровье,0.38512342935277905,False,False,-1
2066,Маркетплейсы,0.31522372016604566,False,False,-1
2066,Общественное питание,0.45169687907423417,False,False,-1
2066,Продовольствие,0.9400122246870022,False,True,-1
2066,Транспорт,0.16156380941023926,False,False,-1
2067,Все категории,0.15232567860098128,False,False,-1
2067,Здоровье,0.2988517079526038,False,False,1
2067,Маркетплейсы,0.3569526968578725,False,False,-1
2067,Общественное питание,0.604530205964104,False,False,1
2067,Продовольствие,0.8403901811987059,False,True,-1
2067,Транспорт,0.13216262082290742,False,False,-1
2068,Все категории,0.7679294849201818,False,True,-1
2068,Здоровье,0.215124884325389,False,False,-1
2068,Маркетплейсы,0.3955597740692098,False,False,-1
2068,Общественное питание,0.20983551803425593,False,False,-1
2068,Продовольствие,0.3686985571239276,False,False,-1
2068,Транспорт,0.14576474318098676,False,False,1
2069,Все категории,0.6964341051275904,False,False,-1
2069,Здоровье,0.04141983613528455,False,False,-1
2069,Маркетплейсы,0.1236487042407804,False,False,-1
2069,Общественное питание,0.21045863473050413,False,False,1
2069,Продовольствие,0.1317184613820426,False,False,-1
2069,Транспорт,0.23621474791598196,False,False,1
2070,Все категории,0.6304830533748395,False,False,-1
2070,Здоровье,0.5383930997684656,False,False,-1
2070,Маркетплейсы,0.6410024557740569,False,False,-1
2070,Общественное питание,0.295493209793061,False,False,-1
2070,Продовольствие,0.5141306930270351,False,False,-1
2070,Транспорт,0.4939443311506213,False,False,1
2072,Все категории,0.2643628026558662,False,False,-1
2072,Здоровье,1.0433145123129957,True,True,-1
2072,Маркетплейсы,0.0,False,False,1
2072,Общественное питание,0.00023730670122509845,False,False,1
2072,Продовольствие,0.5274003870569279,False,False,-1
2072,Транспорт,0.21371418417835297,False,False,-1
2073,Все категории,0.008399208995436391,False,False,-1
2073,Здоровье,0.3622206456840358,False,False,-1
2073,Маркетплейсы,0.49514259198113275,False,False,-1
2073,Общественное питание,0.0,False,False,1
2073,Продовольствие,0.2655207490181644,False,False,-1
2073,Транспорт,0.29054496335696084,False,False,1
2074,Все категории,0.14190300000034348,False,False,-1
2074,Здоровье,0.20670394584167384,False,False,-1
2074,Маркетплейсы,0.9082880550382696,False,True,-1
2074,Общественное питание,0.1484749931695978,False,False,-1
2074,Продовольствие,0.2613274250896014,False,False,-1
2074,Транспорт,0.14281950079729902,False,False,-1
2075,Все категории,0.34113605905237193,False,False,-1
2075,Здоровье,0.0,False,False,1
2075,Маркетплейсы,0.6265480289163453,False,False,-1
2075,Общественное питание,0.1104914975768862,False,False,-1
2075,Продовольствие,0.8194776028411401,False,True,-1
2075,Транспорт,0.5571629450114641,False,False,1
2076,Все категории,0.39003839746706337,False,False,-1
2076,Здоровье,1.0183532964902127,True,True,-1
2076,Маркетплейсы,0.805603824335061,False,True,-1
2076,Общественное питание,0.1614381555257095,False,False,1
2076,Продовольствие,0.4330173217701318,False,False,-1
2076,Транспорт,0.09529183463658797,False,False,1
2077,Все категории,0.3800487083357841,False,False,-1
2077,Здоровье,0.08850205767515087,False,False,-1
2077,Маркетплейсы,0.8714651453591041,False,True,-1
2077,Общественное питание,0.016167749530735367,False,False,-1
2077,Продовольствие,0.49353770077167913,False,False,-1
2077,Транспорт,0.011259422154277235,False,False,-1
2078,Все категории,0.245599556000487,False,False,-1
2078,Здоровье,0.14961015709850728,False,False,1
2078,Маркетплейсы,0.43723436369024915,False,False,-1
2078,Общественное питание,0.03660742573366467,False,False,1
2078,Продовольствие,0.5127904644097896,False,False,-1
2078,Транспорт,0.0846639221964029,False,False,1
2079,Все категории,0.1501834236413827,False,False,-1
2079,Здоровье,0.5680961922613883,False,False,-1
2079,Маркетплейсы,0.7739052139355063,False,True,-1
2079,Общественное питание,0.12125209378842172,False,False,1
2079,Продовольствие,0.25258125266733816,False,False,-1
2079,Транспорт,0.46226033390031873,False,False,-1
2080,Все категории,0.8109610926778221,False,True,-1
2080,Здоровье,0.14980206874157048,False,False,-1
2080,Маркетплейсы,0.6252952237185226,False,False,-1
2080,Общественное питание,0.22097980300864328,False,False,1
2080,Продовольствие,0.5507458072165511,False,False,-1
2080,Транспорт,0.26532840644688366,False,False,1
2081,Все категории,0.10402165637381283,False,False,-1
2081,Здоровье,0.6067220695296729,False,False,1
2081,Маркетплейсы,0.8318778923973693,False,True,-1
2081,Общественное питание,0.13719535575142552,False,False,-1
2081,Продовольствие,0.12048021252885702,False,False,-1
2081,Транспорт,0.28838421793047764,False,False,1
2082,Все категории,0.5104514137525701,False,False,-1
2082,Здоровье,0.39066588694817705,False,False,-1
2082,Маркетплейсы,0.20518313628541018,False,False,-1
2082,Общественное питание,0.17682141909020554,False,False,1
2082,Продовольствие,1.178083987205003,True,True,-1
2082,Транспорт,0.4433155496981209,False,False,-1
2083,Все категории,0.24248043952994724,False,False,1
2083,Здоровье,0.1424189851938066,False,False,-1
2083,Маркетплейсы,0.32483078118725384,False,False,1
2083,Общественное питание,0.25100335788855666,False,False,1
2083,Продовольствие,0.463685487729928,False,False,1
2083,Транспорт,0.08955777346684698,False,False,1
2085,Все категории,0.7595641175547945,False,True,-1
2085,Здоровье,1.033481563749412,True,True,-1
2085,Маркетплейсы,0.34452729466945264,False,False,-1
2085,Общественное питание,0.037118652129964486,False,False,1
2085,Продовольствие,0.9553020954094653,False,True,-1
2085,Транспорт,0.04780202918914117,False,False,1
2086,Все категории,0.6284025158185589,False,False,1
2086,Здоровье,0.1504904799079142,False,False,-1
2086,Маркетплейсы,0.1614108514867452,False,False,1
2086,Общественное питание,0.0,False,False,1
2086,Продовольствие,0.30079151081848643,False,False,1
2086,Транспорт,0.47650589613067096,False,False,-1
2087,Все категории,0.2368248232840311,False,False,-1
2087,Здоровье,0.8918565120775708,False,True,-1
2087,Маркетплейсы,0.5795379212696924,False,False,-1
2087,Общественное питание,0.03885848406276571,False,False,-1
2087,Продовольствие,0.45009540062797493,False,False,-1
2087,Транспорт,0.25811103201504093,False,False,1
2088,Все категории,0.41758366027989646,False,False,-1
2088,Здоровье,0.17910016469851558,False,False,-1
2088,Маркетплейсы,0.9732540141798158,False,True,-1
2088,Общественное питание,0.0688825527359988,False,False,-1
2088,Продовольствие,0.46098842908867765,False,False,-1
2088,Транспорт,0.41274265775728364,False,False,-1
2089,Все категории,0.09987950648196478,False,False,-1
2089,Здоровье,0.32531371895331784,False,False,1
2089,Маркетплейсы,0.16949411703983747,False,False,-1
2089,Общественное питание,0.32158142388754446,False,False,1
2089,Продовольствие,0.10961839327365311,False,False,-1
2089,Транспорт,0.4829207723350629,False,False,1
2090,Все категории,0.5016341074628463,False,False,-1
2090,Здоровье,0.26380451883634515,False,False,-1
2090,Маркетплейсы,0.43788143840081406,False,False,-1
2090,Общественное питание,0.07194996597872055,False,False,-1
2090,Продовольствие,1.0343889735821572,True,True,-1
2090,Транспорт,0.15412784048813227,False,False,1
2091,Все категории,0.20599121906527462,False,False,-1
2091,Здоровье,0.05299374245698561,False,False,-1
2091,Маркетплейсы,0.06284383137689234,False,False,1
2091,Общественное питание,0.08275336725627624,False,False,-1
2091,Продовольствие,0.48690757485476555,False,False,-1
2091,Транспорт,0.0,False,False,1
2092,Все категории,0.0,False,False,0
2092,Здоровье,0.0,False,False,0
2092,Маркетплейсы,0.0,False,False,0
2092,Общественное питание,0.0,False,False,0
2092,Продовольствие,0.0,False,False,0
2092,Транспорт,0.0,False,False,0
2093,Все категории,0.6282314776113084,False,False,-1
2093,Здоровье,0.8931559778152485,False,True,-1
2093,Маркетплейсы,0.7471675824843504,False,True,-1
2093,Общественное питание,0.6462660161641341,False,False,-1
2093,Продовольствие,0.8110830632508448,False,True,-1
2093,Транспорт,0.07437148112057834,False,False,1
2094,Все категории,0.12141177095615535,False,False,-1
2094,Здоровье,0.09862283831242324,False,False,1
2094,Маркетплейсы,0.5457823963926853,False,False,-1
2094,Общественное питание,0.450482488623243,False,False,-1
2094,Продовольствие,0.45450709023133107,False,False,-1
2094,Транспорт,0.1733486491729377,False,False,-1
2095,Все категории,0.3057493595248006,False,False,-1
2095,Здоровье,0.056590522959274706,False,False,-1
2095,Маркетплейсы,0.46631432302716713,False,False,-1
2095,Общественное питание,0.2768782541774607,False,False,-1
2095,Продовольствие,0.21990857392350227,False,False,-1
2095,Транспорт,0.0,False,False,1
2096,Все категории,0.31910861026780535,False,False,-1
2096,Здоровье,0.07309956141399843,False,False,-1
2096,Маркетплейсы,0.8017502388607803,False,True,-1
2096,Общественное питание,0.4362255390524418,False,False,1
2096,Продовольствие,0.3177045383995199,False,False,-1
2096,Транспорт,0.5411254703577308,False,False,-1
2098,Все категории,0.31700297089993645,False,False,-1
2098,Здоровье,0.13012725759075192,False,False,-1
2098,Маркетплейсы,0.36519253800982276,False,False,-1
2098,Общественное питание,0.584351492800562,False,False,1
2098,Продовольствие,0.47153269308365897,False,False,-1
2098,Транспорт,0.5952826922305249,False,False,1
2099,Все категории,0.0,False,False,1
2099,Здоровье,0.056949690325580934,False,False,-1
2099,Маркетплейсы,0.1217107956620595,False,False,1
2099,Общественное питание,0.05001692625408373,False,False,1
2099,Продовольствие,0.13913008616021016,False,False,-1
2099,Транспорт,0.1494960876831334,False,False,1
2100,Все категории,0.6511690507302529,False,False,-1
2100,Здоровье,0.04353707979354472,False,False,1
2100,Маркетплейсы,0.3943524713021465,False,False,-1
2100,Общественное питание,0.5322736038320076,False,False,-1
2100,Продовольствие,0.06903678477667546,False,False,-1
2100,Транспорт,0.22324008633188486,False,False,-1
2101,Все категории,0.2693986502969354,False,False,-1
2101,Здоровье,0.2257662325893935,False,False,-1
2101,Маркетплейсы,1.0096229945000648,True,True,-1
2101,Общественное питание,0.772513549191606,False,True,-1
2101,Продовольствие,0.4791649394609566,False,False,-1
2101,Транспорт,0.054493190962402654,False,False,-1
2105,Все категории,0.0,False,False,1
2105,Здоровье,0.13490235185363708,False,False,-1
2105,Маркетплейсы,0.6443498146448078,False,False,-1
2105,Общественное питание,0.04998276156008723,False,False,-1
2105,Продовольствие,0.12684403977800063,False,False,-1
2105,Транспорт,0.35238193549845914,False,False,1
2108,Все категории,0.46725213272967114,False,False,-1
2108,Здоровье,0.32820978078746527,False,False,-1
2108,Маркетплейсы,0.9580047957534246,False,True,-1
2108,Общественное питание,0.38663924023520424,False,False,-1
2108,Продовольствие,0.5858630270649368,False,False,-1
2108,Транспорт,0.06491088274814089,False,False,-1
2109,Все категории,0.7228003668934805,False,True,-1
2109,Здоровье,0.2056858998863536,False,False,-1
2109,Маркетплейсы,0.6960371936067983,False,False,-1
2109,Общественное питание,0.5687628443558432,False,False,-1
2109,Продовольствие,0.4895236196617242,False,False,-1
2109,Транспорт,0.07966520099612054,False,False,-1
2110,Все категории,0.2442300902566994,False,False,-1
2110,Здоровье,0.4444680790039043,False,False,-1
2110,Маркетплейсы,0.5579791458940611,False,False,-1
2110,Общественное питание,0.6451868068180091,False,False,-1
2110,Продовольствие,0.12848966807064333,False,False,-1
2110,Транспорт,0.13256757126735758,False,False,-1
2111,Все категории,0.0,False,False,1
2111,Здоровье,0.5615889493880526,False,False,-1
2111,Маркетплейсы,0.14955334247779795,False,False,-1
2111,Общественное питание,0.2199976621711517,False,False,-1
2111,Продовольствие,0.6302601592268293,False,False,-1
2111,Транспорт,0.43860641793120614,False,False,1
2112,Все категории,0.3945237884235866,False,False,-1
2112,Здоровье,0.11002834323588356,False,False,-1
2112,Маркетплейсы,0.1770543947260177,False,False,-1
2112,Общественное питание,0.3222121214119891,False,False,-1
2112,Продовольствие,0.3625569271294492,False,False,-1
2112,Транспорт,0.862885589942773,False,True,-1
2113,Все категории,0.9037787686180988,False,True,-1
2113,Здоровье,0.5046022696743995,False,False,-1
2113,Маркетплейсы,0.9178135651973583,False,True,-1
2113,Общественное питание,0.3964845405407533,False,False,-1
2113,Продовольствие,0.0956829068805232,False,False,-1
2113,Транспорт,0.0655304576915369,False,False,1
2114,Все категории,0.4727731217199316,False,False,-1
2114,Здоровье,0.30868844337453966,False,False,1
2114,Маркетплейсы,0.01994478304421901,False,False,1
2114,Общественное питание,0.0253003831490905,False,False,-1
2114,Продовольствие,0.4994427500726165,False,False,-1
2114,Транспорт,0.02067818925344353,False,False,-1
2116,Все категории,0.28425463719641875,False,False,-1
2116,Здоровье,1.030713513899626,True,True,-1
2116,Маркетплейсы,0.4538390350140541,False,False,-1
2116,Общественное питание,0.5166385038402801,False,False,1
2116,Продовольствие,0.15035344585331395,False,False,-1
2116,Транспорт,0.1873186441635639,False,False,-1
2117,Все категории,0.15262104168406312,False,False,-1
2117,Здоровье,0.0802437473973723,False,False,-1
2117,Маркетплейсы,0.4062834292918737,False,False,-1
2117,Общественное питание,0.026613074264333916,False,False,-1
2117,Продовольствие,0.036740144922527765,False,False,-1
2117,Транспорт,0.42132758889128114,False,False,-1
2118,Все категории,0.2812366840314876,False,False,-1
2118,Здоровье,0.3519235537059275,False,False,-1
2118,Маркетплейсы,0.5241843954202603,False,False,-1
2118,Общественное питание,0.2940482194952473,False,False,-1
2118,Продовольствие,0.14461957674046655,False,False,-1
2118,Транспорт,0.04229995038032927,False,False,-1
2119,Все категории,0.30199839261858175,False,False,-1
2119,Здоровье,0.5911535038964986,False,False,-1
2119,Маркетплейсы,0.6266625510306163,False,False,-1
2119,Общественное питание,0.0641580794380392,False,False,-1
2119,Продовольствие,0.7432486903314774,False,True,-1
2119,Транспорт,0.0,False,False,1
2120,Все категории,0.09593921439463898,False,False,-1
2120,Здоровье,0.6773231159036045,False,False,-1
2120,Маркетплейсы,0.7831469473605972,False,True,-1
2120,Общественное питание,0.20972508279806734,False,False,-1
2120,Продовольствие,0.2707476645517787,False,False,-1
2120,Транспорт,0.025372022316133863,False,False,-1
2121,Все категории,0.18406836480542046,False,False,-1
2121,Здоровье,0.11516308819941817,False,False,-1
2121,Маркетплейсы,0.07408599080610676,False,False,-1
2121,Общественное питание,0.18953120899801945,False,False,-1
2121,Продовольствие,0.47679117811770855,False,False,-1
2121,Транспорт,0.1810700750883204,False,False,1
2122,Все категории,0.1881780652722057,False,False,-1
2122,Здоровье,0.32527615199348864,False,False,-1
2122,Маркетплейсы,0.15107034722234802,False,False,-1
2122,Общественное питание,0.2195411634718043,False,False,-1
2122,Продовольствие,0.3149181334043538,False,False,-1
2122,Транспорт,0.26425134221389424,False,False,-1
2124,Все категории,0.7152180939476172,False,True,-1
2124,Здоровье,0.5465143989263976,False,False,-1
2124,Маркетплейсы,0.33535056234619703,False,False,-1
2124,Общественное питание,0.162428817871663,False,False,-1
2124,Продовольствие,0.7026184166654007,False,True,-1
2124,Транспорт,0.032479528349560166,False,False,1
2125,Все категории,0.5125669254439085,False,False,-1
2125,Здоровье,0.2196686826481592,False,False,-1
2125,Маркетплейсы,0.8330864243474184,False,True,-1
2125,Общественное питание,0.49701237920467767,False,False,-1
2125,Продовольствие,0.35170023712838006,False,False,-1
2125,Транспорт,0.6236359418198972,False,False,-1
2126,Все категории,0.18967797082390192,False,False,-1
2126,Здоровье,0.34503281619884174,False,False,-1
2126,Маркетплейсы,0.3662191205711108,False,False,-1
2126,Общественное питание,0.26518472282487304,False,False,1
2126,Продовольствие,0.3037883070069834,False,False,-1
2126,Транспорт,0.005753446190340655,False,False,1
2127,Все категории,0.2052752968374027,False,False,-1
2127,Здоровье,0.6082416151534169,False,False,-1
2127,Маркетплейсы,0.37592380165094513,False,False,-1
2127,Общественное питание,0.15727882987324487,False,False,-1
2127,Продовольствие,0.48323617462321145,False,False,-1
2127,Транспорт,0.6227564496551861,False,False,-1
2128,Все категории,0.09005438083711068,False,False,-1
2128,Здоровье,0.10476946279051363,False,False,-1
2128,Маркетплейсы,0.31262640480155546,False,False,-1
2128,Общественное питание,0.00461863116008486,False,False,1
2128,Продовольствие,0.6252854756732642,False,False,-1
2128,Транспорт,0.2581201656654831,False,False,1
2129,Все категории,0.06298151659389722,False,False,-1
2129,Здоровье,0.16956269150315334,False,False,-1
2129,Маркетплейсы,0.04008185940607149,False,False,1
2129,Общественное питание,0.6411093252538986,False,False,-1
2129,Продовольствие,0.395291103360741,False,False,-1
2129,Транспорт,0.11273865152461271,False,False,1
2130,Все категории,0.2632312617359812,False,False,-1
2130,Здоровье,0.3331436479660827,False,False,-1
2130,Маркетплейсы,0.33653955131842445,False,False,-1
2130,Общественное питание,0.11497255865117714,False,False,1
2130,Продовольствие,0.12803618803572184,False,False,1
2130,Транспорт,0.1301530482134032,False,False,-1
2131,Все категории,0.6905534676559034,False,False,-1
2131,Здоровье,0.6960391045965135,False,False,-1
2131,Маркетплейсы,0.0007480920546894532,False,False,-1
2131,Общественное питание,0.36532312657909305,False,False,-1
2131,Продовольствие,1.0490645197425756,True,True,-1
2131,Транспорт,0.1345030923539839,False,False,-1
2132,Все категории,0.8425356990941262,False,True,-1
2132,Здоровье,0.6662931706973441,False,False,-1
2132,Маркетплейсы,0.338122426969624,False,False,-1
2132,Общественное питание,0.08679807880629653,False,False,1
2132,Продовольствие,0.2699181644927112,False,False,-1
2132,Транспорт,0.4368103690197438,False,False,-1
2133,Все категории,0.39093305648016174,False,False,-1
2133,Здоровье,1.637908814515606,True,True,-1
2133,Маркетплейсы,0.3127303628349912,False,False,-1
2133,Общественное питание,0.4868038473834426,False,False,-1
2133,Продовольствие,0.3236968445165024,False,False,-1
2133,Транспорт,0.3384893821204412,False,False,-1
2134,Все категории,0.14845404375637072,False,False,-1
2134,Здоровье,0.049243193425340864,False,False,-1
2134,Маркетплейсы,0.0,False,False,1
2134,Общественное питание,0.12068651754599666,False,False,-1
2134,Продовольствие,0.5265691769994059,False,False,-1
2134,Транспорт,0.23475440411949428,False,False,-1
2136,Все категории,0.05109297564571348,False,False,1
2136,Здоровье,0.257015098856243,False,False,1
2136,Маркетплейсы,0.0,False,False,1
2136,Общественное питание,0.025228265722524304,False,False,-1
2136,Продовольствие,0.21497438520290357,False,False,-1
2136,Транспорт,0.08579580096194706,False,False,-1
2137,Все категории,0.2688289621429105,False,False,-1
2137,Здоровье,0.20668802003799647,False,False,-1
2137,Маркетплейсы,0.5401519523223526,False,False,-1
2137,Общественное питание,0.0,False,False,1
2137,Продовольствие,0.38909574691338733,False,False,-1
2137,Транспорт,0.02127777815690854,False,False,-1
2138,Все категории,0.2553207053769755,False,False,-1
2138,Здоровье,0.04756825171227411,False,False,-1
2138,Маркетплейсы,0.45611578823093857,False,False,-1
2138,Общественное питание,0.3383988896945506,False,False,1
2138,Продовольствие,0.3522921861920948,False,False,-1
2138,Транспорт,0.022413978190041414,False,False,-1
2139,Все категории,0.08415361637739505,False,False,-1
2139,Здоровье,0.3328386394711208,False,False,-1
2139,Маркетплейсы,0.1241133903215288,False,False,-1
2139,Общественное питание,0.3033899919293804,False,False,-1
2139,Продовольствие,0.6189597424716985,False,False,-1
2139,Транспорт,0.19779698453022354,False,False,-1
2140,Все категории,0.16406934558855849,False,False,1
2140,Здоровье,0.5311063760014749,False,False,-1
2140,Маркетплейсы,0.3667873432581641,False,False,-1
2140,Общественное питание,0.9368697103591749,False,True,1
2140,Продовольствие,0.2775132190732072,False,False,-1
2140,Транспорт,0.01540818545218843,False,False,1
2142,Все категории,0.6652647050143652,False,False,-1
2142,Здоровье,1.0850178794439034,False,True,-1
2142,Маркетплейсы,0.0690641767863045,False,False,-1
2142,Общественное питание,0.04217924664699023,False,False,1
2142,Продовольствие,0.5303091288136443,False,False,-1
2142,Транспорт,0.2879152738803783,False,False,-1
2143,Все категории,0.0558482126803338,False,False,-1
2143,Здоровье,0.1722998448883331,False,False,-1
2143,Маркетплейсы,0.5822782551621754,False,False,-1
2143,Общественное питание,0.4841982349282121,False,False,1
2143,Продовольствие,0.3020364834734245,False,False,1
2143,Транспорт,1.1580855433751822,True,True,1
2144,Все категории,0.23173443943368816,False,False,-1
2144,Здоровье,0.0,False,False,1
2144,Маркетплейсы,0.01578391015272837,False,False,-1
2144,Общественное питание,0.16994242028186365,False,False,-1
2144,Продовольствие,0.24549867312642243,False,False,-1
2144,Транспорт,0.1910169188438886,False,False,-1
2145,Все категории,0.24330002929236394,False,False,1
2145,Здоровье,0.07234238181198166,False,False,1
2145,Маркетплейсы,0.4555183347894527,False,False,1
2145,Общественное питание,0.14806591815187997,False,False,1
2145,Продовольствие,0.7251572832451618,False,True,-1
2145,Транспорт,0.07811036097895277,False,False,1
2146,Все категории,0.03117965229872907,False,False,1
2146,Здоровье,0.2342872033703557,False,False,-1
2146,Маркетплейсы,0.5643282873166903,False,False,-1
2146,Общественное питание,0.21199886050397432,False,False,1
2146,Продовольствие,0.7446059145498374,False,True,-1
2146,Транспорт,0.5330414352884353,False,False,1
2148,Все категории,0.32429144599355797,False,False,-1
2148,Здоровье,0.2915451892008236,False,False,-1
2148,Маркетплейсы,0.8225534487972794,False,True,-1
2148,Общественное питание,0.0627223133340126,False,False,-1
2148,Продовольствие,0.25519514001721244,False,False,-1
2148,Транспорт,0.06045490365094659,False,False,1
2149,Все категории,0.0,False,False,1
2149,Здоровье,0.3253146426261591,False,False,-1
2149,Маркетплейсы,0.6622629150951798,False,False,-1
2149,Общественное питание,0.032347783237185,False,False,-1
2149,Продовольствие,0.8946441579059637,False,True,-1
2149,Транспорт,0.08286161152684018,False,False,1
2150,Все категории,0.10447476242634532,False,False,-1
2150,Здоровье,0.2061481417275493,False,False,-1
2150,Маркетплейсы,0.06893728235016733,False,False,-1
2150,Общественное питание,0.0,False,False,1
2150,Продовольствие,0.15415930884880838,False,False,-1
2150,Транспорт,0.09173448074491855,False,False,1
2151,Все категории,0.04793380063847669,False,False,1
2151,Здоровье,0.6603946184183463,False,False,1
2151,Маркетплейсы,1.1241903277826482,False,True,-1
2151,Общественное питание,0.3453558547235462,False,False,-1
2151,Продовольствие,0.18650610152926256,False,False,-1
2151,Транспорт,0.2651343614423443,False,False,1
2152,Все категории,0.20900059410580712,False,False,1
2152,Здоровье,0.3572161880708796,False,False,-1
2152,Маркетплейсы,0.16412049770005976,False,False,-1
2152,Общественное питание,0.0,False,False,1
2152,Продовольствие,0.21553377719298467,False,False,-1
2152,Транспорт,0.3287826425252791,False,False,-1
2153,Все категории,0.1884126837874716,False,False,-1
2153,Здоровье,0.14492070742568952,False,False,-1
2153,Маркетплейсы,0.06070116888057092,False,False,-1
2153,Общественное питание,0.1948947541932357,False,False,-1
2153,Продовольствие,0.4279648564092791,False,False,-1
2153,Транспорт,0.3309451724123879,False,False,-1
2154,Все категории,0.7090109394023676,False,True,-1
2154,Здоровье,0.30265089124569433,False,False,-1
2154,Маркетплейсы,0.2653972309074143,False,False,-1
2154,Общественное питание,0.06682016073583,False,False,-1
2154,Продовольствие,0.8011107429580792,False,True,-1
2154,Транспорт,0.46226569155017005,False,False,1
2155,Все категории,0.17079926203602996,False,False,-1
2155,Здоровье,0.03444084547428719,False,False,-1
2155,Маркетплейсы,0.7098927571770044,False,True,-1
2155,Общественное питание,0.035782953993774264,False,False,-1
2155,Продовольствие,0.793414735942694,False,True,-1
2155,Транспорт,0.310977395162599,False,False,-1
2156,Все категории,0.09723629006259984,False,False,-1
2156,Здоровье,0.04591745419174621,False,False,1
2156,Маркетплейсы,0.6828552920124005,False,False,-1
2156,Общественное питание,0.08782992634170983,False,False,-1
2156,Продовольствие,0.24429412731957556,False,False,-1
2156,Транспорт,0.2803859849357036,False,False,-1
2157,Все категории,0.10551596229466403,False,False,-1
2157,Здоровье,0.11300635640056345,False,False,-1
2157,Маркетплейсы,0.24225646185366956,False,False,-1
2157,Общественное питание,0.20185580620551746,False,False,1
2157,Продовольствие,0.5925080468766085,False,False,-1
2157,Транспорт,0.20237557198850897,False,False,-1
2158,Все категории,0.027989289793777183,False,False,-1
2158,Здоровье,0.0020460677910311975,False,False,1
2158,Маркетплейсы,0.7223767147677786,False,True,-1
2158,Общественное питание,0.9783601789599663,False,True,1
2158,Продовольствие,0.0,False,False,1
2158,Транспорт,0.01481562286516705,False,False,1
2159,Все категории,0.02889550733176989,False,False,-1
2159,Здоровье,0.568964172714988,False,False,-1
2159,Маркетплейсы,0.5469434006157627,False,False,-1
2159,Общественное питание,0.21555762333467549,False,False,1
2159,Продовольствие,0.8276460950910215,False,True,-1
2159,Транспорт,0.018597775149132523,False,False,1
2160,Все категории,0.38302844852845813,False,False,-1
2160,Здоровье,0.06289705393501333,False,False,-1
2160,Маркетплейсы,0.3934913205065021,False,False,-1
2160,Общественное питание,0.09843944297032056,False,False,1
2160,Продовольствие,0.7573069913283501,False,True,-1
2160,Транспорт,0.0,False,False,1
2161,Все категории,0.4852892776522002,False,False,-1
2161,Здоровье,0.609365121822585,False,False,-1
2161,Маркетплейсы,0.3455006638440629,False,False,-1
2161,Общественное питание,0.3764050494384665,False,False,-1
2161,Продовольствие,0.2816690651408228,False,False,-1
2161,Транспорт,0.2720952561587016,False,False,-1
2162,Все категории,0.21714282426827758,False,False,-1
2162,Здоровье,0.0,False,False,1
2162,Маркетплейсы,0.3685378060067523,False,False,-1
2162,Общественное питание,0.408978409125895,False,False,1
2162,Продовольствие,0.005907764028515436,False,False,-1
2162,Транспорт,0.0,False,False,1
2163,Все категории,0.10466930658036588,False,False,-1
2163,Здоровье,0.0,False,False,1
2163,Маркетплейсы,0.3537043954143485,False,False,-1
2163,Общественное питание,0.01672854677707726,False,False,-1
2163,Продовольствие,0.6043770943293729,False,False,-1
2163,Транспорт,0.7163757817864589,False,True,1
2164,Все категории,0.2535773674982874,False,False,-1
2164,Здоровье,0.024151522873054887,False,False,-1
2164,Маркетплейсы,0.0,False,False,1
2164,Общественное питание,0.20439424783357785,False,False,-1
2164,Продовольствие,0.4100896055526032,False,False,-1
2164,Транспорт,0.006941087197559384,False,False,1
2165,Все категории,0.5299528862305786,False,False,-1
2165,Здоровье,0.6465565514449365,False,False,-1
2165,Маркетплейсы,0.13754733033903047,False,False,-1
2165,Общественное питание,0.41327477116301026,False,False,-1
2165,Продовольствие,0.9374635342855788,False,True,-1
2165,Транспорт,0.28030309113124263,False,False,-1
2166,Все категории,0.1949832545155022,False,False,1
2166,Здоровье,0.027455214744717238,False,False,-1
2166,Маркетплейсы,0.0501198661194186,False,False,1
2166,Общественное питание,0.0,False,False,1
2166,Продовольствие,0.5559791614266105,False,False,1
2166,Транспорт,0.0050798774826388005,False,False,1
2167,Все категории,0.6080066791739207,False,False,-1
2167,Здоровье,0.14411692946025534,False,False,-1
2167,Маркетплейсы,0.720540288572012,False,True,-1
2167,Общественное питание,0.16998381626944062,False,False,-1
2167,Продовольствие,0.5307650476151464,False,False,-1
2167,Транспорт,0.16888549151567533,False,False,-1
2168,Все категории,0.3135291911764841,False,False,-1
2168,Здоровье,0.13448518776225682,False,False,-1
2168,Маркетплейсы,0.6910555828281157,False,False,-1
2168,Общественное питание,0.5184972001601533,False,False,-1
2168,Продовольствие,0.5977769751193907,False,False,-1
2168,Транспорт,0.0342951702942559,False,False,-1
2169,Все категории,0.4922702427405864,False,False,-1
2169,Здоровье,0.08523375401885303,False,False,-1
2169,Маркетплейсы,0.754252410924273,False,True,-1
2169,Общественное питание,0.0776782590834002,False,False,-1
2169,Продовольствие,0.7334606964339835,False,True,-1
2169,Транспорт,0.0,False,False,1
2170,Все категории,0.0,False,False,1
2170,Здоровье,0.5121979050437501,False,False,-1
2170,Маркетплейсы,0.008974429667262473,False,False,1
2170,Общественное питание,0.03217453438029684,False,False,-1
2170,Продовольствие,0.20655535290820126,False,False,1
2170,Транспорт,0.5391788703285367,False,False,1
2171,Все категории,0.4755828176284038,False,False,-1
2171,Здоровье,0.020211813012312452,False,False,-1
2171,Маркетплейсы,1.1475707806180164,True,True,-1
2171,Общественное питание,0.03600339912994226,False,False,-1
2171,Продовольствие,0.42108601200957707,False,False,-1
2171,Транспорт,0.31265854632642803,False,False,-1
2172,Все категории,0.48238606244852045,False,False,-1
2172,Здоровье,0.26916854465815593,False,False,-1
2172,Маркетплейсы,0.12056372005569219,False,False,-1
2172,Общественное питание,0.11763815307171788,False,False,-1
2172,Продовольствие,0.3439599584598638,False,False,-1
2172,Транспорт,0.0,False,False,1
2173,Все категории,0.3127958494977371,False,False,-1
2173,Здоровье,0.11724207634149214,False,False,-1
2173,Маркетплейсы,0.15282228554605484,False,False,-1
2173,Общественное питание,0.34077723988373415,False,False,-1
2173,Продовольствие,0.5913699135459674,False,False,-1
2173,Транспорт,0.09239974302232734,False,False,1
2174,Все категории,0.35568841629219017,False,False,-1
2174,Здоровье,0.0769107467855237,False,False,1
2174,Маркетплейсы,0.5306938434735207,False,False,-1
2174,Общественное питание,0.0768447838224374,False,False,-1
2174,Продовольствие,0.9383392548958933,False,True,-1
2174,Транспорт,0.5668831470149677,False,False,1
2175,Все категории,0.6507538052652083,False,False,-1
2175,Здоровье,0.3250337509400871,False,False,-1
2175,Маркетплейсы,0.0910382776124127,False,False,-1
2175,Общественное питание,0.11991443684611408,False,False,-1
2175,Продовольствие,0.39613984241736677,False,False,-1
2175,Транспорт,0.16317658273187052,False,False,-1
2176,Все категории,0.19815099028242206,False,False,-1
2176,Здоровье,0.05515229924722362,False,False,1
2176,Маркетплейсы,0.2890745394850406,False,False,-1
2176,Общественное питание,0.22868118630986323,False,False,-1
2176,Продовольствие,0.372078033960666,False,False,1
2176,Транспорт,0.03866949652857049,False,False,-1
2177,Все категории,0.4822986292811473,False,False,-1
2177,Здоровье,0.0,False,False,1
2177,Маркетплейсы,0.3975414663944793,False,False,-1
2177,Общественное питание,0.0,False,False,1
2177,Продовольствие,0.2776750649894803,False,False,-1
2177,Транспорт,0.08203332161543286,False,False,1
2178,Все категории,0.5150321716631734,False,False,-1
2178,Здоровье,0.09680523985766126,False,False,-1
2178,Маркетплейсы,0.04495708591812628,False,False,1
2178,Общественное питание,0.00925024448877007,False,False,-1
2178,Продовольствие,0.465852159134308,False,False,-1
2178,Транспорт,0.31109380707945744,False,False,-1
2179,Все категории,0.5276225899861681,False,False,-1
2179,Здоровье,0.5642423972766407,False,False,-1
2179,Маркетплейсы,0.14718895338392815,False,False,-1
2179,Общественное питание,0.0,False,False,1
2179,Продовольствие,0.9351681969160618,False,True,-1
2179,Транспорт,0.2077313645968244,False,False,-1
2180,Все категории,0.7949709184278316,False,True,-1
2180,Здоровье,0.610950929136538,False,False,-1
2180,Маркетплейсы,0.4245589027782459,False,False,-1
2180,Общественное питание,0.07499323278792336,False,False,-1
2180,Продовольствие,0.9184535542955203,False,True,-1
2180,Транспорт,0.04390489831373928,False,False,-1
2181,Все категории,0.3661454424957483,False,False,-1
2181,Здоровье,0.20969180426541578,False,False,-1
2181,Маркетплейсы,0.9913187506611072,False,True,-1
2181,Общественное питание,0.167372393377091,False,False,-1
2181,Продовольствие,0.8657605523941438,False,True,-1
2181,Транспорт,0.0,False,False,1
2182,Все категории,0.6947394342015718,False,False,-1
2182,Здоровье,0.7841446657410769,False,True,-1
2182,Маркетплейсы,0.680241405317464,False,False,-1
2182,Общественное питание,0.3189036938478953,False,False,-1
2182,Продовольствие,0.2058274343899334,False,False,-1
2182,Транспорт,0.022771003482805877,False,False,1
2183,Все категории,0.20573780296549088,False,False,-1
2183,Здоровье,0.17611411578642855,False,False,-1
2183,Маркетплейсы,0.7206776649149103,False,True,-1
2183,Общественное питание,0.301298478917716,False,False,-1
2183,Продовольствие,0.2832138809584752,False,False,-1
2183,Транспорт,0.14409387502068216,False,False,1
2184,Все категории,0.4287671314686282,False,False,-1
2184,Здоровье,0.23754128190875923,False,False,-1
2184,Маркетплейсы,0.5967199385470393,False,False,-1
2184,Общественное питание,0.08020043348740005,False,False,1
2184,Продовольствие,0.6462035436160881,False,False,-1
2184,Транспорт,0.20282440377074473,False,False,1
2185,Все категории,0.8834021991606371,False,True,-1
2185,Здоровье,0.1353474637101441,False,False,-1
2185,Маркетплейсы,0.8788677878264628,False,True,-1
2185,Общественное питание,0.1120949230660809,False,False,1
2185,Продовольствие,1.0853064697054104,True,True,-1
2185,Транспорт,0.11243364014643673,False,False,-1
2186,Все категории,0.8158580300431987,False,True,-1
2186,Здоровье,0.6501280179561864,False,False,-1
2186,Маркетплейсы,0.7667395789520266,False,True,-1
2186,Общественное питание,0.09525708168389885,False,False,-1
2186,Продовольствие,0.9661462777848102,False,True,-1
2186,Транспорт,0.47778593787787327,False,False,-1
2187,Все категории,0.1518680862927514,False,False,-1
2187,Здоровье,0.5256115888286345,False,False,-1
2187,Маркетплейсы,0.05391473209475692,False,False,-1
2187,Общественное питание,0.020290259447467915,False,False,-1
2187,Продовольствие,0.45878705789178975,False,False,-1
2187,Транспорт,0.0,False,False,1
2188,Все категории,0.49859912039708154,False,False,-1
2188,Здоровье,0.07230136456376729,False,False,-1
2188,Маркетплейсы,0.019110160987415012,False,False,-1
2188,Общественное питание,0.0,False,False,1
2188,Продовольствие,0.7439891262964256,False,True,-1
2188,Транспорт,0.20568221788949365,False,False,1
2189,Все категории,0.30858615019395885,False,False,-1
2189,Здоровье,0.2607989385601336,False,False,-1
2189,Маркетплейсы,1.0501771637116757,True,True,-1
2189,Общественное питание,0.31214786650669396,False,False,-1
2189,Продовольствие,0.3526829451679977,False,False,-1
2189,Транспорт,0.27639590803229896,False,False,1
2190,Все категории,0.2797587425658442,False,False,-1
2190,Здоровье,0.0,False,False,1
2190,Маркетплейсы,0.9735241181112237,False,True,-1
2190,Общественное питание,0.25210395471430214,False,False,-1
2190,Продовольствие,0.19076126399654336,False,False,-1
2190,Транспорт,0.11343337642824267,False,False,-1
2191,Все категории,0.7240609121129786,False,True,-1
2191,Здоровье,0.20486326913178,False,False,-1
2191,Маркетплейсы,0.07087058888570164,False,False,-1
2191,Общественное питание,0.5623467880310732,False,False,1
2191,Продовольствие,0.9430789751484037,False,True,-1
2191,Транспорт,0.0,False,False,1
2192,Все категории,0.06764862374694358,False,False,-1
2192,Здоровье,0.03975052186925576,False,False,-1
2192,Маркетплейсы,1.0029356113258754,True,True,-1
2192,Общественное питание,0.4825780421518576,False,False,-1
2192,Продовольствие,0.5269563886828637,False,False,-1
2192,Транспорт,0.0,False,False,1
2193,Все категории,0.11907243578293755,False,False,-1
2193,Здоровье,0.0,False,False,1
2193,Маркетплейсы,0.0731136117483609,False,False,-1
2193,Общественное питание,0.09735447280739168,False,False,-1
2193,Продовольствие,0.18626722165014292,False,False,-1
2193,Транспорт,0.06326265341784909,False,False,-1
2194,Все категории,0.37837521546048325,False,False,-1
2194,Здоровье,0.1904026447205034,False,False,-1
2194,Маркетплейсы,0.6690929838361432,False,False,-1
2194,Общественное питание,0.48117334519238397,False,False,-1
2194,Продовольствие,0.21464139649380437,False,False,-1
2194,Транспорт,0.0,False,False,1
2195,Все категории,0.5953944042158246,False,False,-1
2195,Здоровье,0.4251525121128287,False,False,1
2195,Маркетплейсы,0.5245299003891023,False,False,-1
2195,Общественное питание,0.35892701863634674,False,False,-1
2195,Продовольствие,0.7168219490673189,False,True,-1
2195,Транспорт,0.31281119844033806,False,False,-1
2196,Все категории,0.7681198335204145,False,True,-1
2196,Здоровье,0.9013421197705568,False,True,-1
2196,Маркетплейсы,0.7162216343379211,False,True,-1
2196,Общественное питание,0.03035149208945183,False,False,1
2196,Продовольствие,0.4835539519194305,False,False,-1
2196,Транспорт,0.46149003471201855,False,False,1
2197,Все категории,0.26393551126384746,False,False,-1
2197,Здоровье,0.3930171187109647,False,False,1
2197,Маркетплейсы,0.3916116591565979,False,False,-1
2197,Общественное питание,0.07070124087885651,False,False,-1
2197,Продовольствие,0.5677111175191226,False,False,-1
2197,Транспорт,0.47217288608304464,False,False,1
2198,Все категории,0.26486340823270954,False,False,-1
2198,Здоровье,0.6400696899866636,False,False,-1
2198,Маркетплейсы,0.8204519923068468,False,True,-1
2198,Общественное питание,0.3743541977665814,False,False,1
2198,Продовольствие,0.26692877095467354,False,False,-1
2198,Транспорт,0.12592970438759055,False,False,-1
2199,Все категории,0.008314187008328505,False,False,-1
2199,Здоровье,0.739478814857047,False,True,1
2199,Маркетплейсы,0.4049947944046507,False,False,-1
2199,Общественное питание,0.13096727730209626,False,False,1
2199,Продовольствие,0.37964078925436995,False,False,-1
2199,Транспорт,0.3336901856989019,False,False,1
2200,Все категории,0.5040293940640902,False,False,-1
2200,Здоровье,0.0,False,False,1
2200,Маркетплейсы,0.8767665827735278,False,True,-1
2200,Общественное питание,0.45855202039607823,False,False,1
2200,Продовольствие,0.2600037707166838,False,False,-1
2200,Транспорт,0.21546340217541343,False,False,1
2201,Все категории,0.4809088916248928,False,False,-1
2201,Здоровье,0.24297749886938624,False,False,-1
2201,Маркетплейсы,0.49499214792107793,False,False,-1
2201,Общественное питание,0.5326598680034025,False,False,-1
2201,Продовольствие,0.4120389168611851,False,False,-1
2201,Транспорт,0.4350337260122883,False,False,1
2202,Все категории,0.07514765452899902,False,False,-1
2202,Здоровье,0.14605673310282416,False,False,1
2202,Маркетплейсы,0.6941169612758238,False,False,-1
2202,Общественное питание,0.2916331704439672,False,False,1
2202,Продовольствие,0.13025612316382013,False,False,1
2202,Транспорт,0.3518388472940598,False,False,1
2203,Все категории,0.2679216010755439,False,False,-1
2203,Здоровье,0.44137369020730466,False,False,-1
2203,Маркетплейсы,0.6884124978327932,False,False,-1
2203,Общественное питание,0.4403787869441751,False,False,-1
2203,Продовольствие,0.05903914347632919,False,False,-1
2203,Транспорт,0.586414110131669,False,False,-1
2204,Все категории,0.0,False,False,1
2204,Здоровье,0.23729636188047226,False,False,-1
2204,Маркетплейсы,0.11262176814460784,False,False,-1
2204,Общественное питание,0.14347385425811474,False,False,1
2204,Продовольствие,0.1185510377212251,False,False,-1
2204,Транспорт,0.029357559788290064,False,False,-1
2205,Все категории,0.29864656368367937,False,False,-1
2205,Здоровье,0.17094823262078046,False,False,-1
2205,Маркетплейсы,0.4273951519357753,False,False,-1
2205,Общественное питание,0.08214937866828845,False,False,1
2205,Продовольствие,0.5033017779407762,False,False,-1
2205,Транспорт,0.25023846708926867,False,False,-1
2206,Все категории,0.048764878984470184,False,False,-1
2206,Здоровье,0.0,False,False,1
2206,Маркетплейсы,0.9373053494193251,False,True,-1
2206,Общественное питание,0.713274408609891,False,True,1
2206,Продовольствие,0.45275781223694467,False,False,-1
2206,Транспорт,0.009290165039566867,False,False,1
2207,Все категории,0.22389653980937357,False,False,-1
2207,Здоровье,0.0015218095990993663,False,False,1
2207,Маркетплейсы,0.734338829279229,False,True,-1
2207,Общественное питание,0.33577995175700776,False,False,1
2207,Продовольствие,0.4955209742080193,False,False,-1
2207,Транспорт,0.0790431397879908,False,False,1
2208,Все категории,0.5456834236745145,False,False,-1
2208,Здоровье,0.23317378697304136,False,False,-1
2208,Маркетплейсы,0.13937662638770196,False,False,-1
2208,Общественное питание,0.021747472045117955,False,False,-1
2208,Продовольствие,0.27611066477649615,False,False,-1
2208,Транспорт,0.4349359804855942,False,False,-1
2209,Все категории,0.0,False,False,0
2209,Здоровье,0.0,False,False,0
2209,Маркетплейсы,0.0,False,False,0
2209,Общественное питание,0.0,False,False,0
2209,Продовольствие,0.0,False,False,0
2209,Транспорт,0.0,False,False,0
2210,Все категории,0.6232266083282603,False,False,-1
2210,Здоровье,0.3691544507717236,False,False,-1
2210,Маркетплейсы,0.8947154854822428,False,True,-1
2210,Общественное питание,0.3338633828113692,False,False,-1
2210,Продовольствие,0.9096820486989916,False,True,-1
2210,Транспорт,0.5922465008790249,False,False,-1
2211,Все категории,0.10832911051076363,False,False,1
2211,Здоровье,0.10972354855661023,False,False,-1
2211,Маркетплейсы,0.09672737206553858,False,False,-1
2211,Общественное питание,0.3257383143176963,False,False,1
2211,Продовольствие,0.7424779453227034,False,True,-1
2211,Транспорт,0.7110153800924499,False,True,1
2212,Все категории,0.54147957283787,False,False,-1
2212,Здоровье,0.38545117544556484,False,False,-1
2212,Маркетплейсы,0.5505158580402334,False,False,-1
2212,Общественное питание,0.05538640132513625,False,False,1
2212,Продовольствие,0.4224318118111907,False,False,-1
2212,Транспорт,0.18858311991194876,False,False,1
2213,Все категории,0.0,False,False,1
2213,Здоровье,0.16726157884623144,False,False,1
2213,Маркетплейсы,0.01655658559623574,False,False,-1
2213,Общественное питание,0.1347863116250343,False,False,1
2213,Продовольствие,0.3101384699499602,False,False,-1
2213,Транспорт,0.17009087567718548,False,False,1
2214,Все категории,0.0,False,False,0
2214,Здоровье,0.0,False,False,0
2214,Маркетплейсы,0.0,False,False,0
2214,Общественное питание,0.0,False,False,0
2214,Продовольствие,0.0,False,False,0
2214,Транспорт,0.0,False,False,0
2215,Все категории,0.3131627217860862,False,False,-1
2215,Здоровье,0.014576209945415919,False,False,-1
2215,Маркетплейсы,0.1747468693984342,False,False,-1
2215,Общественное питание,0.08067042043291081,False,False,1
2215,Продовольствие,0.09710412048703992,False,False,-1
2215,Транспорт,0.6126664399703066,False,False,1
2216,Все категории,0.1515759448620081,False,False,-1
2216,Здоровье,0.08462279764534703,False,False,-1
2216,Маркетплейсы,0.8083917065681405,False,True,-1
2216,Общественное питание,0.02891022646549396,False,False,-1
2216,Продовольствие,0.2895486312144506,False,False,-1
2216,Транспорт,0.24169792616675023,False,False,-1
2217,Все категории,0.38071790731107247,False,False,-1
2217,Здоровье,0.0,False,False,1
2217,Маркетплейсы,0.8304770169114261,False,True,-1
2217,Общественное питание,0.0,False,False,1
2217,Продовольствие,0.5387064281565502,False,False,-1
2217,Транспорт,0.09141023405833537,False,False,-1
2218,Все категории,0.3081818436102265,False,False,-1
2218,Здоровье,0.20573391195775365,False,False,-1
2218,Маркетплейсы,1.0913158101693068,True,True,-1
2218,Общественное питание,0.0,False,False,1
2218,Продовольствие,0.40973081083542984,False,False,-1
2218,Транспорт,0.024996053168312146,False,False,1
2219,Все категории,0.26413753425436765,False,False,-1
2219,Здоровье,0.5454287865136835,False,False,-1
2219,Маркетплейсы,1.0866567925004533,True,True,-1
2219,Общественное питание,0.10232751223071523,False,False,1
2219,Продовольствие,0.36554079904924386,False,False,-1
2219,Транспорт,0.0,False,False,1
2220,Все категории,0.29785534773788247,False,False,-1
2220,Здоровье,0.021930382739925078,False,False,1
2220,Маркетплейсы,0.13349570252691662,False,False,-1
2220,Общественное питание,0.06924335095050704,False,False,-1
2220,Продовольствие,0.25909462925227006,False,False,-1
2220,Транспорт,0.13075223227917326,False,False,-1
2221,Все категории,0.0963954595339955,False,False,-1
2221,Здоровье,0.41470338485351077,False,False,-1
2221,Маркетплейсы,0.0,False,False,1
2221,Общественное питание,0.0,False,False,1
2221,Продовольствие,0.10918343214772533,False,False,-1
2221,Транспорт,0.14579239349217304,False,False,-1
2222,Все категории,0.16888499374205615,False,False,-1
2222,Здоровье,0.07309531415507417,False,False,-1
2222,Маркетплейсы,0.3492674413172765,False,False,-1
2222,Общественное питание,0.0,False,False,1
2222,Продовольствие,0.5100071048559373,False,False,-1
2222,Транспорт,0.012990047271396299,False,False,1
2223,Все категории,0.445879935872986,False,False,-1
2223,Здоровье,0.1343659194431691,False,False,-1
2223,Маркетплейсы,1.1183057648432437,True,True,-1
2223,Общественное питание,0.0,False,False,1
2223,Продовольствие,0.2719017115320856,False,False,-1
2223,Транспорт,0.0,False,False,1
2224,Все категории,0.2829513250632961,False,False,-1
2224,Здоровье,0.1476120710159687,False,False,1
2224,Маркетплейсы,0.7276346934382962,False,True,-1
2224,Общественное питание,0.33953869760262934,False,False,1
2224,Продовольствие,0.5321744130591066,False,False,-1
2224,Транспорт,0.0,False,False,1
2225,Все категории,0.18280329843355517,False,False,-1
2225,Здоровье,0.23010552585364674,False,False,-1
2225,Маркетплейсы,0.12770936749290318,False,False,-1
2225,Общественное питание,0.9504889933056369,False,True,-1
2225,Продовольствие,0.042455491268459336,False,False,-1
2225,Транспорт,0.1761659772417622,False,False,-1
2226,Все категории,0.0,False,False,1
2226,Здоровье,0.10124157812580242,False,False,-1
2226,Маркетплейсы,1.0269129158829704,True,True,-1
2226,Общественное питание,0.01653875692999303,False,False,1
2226,Продовольствие,0.21919651303282556,False,False,-1
2226,Транспорт,0.09091656574546203,False,False,-1
2227,Все категории,0.43302098286134283,False,False,-1
2227,Здоровье,0.3998775637737897,False,False,-1
2227,Маркетплейсы,0.1949907472521551,False,False,-1
2227,Общественное питание,0.7205073557792345,False,True,-1
2227,Продовольствие,0.9539254224372649,False,True,-1
2227,Транспорт,0.5294590068534093,False,False,-1
2228,Все категории,0.4839542266817334,False,False,-1
2228,Здоровье,0.3923951345050748,False,False,-1
2228,Маркетплейсы,0.9753531055629143,False,True,-1
2228,Общественное питание,0.0,False,False,1
2228,Продовольствие,0.5851739534117565,False,False,-1
2228,Транспорт,0.29044282860104387,False,False,-1
2229,Все категории,0.1371253061394578,False,False,-1
2229,Здоровье,0.20388400704585102,False,False,-1
2229,Маркетплейсы,0.7440802301654621,False,True,-1
2229,Общественное питание,0.4441505504060699,False,False,-1
2229,Продовольствие,0.35783108380189843,False,False,-1
2229,Транспорт,0.1693575941431789,False,False,-1
2230,Все категории,0.20820042809285821,False,False,-1
2230,Здоровье,0.18052691596320306,False,False,1
2230,Маркетплейсы,0.11697918053562417,False,False,-1
2230,Общественное питание,0.0,False,False,1
2230,Продовольствие,0.39415582793621534,False,False,-1
2230,Транспорт,0.004678835405744194,False,False,-1
2231,Все категории,0.34342051021708786,False,False,-1
2231,Здоровье,0.019062639925695832,False,False,1
2231,Маркетплейсы,0.7875289964707569,False,True,-1
2231,Общественное питание,0.5850381255017169,False,False,-1
2231,Продовольствие,0.570420181126038,False,False,-1
2231,Транспорт,0.0,False,False,1
2232,Все категории,0.04581647167002954,False,False,-1
2232,Здоровье,0.41223139502547185,False,False,1
2232,Маркетплейсы,0.0035596636489663575,False,False,1
2232,Общественное питание,0.04462839796141557,False,False,1
2232,Продовольствие,0.23585679656902275,False,False,-1
2232,Транспорт,0.17399994988608156,False,False,-1
2233,Все категории,0.25433957200718765,False,False,-1
2233,Здоровье,0.26195720347488777,False,False,-1
2233,Маркетплейсы,0.283894525404589,False,False,-1
2233,Общественное питание,0.5740562134169384,False,False,-1
2233,Продовольствие,0.7386372343141481,False,True,-1
2233,Транспорт,1.0626417611378212,True,True,-1
2234,Все категории,0.20823343764374747,False,False,-1
2234,Здоровье,0.49322244390615744,False,False,1
2234,Маркетплейсы,0.35165031639831984,False,False,-1
2234,Общественное питание,0.2955977858073503,False,False,-1
2234,Продовольствие,0.3445277222682841,False,False,-1
2234,Транспорт,0.09992921880527436,False,False,-1
2235,Все категории,0.18586430771852921,False,False,-1
2235,Здоровье,0.1474479158944447,False,False,1
2235,Маркетплейсы,0.7573504287162212,False,True,-1
2235,Общественное питание,0.0,False,False,1
2235,Продовольствие,0.6961529805891649,False,False,-1
2235,Транспорт,0.17610282532789914,False,False,-1
2236,Все категории,0.4782284484773759,False,False,-1
2236,Здоровье,1.0003539442687313,True,True,-1
2236,Маркетплейсы,0.9721532398126029,False,True,-1
2236,Общественное питание,0.48048204646169435,False,False,-1
2236,Продовольствие,0.28492466433235475,False,False,-1
2236,Транспорт,0.7574668748329243,False,True,-1
2237,Все категории,0.4900070539344755,False,False,-1
2237,Здоровье,0.2748384410689403,False,False,-1
2237,Маркетплейсы,0.21525470746373593,False,False,-1
2237,Общественное питание,0.37094435113470864,False,False,-1
2237,Продовольствие,0.277860236943144,False,False,-1
2237,Транспорт,0.45714607132935303,False,False,-1
2238,Все категории,0.21562664930550746,False,False,-1
2238,Здоровье,0.6048450012545556,False,False,-1
2238,Маркетплейсы,0.43390470445278784,False,False,-1
2238,Общественное питание,0.07289490614457206,False,False,-1
2238,Продовольствие,0.5656471533595407,False,False,-1
2238,Транспорт,0.09785071850707441,False,False,-1
2241,Все категории,0.0,False,False,1
2241,Здоровье,0.08182042932276704,False,False,1
2241,Маркетплейсы,0.0637299406013559,False,False,-1
2241,Общественное питание,0.0,False,False,1
2241,Продовольствие,0.7513122105516501,False,True,-1
2241,Транспорт,0.0735677308389841,False,False,-1
2242,Все категории,0.27403502982596034,False,False,-1
2242,Здоровье,0.7029053212021763,False,True,-1
2242,Маркетплейсы,0.20173147799509888,False,False,1
2242,Общественное питание,0.17876898572402025,False,False,-1
2242,Продовольствие,0.5335083188456208,False,False,-1
2242,Транспорт,0.8913517715016466,False,True,-1
2243,Все категории,0.559505358429041,False,False,-1
2243,Здоровье,0.3242888265028494,False,False,-1
2243,Маркетплейсы,0.8970710185607708,False,True,-1
2243,Общественное питание,0.6666661562986206,False,False,-1
2243,Продовольствие,0.6240271298156305,False,False,-1
2243,Транспорт,1.2469369968397537,True,True,-1
2244,Все категории,0.13347715396269016,False,False,-1
2244,Здоровье,0.7554743524060537,False,True,-1
2244,Маркетплейсы,0.8890567768998147,False,True,-1
2244,Общественное питание,0.24692776349167211,False,False,-1
2244,Продовольствие,0.5736314780228173,False,False,-1
2244,Транспорт,0.48647829739255477,False,False,-1
2245,Все категории,0.5600518224312254,False,False,-1
2245,Здоровье,0.3284585816444303,False,False,-1
2245,Маркетплейсы,0.28791973372788565,False,False,-1
2245,Общественное питание,0.32181833281745864,False,False,-1
2245,Продовольствие,0.4169876473950162,False,False,-1
2245,Транспорт,0.3321177757414773,False,False,-1
2248,Все категории,0.5203427862323996,False,False,-1
2248,Здоровье,0.41029331947238556,False,False,-1
2248,Маркетплейсы,0.6060672253593496,False,False,-1
2248,Общественное питание,0.12400085947881595,False,False,1
2248,Продовольствие,0.3390920802385946,False,False,-1
2248,Транспорт,0.1780621155286284,False,False,1
2249,Все категории,0.17804799159782986,False,False,-1
2249,Здоровье,0.012151798446863232,False,False,-1
2249,Маркетплейсы,0.018670692609455877,False,False,-1
2249,Общественное питание,0.09045682482478862,False,False,1
2249,Продовольствие,1.2372823915411013,True,True,-1
2249,Транспорт,0.0010512433445171304,False,False,-1
2250,Все категории,0.04727403427025283,False,False,1
2250,Здоровье,0.18650229309086414,False,False,-1
2250,Маркетплейсы,0.3188345137499885,False,False,-1
2250,Общественное питание,0.09036638454477483,False,False,1
2250,Продовольствие,0.0,False,False,1
2250,Транспорт,0.16116995184365873,False,False,1
2251,Все категории,0.39336373624043314,False,False,-1
2251,Здоровье,0.06068694574913605,False,False,-1
2251,Маркетплейсы,0.013913847100290519,False,False,-1
2251,Общественное питание,0.4983271655424355,False,False,-1
2251,Продовольствие,0.5619464626882517,False,False,-1
2251,Транспорт,0.0,False,False,1
2252,Все категории,0.6961732634071544,False,False,-1
2252,Здоровье,0.1582792358810643,False,False,-1
2252,Маркетплейсы,0.9189974706577111,False,True,-1
2252,Общественное питание,0.1949663705322775,False,False,-1
2252,Продовольствие,0.7238977831619366,False,True,-1
2252,Транспорт,0.02896241705579687,False,False,-1
2253,Все категории,0.1469952465750442,False,False,-1
2253,Здоровье,0.29931082668877823,False,False,-1
2253,Маркетплейсы,0.71575900001074,False,True,-1
2253,Общественное питание,0.4141702141788713,False,False,-1
2253,Продовольствие,0.18840926449434336,False,False,-1
2253,Транспорт,0.044467194437708454,False,False,-1
2254,Все категории,0.009863191098078039,False,False,-1
2254,Здоровье,0.27062469709987275,False,False,1
2254,Маркетплейсы,0.2941611994509843,False,False,-1
2254,Общественное питание,0.5991469623178887,False,False,-1
2254,Продовольствие,0.4416442255048594,False,False,-1
2254,Транспорт,0.021155928194520113,False,False,-1
2255,Все категории,0.09491782609106919,False,False,-1
2255,Здоровье,0.005122867031959494,False,False,1
2255,Маркетплейсы,0.9852124757325849,False,True,-1
2255,Общественное питание,0.040308307491683265,False,False,1
2255,Продовольствие,0.9468212632353732,False,True,-1
2255,Транспорт,0.24855084247421666,False,False,1
2256,Все категории,0.25275038283441537,False,False,-1
2256,Здоровье,0.15731487328031438,False,False,-1
2256,Маркетплейсы,0.1454731948661277,False,False,-1
2256,Общественное питание,0.7209259046632523,False,True,1
2256,Продовольствие,0.30920592391209023,False,False,-1
2256,Транспорт,0.25658222240950895,False,False,1
2257,Все категории,0.6445931403650227,False,False,-1
2257,Здоровье,0.5597057758106634,False,False,-1
2257,Маркетплейсы,1.077556815137073,True,True,-1
2257,Общественное питание,0.372803155087701,False,False,-1
2257,Продовольствие,0.749058948972252,False,True,-1
2257,Транспорт,0.10406068765506721,False,False,-1
2258,Все категории,0.16807034318519387,False,False,-1
2258,Здоровье,0.06949020771337666,False,False,-1
2258,Маркетплейсы,0.34206001701393973,False,False,-1
2258,Общественное питание,0.08270396844127614,False,False,-1
2258,Продовольствие,0.6905236651593334,False,False,-1
2258,Транспорт,0.2548396280650097,False,False,1
2259,Все категории,0.10361320734469448,False,False,-1
2259,Здоровье,0.6975996105385676,False,False,-1
2259,Маркетплейсы,0.5367032788910879,False,False,-1
2259,Общественное питание,0.5000003118548163,False,False,1
2259,Продовольствие,0.4016067699464625,False,False,-1
2259,Транспорт,0.06558745197943572,False,False,-1
2260,Все категории,0.2482470415222936,False,False,-1
2260,Здоровье,0.2794358179840083,False,False,1
2260,Маркетплейсы,0.22840740145676425,False,False,-1
2260,Общественное питание,0.9062365278636783,False,True,-1
2260,Продовольствие,0.2916518944709142,False,False,-1
2260,Транспорт,0.3342728742636024,False,False,-1
2261,Все категории,0.0,False,False,0
2261,Здоровье,0.0,False,False,0
2261,Маркетплейсы,0.0,False,False,0
2261,Общественное питание,0.0,False,False,0
2261,Продовольствие,0.0,False,False,0
2261,Транспорт,0.0,False,False,0
2262,Все категории,0.46785927096684177,False,False,-1
2262,Здоровье,0.5790261464808207,False,False,-1
2262,Маркетплейсы,0.3505970428272561,False,False,-1
2262,Общественное питание,0.03665200199259895,False,False,-1
2262,Продовольствие,0.9692719321982315,False,True,-1
2262,Транспорт,0.18332614503017883,False,False,-1
2263,Все категории,0.0,False,False,0
2263,Здоровье,0.0,False,False,0
2263,Маркетплейсы,0.0,False,False,0
2263,Общественное питание,0.0,False,False,0
2263,Продовольствие,0.0,False,False,0
2263,Транспорт,0.0,False,False,0
2264,Все категории,0.2935190037372466,False,False,-1
2264,Здоровье,0.6110962992533939,False,False,-1
2264,Маркетплейсы,1.2010258089452581,True,True,-1
2264,Общественное питание,0.0,False,False,1
2264,Продовольствие,0.6003354845438882,False,False,-1
2264,Транспорт,0.29334778070161505,False,False,-1
2265,Все категории,0.14321465970377084,False,False,-1
2265,Здоровье,0.29183387201071276,False,False,1
2265,Маркетплейсы,0.3653274857599501,False,False,-1
2265,Общественное питание,0.11240719040635155,False,False,1
2265,Продовольствие,0.25615330394559144,False,False,-1
2265,Транспорт,0.21044941318909355,False,False,-1
2266,Все категории,0.13829658726173646,False,False,-1
2266,Здоровье,0.7178836823650983,False,True,-1
2266,Маркетплейсы,0.0,False,False,1
2266,Общественное питание,0.13532330655829555,False,False,1
2266,Продовольствие,0.15859960757023892,False,False,-1
2266,Транспорт,0.1718383682953528,False,False,1
2267,Все категории,0.15523992558760474,False,False,-1
2267,Здоровье,0.15258115517864124,False,False,-1
2267,Маркетплейсы,0.42842850933614957,False,False,-1
2267,Общественное питание,0.33970591608620565,False,False,1
2267,Продовольствие,0.47098718475423085,False,False,-1
2267,Транспорт,0.24325385618087592,False,False,1
2268,Все категории,0.6783664628679404,False,False,-1
2268,Здоровье,0.35295803802019665,False,False,-1
2268,Маркетплейсы,0.18543394850629508,False,False,-1
2268,Общественное питание,0.3818982362503671,False,False,-1
2268,Продовольствие,0.695224976264561,False,False,-1
2268,Транспорт,0.5514150027269222,False,False,-1
2269,Все категории,0.28810847956864705,False,False,1
2269,Здоровье,0.16606054031787765,False,False,-1
2269,Маркетплейсы,0.03767546364092876,False,False,-1
2269,Общественное питание,0.5337266906800507,False,False,1
2269,Продовольствие,0.23293756067350546,False,False,-1
2269,Транспорт,0.06108660453824083,False,False,1
2270,Все категории,0.5776714996887994,False,False,-1
2270,Здоровье,0.20795834129058688,False,False,1
2270,Маркетплейсы,0.7702373356116563,False,True,-1
2270,Общественное питание,0.26304114645501125,False,False,-1
2270,Продовольствие,0.17343955863679233,False,False,-1
2270,Транспорт,0.3061652105362082,False,False,1
2271,Все категории,0.31382772500891304,False,False,-1
2271,Здоровье,0.1135705315842511,False,False,-1
2271,Маркетплейсы,0.3840206123836485,False,False,-1
2271,Общественное питание,0.06633124378559827,False,False,-1
2271,Продовольствие,0.40849593456741073,False,False,-1
2271,Транспорт,0.037520343855035665,False,False,-1
2272,Все категории,0.9044247056130295,False,True,-1
2272,Здоровье,0.032370777143244045,False,False,-1
2272,Маркетплейсы,0.9925361025713346,False,True,-1
2272,Общественное питание,0.11743952390932388,False,False,1
2272,Продовольствие,0.8038492005854471,False,True,-1
2272,Транспорт,0.14421165995938065,False,False,-1
2273,Все категории,0.20676753406493414,False,False,-1
2273,Здоровье,0.05176862161917614,False,False,-1
2273,Маркетплейсы,0.6393029785490496,False,False,-1
2273,Общественное питание,0.6481799401464379,False,False,1
2273,Продовольствие,0.1384058413248228,False,False,-1
2273,Транспорт,0.24118796905404133,False,False,-1
2274,Все категории,0.048735334343965486,False,False,-1
2274,Здоровье,0.08601851057062881,False,False,-1
2274,Маркетплейсы,0.5813909427946122,False,False,-1
2274,Общественное питание,0.37494878721666647,False,False,1
2274,Продовольствие,0.5066214697776944,False,False,-1
2274,Транспорт,0.1190235639835574,False,False,-1
2275,Все категории,0.3704709502631033,False,False,-1
2275,Здоровье,0.0,False,False,1
2275,Маркетплейсы,0.03888604994607314,False,False,-1
2275,Общественное питание,0.4987169969464229,False,False,-1
2275,Продовольствие,0.48240183635559886,False,False,-1
2275,Транспорт,0.059894061391276995,False,False,-1
2276,Все категории,0.4521083439571948,False,False,-1
2276,Здоровье,0.2391683474643474,False,False,-1
2276,Маркетплейсы,0.47602649485748394,False,False,-1
2276,Общественное питание,0.5616790537618567,False,False,1
2276,Продовольствие,0.6701997343558258,False,False,-1
2276,Транспорт,0.3776885877530123,False,False,-1
2278,Все категории,0.28741178992240046,False,False,-1
2278,Здоровье,0.1562721698844941,False,False,-1
2278,Маркетплейсы,0.0556537504977485,False,False,-1
2278,Общественное питание,0.5825263652600392,False,False,1
2278,Продовольствие,0.6064193395918053,False,False,-1
2278,Транспорт,0.29049278384155003,False,False,1
2279,Все категории,0.39330046051399065,False,False,-1
2279,Здоровье,0.2784768053146057,False,False,-1
2279,Маркетплейсы,0.42885640611308296,False,False,-1
2279,Общественное питание,0.4994844498315414,False,False,-1
2279,Продовольствие,0.5714075060611459,False,False,-1
2279,Транспорт,0.20779075157383264,False,False,-1
2280,Все категории,0.5435123642243631,False,False,-1
2280,Здоровье,0.6473957736454838,False,False,-1
2280,Маркетплейсы,0.052792817710994325,False,False,-1
2280,Общественное питание,0.11549005450867078,False,False,1
2280,Продовольствие,0.7382237687534862,False,True,-1
2280,Транспорт,0.24579635262664995,False,False,-1
2281,Все категории,0.5046315732198684,False,False,-1
2281,Здоровье,0.09538947260523745,False,False,1
2281,Маркетплейсы,1.0809374450468088,False,True,-1
2281,Общественное питание,0.0,False,False,1
2281,Продовольствие,0.7166060510003266,False,True,-1
2281,Транспорт,0.0,False,False,1
2282,Все категории,0.6010626162367919,False,False,-1
2282,Здоровье,0.05973678083490379,False,False,-1
2282,Маркетплейсы,0.05560404589740056,False,False,-1
2282,Общественное питание,0.2612043618211493,False,False,-1
2282,Продовольствие,0.5065133696215183,False,False,-1
2282,Транспорт,0.08091762165461422,False,False,-1
2286,Все категории,0.5190380015882533,False,False,-1
2286,Здоровье,0.17069567831161392,False,False,-1
2286,Маркетплейсы,0.9448495440844986,False,True,-1
2286,Общественное питание,0.43330308464252554,False,False,-1
2286,Продовольствие,0.3645245731312954,False,False,-1
2286,Транспорт,0.18404083161631526,False,False,-1
2287,Все категории,0.16552218328794782,False,False,-1
2287,Здоровье,0.13304485388701792,False,False,-1
2287,Маркетплейсы,0.30242944938947136,False,False,-1
2287,Общественное питание,1.5133475086484725,True,True,-1
2287,Продовольствие,0.8019864639936272,False,True,-1
2287,Транспорт,0.12464052238005607,False,False,-1
2288,Все категории,0.7665237153540458,False,True,-1
2288,Здоровье,0.1283877645404597,False,False,-1
2288,Маркетплейсы,0.6037217978137692,False,False,-1
2288,Общественное питание,0.8797201531369346,False,True,-1
2288,Продовольствие,0.8116813582908422,False,True,-1
2288,Транспорт,0.18535108662827968,False,False,-1
2289,Все категории,0.4948681648352562,False,False,-1
2289,Здоровье,0.0,False,False,1
2289,Маркетплейсы,0.8288850394481406,False,True,-1
2289,Общественное питание,0.5850802437887006,False,False,-1
2289,Продовольствие,0.4584678799161457,False,False,-1
2289,Транспорт,0.0,False,False,1
2291,Все категории,0.11834637554879013,False,False,1
2291,Здоровье,0.08202617593026718,False,False,-1
2291,Маркетплейсы,0.18390969246958386,False,False,1
2291,Общественное питание,0.037057544541190146,False,False,-1
2291,Продовольствие,0.1199643732471436,False,False,1
2291,Транспорт,0.32722333370460105,False,False,-1
2292,Все категории,0.2666564259234398,False,False,-1
2292,Здоровье,0.40427756236845025,False,False,1
2292,Маркетплейсы,0.617108490040834,False,False,-1
2292,Общественное питание,0.3008132717390069,False,False,-1
2292,Продовольствие,0.45941091793098887,False,False,-1
2292,Транспорт,0.08871205984595185,False,False,-1
2293,Все категории,0.12410857108642923,False,False,-1
2293,Здоровье,0.20311550611878243,False,False,-1
2293,Маркетплейсы,0.826626871526678,False,True,-1
2293,Общественное питание,0.2449069380066214,False,False,-1
2293,Продовольствие,0.30097592002726836,False,False,-1
2293,Транспорт,0.0,False,False,1
2294,Все категории,0.3524084909594413,False,False,-1
2294,Здоровье,0.2725788621149441,False,False,-1
2294,Маркетплейсы,0.4759998480361598,False,False,-1
2294,Общественное питание,0.49621152199035123,False,False,1
2294,Продовольствие,0.3198764748296722,False,False,-1
2294,Транспорт,0.06467496415565474,False,False,-1
2295,Все категории,1.0037922896150406,True,True,-1
2295,Здоровье,0.3416130264148361,False,False,-1
2295,Маркетплейсы,1.2368763664499285,False,True,-1
2295,Общественное питание,0.12933104477459112,False,False,1
2295,Продовольствие,0.8545659738586745,False,True,-1
2295,Транспорт,0.3535023360847308,False,False,1
2296,Все категории,0.5990602390128317,False,False,-1
2296,Здоровье,0.14683052582448436,False,False,1
2296,Маркетплейсы,0.8663102823865827,False,True,-1
2296,Общественное питание,0.15233965101106978,False,False,-1
2296,Продовольствие,0.35029656641866497,False,False,-1
2296,Транспорт,0.29628057291188875,False,False,1
2297,Все категории,0.5377929462224837,False,False,-1
2297,Здоровье,0.3770926645194,False,False,1
2297,Маркетплейсы,0.18180629277773253,False,False,-1
2297,Общественное питание,0.3077314190920236,False,False,-1
2297,Продовольствие,0.6606766815591975,False,False,-1
2297,Транспорт,0.12098962268885965,False,False,-1
2298,Все категории,1.0709657539625155,True,True,-1
2298,Здоровье,0.2459192482842889,False,False,1
2298,Маркетплейсы,0.9100773574022089,False,True,-1
2298,Общественное питание,0.0,False,False,1
2298,Продовольствие,0.6091146769317088,False,False,-1
2298,Транспорт,0.060134899308258036,False,False,-1
2299,Все категории,0.46008168208207734,False,False,-1
2299,Здоровье,0.11420543848286119,False,False,-1
2299,Маркетплейсы,0.554410123732186,False,False,-1
2299,Общественное питание,0.0331041840030559,False,False,-1
2299,Продовольствие,0.9557593231101078,False,True,-1
2299,Транспорт,0.5038986264913984,False,False,1
2300,Все категории,0.40363183926158047,False,False,-1
2300,Здоровье,0.0,False,False,1
2300,Маркетплейсы,0.8135546945436527,False,True,-1
2300,Общественное питание,0.09980230494825953,False,False,-1
2300,Продовольствие,0.4368489271078153,False,False,-1
2300,Транспорт,0.07817954867673446,False,False,-1
2301,Все категории,0.5791950245851823,False,False,-1
2301,Здоровье,0.523848022209515,False,False,-1
2301,Маркетплейсы,0.6879278695690841,False,False,-1
2301,Общественное питание,0.0,False,False,1
2301,Продовольствие,0.6940080198588785,False,False,-1
2301,Транспорт,0.06884411853435504,False,False,-1
2302,Все категории,0.2566930181223167,False,False,-1
2302,Здоровье,0.20508302154845143,False,False,-1
2302,Маркетплейсы,0.6125444507256363,False,False,-1
2302,Общественное питание,0.04281828914332543,False,False,-1
2302,Продовольствие,0.1897237453005589,False,False,-1
2302,Транспорт,0.0,False,False,1
2303,Все категории,0.2487513115555915,False,False,-1
2303,Здоровье,0.028576864935564758,False,False,-1
2303,Маркетплейсы,1.006055006914056,True,True,-1
2303,Общественное питание,0.270838807627604,False,False,-1
2303,Продовольствие,0.4383477535318582,False,False,-1
2303,Транспорт,0.0,False,False,1
2304,Все категории,0.5182444183108579,False,False,-1
2304,Здоровье,0.0,False,False,1
2304,Маркетплейсы,0.9144298064079017,False,True,-1
2304,Общественное питание,0.49793513291656977,False,False,1
2304,Продовольствие,0.5716993087824616,False,False,-1
2304,Транспорт,0.12961238981417122,False,False,-1
2305,Все категории,0.28373500788311456,False,False,-1
2305,Здоровье,0.27292512503902466,False,False,-1
2305,Маркетплейсы,0.0985590935010528,False,False,-1
2305,Общественное питание,0.4430915775645322,False,False,1
2305,Продовольствие,0.6935807532180421,False,False,-1
2305,Транспорт,0.12031070973702596,False,False,-1
2307,Все категории,0.1673635242614695,False,False,-1
2307,Здоровье,1.1391351257236308,True,True,1
2307,Маркетплейсы,0.885980053749176,False,True,-1
2307,Общественное питание,0.0,False,False,1
2307,Продовольствие,0.3340286193838474,False,False,-1
2307,Транспорт,0.10313061687921005,False,False,-1
2308,Все категории,0.43389392406248944,False,False,-1
2308,Здоровье,0.01038167093758327,False,False,1
2308,Маркетплейсы,0.4458641681771155,False,False,-1
2308,Общественное питание,0.3271263857717145,False,False,1
2308,Продовольствие,0.2858631121502834,False,False,-1
2308,Транспорт,0.0,False,False,1
2309,Все категории,0.01041979128986173,False,False,-1
2309,Здоровье,0.6679642740358407,False,False,1
2309,Маркетплейсы,0.5002703626071617,False,False,-1
2309,Общественное питание,0.3368918343876064,False,False,1
2309,Продовольствие,0.6242056068409129,False,False,-1
2309,Транспорт,0.016197539908142974,False,False,1
2310,Все категории,0.325772048068277,False,False,-1
2310,Здоровье,0.0,False,False,1
2310,Маркетплейсы,0.6766691814037828,False,False,-1
2310,Общественное питание,0.18694769483212664,False,False,1
2310,Продовольствие,0.3459300496336748,False,False,-1
2310,Транспорт,0.25579367967946537,False,False,1
2311,Все категории,0.5493835245337707,False,False,-1
2311,Здоровье,0.1606570146562814,False,False,-1
2311,Маркетплейсы,1.3702226799715493,True,True,-1
2311,Общественное питание,0.033737196535856454,False,False,-1
2311,Продовольствие,0.4688809405519274,False,False,-1
2311,Транспорт,0.14793694922200232,False,False,-1
2312,Все категории,0.2199122888409638,False,False,-1
2312,Здоровье,0.46395322908741554,False,False,-1
2312,Маркетплейсы,0.0302090903819021,False,False,-1
2312,Общественное питание,0.7936686850839836,False,True,-1
2312,Продовольствие,0.19893454624026574,False,False,-1
2312,Транспорт,0.676658638924994,False,False,-1
2314,Все категории,0.5005313596881469,False,False,-1
2314,Здоровье,0.0,False,False,1
2314,Маркетплейсы,0.1544473382944726,False,False,-1
2314,Общественное питание,0.4308203669417033,False,False,-1
2314,Продовольствие,0.6865185927535409,False,False,-1
2314,Транспорт,0.378115913205404,False,False,1
2315,Все категории,0.329734803721225,False,False,-1
2315,Здоровье,0.11237449646042941,False,False,-1
2315,Маркетплейсы,0.9877703792294592,False,True,-1
2315,Общественное питание,0.18034387002398075,False,False,-1
2315,Продовольствие,0.17631547351816035,False,False,-1
2315,Транспорт,0.11742516315639587,False,False,-1
2316,Все категории,0.12435309389937341,False,False,-1
2316,Здоровье,0.15644354468020616,False,False,-1
2316,Маркетплейсы,0.8975687708173401,False,True,-1
2316,Общественное питание,0.47312589474038,False,False,1
2316,Продовольствие,0.17128457138141331,False,False,-1
2316,Транспорт,0.22443885235515781,False,False,1
2317,Все категории,0.291756221164883,False,False,-1
2317,Здоровье,0.2341939251060099,False,False,-1
2317,Маркетплейсы,0.42858958601803104,False,False,-1
2317,Общественное питание,0.0,False,False,1
2317,Продовольствие,0.0,False,False,1
2317,Транспорт,0.06742049999415356,False,False,1
2318,Все категории,0.5539546200532596,False,False,-1
2318,Здоровье,0.059192886881404005,False,False,-1
2318,Маркетплейсы,0.03586319657744669,False,False,-1
2318,Общественное питание,0.2949794623326018,False,False,-1
2318,Продовольствие,0.45996491027416386,False,False,-1
2318,Транспорт,0.14136922163351429,False,False,-1
2320,Все категории,0.6395893780402712,False,False,-1
2320,Здоровье,0.275970951339751,False,False,-1
2320,Маркетплейсы,0.08601282186886586,False,False,-1
2320,Общественное питание,0.24512994170853175,False,False,-1
2320,Продовольствие,0.6064913584436316,False,False,-1
2320,Транспорт,0.3864978283568792,False,False,-1
2321,Все категории,0.0,False,False,1
2321,Здоровье,0.15899407382910066,False,False,-1
2321,Маркетплейсы,0.3414132662363337,False,False,1
2321,Общественное питание,0.12482032391420483,False,False,-1
2321,Продовольствие,0.1450093802926078,False,False,1
2321,Транспорт,0.12182387334829003,False,False,1
2322,Все категории,0.4808252050723475,False,False,1
2322,Здоровье,0.054820571013519726,False,False,-1
2322,Маркетплейсы,0.5647685251503888,False,False,-1
2322,Общественное питание,0.16058871784367512,False,False,1
2322,Продовольствие,0.14301643663714497,False,False,-1
2322,Транспорт,0.08844773055367194,False,False,-1
2323,Все категории,0.18292384833941022,False,False,-1
2323,Здоровье,0.0,False,False,1
2323,Маркетплейсы,0.16293689282960305,False,False,1
2323,Общественное питание,0.7189510976302879,False,True,1
2323,Продовольствие,0.2767135465336833,False,False,-1
2323,Транспорт,0.4642482773364779,False,False,1
2324,Все категории,0.11555349531215403,False,False,-1
2324,Здоровье,0.19681414801225,False,False,-1
2324,Маркетплейсы,0.6890669670184278,False,False,-1
2324,Общественное питание,0.5226808789717597,False,False,1
2324,Продовольствие,0.8927865181852747,False,True,-1
2324,Транспорт,0.5087649587294358,False,False,1
2325,Все категории,0.11060744674968007,False,False,1
2325,Здоровье,0.35057416385429413,False,False,-1
2325,Маркетплейсы,0.5000407363409178,False,False,-1
2325,Общественное питание,0.12462409470511637,False,False,-1
2325,Продовольствие,0.1615192243686126,False,False,-1
2325,Транспорт,0.32473689439755204,False,False,1
2326,Все категории,0.3795901533096063,False,False,-1
2326,Здоровье,0.1571262079868871,False,False,-1
2326,Маркетплейсы,0.024425725893137587,False,False,1
2326,Общественное питание,0.0,False,False,1
2326,Продовольствие,0.5303155650155212,False,False,-1
2326,Транспорт,0.1159478526026484,False,False,-1
2327,Все категории,0.12481847248539946,False,False,-1
2327,Здоровье,0.2507223610911735,False,False,-1
2327,Маркетплейсы,0.12247119709512194,False,False,-1
2327,Общественное питание,0.2535851654180701,False,False,-1
2327,Продовольствие,0.08704287185786402,False,False,-1
2327,Транспорт,0.023375009348683,False,False,1
2328,Все категории,0.0,False,False,1
2328,Здоровье,0.2771078883585477,False,False,-1
2328,Маркетплейсы,0.4358994296085571,False,False,-1
2328,Общественное питание,0.0713796323700025,False,False,-1
2328,Продовольствие,0.13061112935253633,False,False,1
2328,Транспорт,0.07091551760200143,False,False,-1
2329,Все категории,0.18375660676351563,False,False,-1
2329,Здоровье,0.5304081651793051,False,False,1
2329,Маркетплейсы,0.42400551631362116,False,False,-1
2329,Общественное питание,0.3555214038042635,False,False,-1
2329,Продовольствие,0.3061924690440566,False,False,-1
2329,Транспорт,0.0,False,False,1
2330,Все категории,0.056584031763565634,False,False,-1
2330,Здоровье,0.6425722902930018,False,False,1
2330,Маркетплейсы,0.323332264593739,False,False,-1
2330,Общественное питание,0.038745759636747784,False,False,-1
2330,Продовольствие,0.049471102881661705,False,False,-1
2330,Транспорт,0.16077991629847038,False,False,1
2332,Все категории,0.5916980564993566,False,False,-1
2332,Здоровье,0.11570473093401468,False,False,-1
2332,Маркетплейсы,0.3967029554392984,False,False,-1
2332,Общественное питание,0.14100397033460144,False,False,1
2332,Продовольствие,0.4162203446669392,False,False,-1
2332,Транспорт,0.22804418117196373,False,False,-1
2333,Все категории,0.5892487036250882,False,False,-1
2333,Здоровье,0.1214591733050138,False,False,-1
2333,Маркетплейсы,0.965891796484923,False,True,-1
2333,Общественное питание,0.14608013527792288,False,False,-1
2333,Продовольствие,0.8104437245610904,False,True,-1
2333,Транспорт,0.5026891716876007,False,False,-1
2334,Все категории,0.20766663023141818,False,False,1
2334,Здоровье,0.31871965937691676,False,False,1
2334,Маркетплейсы,0.4074789142379274,False,False,-1
2334,Общественное питание,0.5857783416598409,False,False,1
2334,Продовольствие,0.9795781193730877,False,True,-1
2334,Транспорт,0.0,False,False,1
2335,Все категории,0.5111720693814731,False,False,-1
2335,Здоровье,0.08705765206360747,False,False,-1
2335,Маркетплейсы,0.9728327023023657,False,True,-1
2335,Общественное питание,0.38379376384558556,False,False,1
2335,Продовольствие,0.6468907373088969,False,False,-1
2335,Транспорт,0.2449823831416701,False,False,1
2336,Все категории,0.06381619474452091,False,False,-1
2336,Здоровье,0.3139201569448951,False,False,1
2336,Маркетплейсы,0.5426661512591229,False,False,-1
2336,Общественное питание,0.41489473069318034,False,False,-1
2336,Продовольствие,0.3849134202519726,False,False,-1
2336,Транспорт,0.22854719051046157,False,False,-1
2337,Все категории,0.0,False,False,1
2337,Здоровье,0.7910926118059541,False,True,-1
2337,Маркетплейсы,1.0386548574249501,True,True,-1
2337,Общественное питание,0.6856510936535176,False,False,-1
2337,Продовольствие,0.31328617334479686,False,False,-1
2337,Транспорт,0.6814418342753674,False,False,-1
2338,Все категории,0.11080519247677861,False,False,-1
2338,Здоровье,0.09345132826679853,False,False,-1
2338,Маркетплейсы,0.1101250309945076,False,False,-1
2338,Общественное питание,0.05827409092677224,False,False,1
2338,Продовольствие,0.2426750340429843,False,False,-1
2338,Транспорт,0.2627057468164821,False,False,-1
2339,Все категории,0.20065348212031547,False,False,-1
2339,Здоровье,0.11425912135756738,False,False,1
2339,Маркетплейсы,0.0014625721339878162,False,False,-1
2339,Общественное питание,0.1385040226537383,False,False,-1
2339,Продовольствие,0.25244292147410785,False,False,-1
2339,Транспорт,0.39495563003966977,False,False,1
2340,Все категории,0.22537334219959648,False,False,-1
2340,Здоровье,0.4119079316688167,False,False,-1
2340,Маркетплейсы,0.8172197183329925,False,True,-1
2340,Общественное питание,0.39974797648579435,False,False,-1
2340,Продовольствие,0.4316192334223616,False,False,-1
2340,Транспорт,0.15892782695412314,False,False,-1
2341,Все категории,0.06965225323466973,False,False,-1
2341,Здоровье,0.29256657686005655,False,False,-1
2341,Маркетплейсы,0.35964846354871444,False,False,-1
2341,Общественное питание,0.04120712384820638,False,False,-1
2341,Продовольствие,0.17730967516363735,False,False,-1
2341,Транспорт,0.015350709858602776,False,False,-1
2342,Все категории,0.0,False,False,1
2342,Здоровье,0.009310764073784464,False,False,-1
2342,Маркетплейсы,0.2533142195477376,False,False,-1
2342,Общественное питание,0.05492649027305971,False,False,-1
2342,Продовольствие,0.23361422167664636,False,False,-1
2342,Транспорт,0.5751254849268341,False,False,-1
2343,Все категории,0.5318792496275483,False,False,-1
2343,Здоровье,0.0,False,False,1
2343,Маркетплейсы,0.49237351173853505,False,False,-1
2343,Общественное питание,0.14792451435483128,False,False,-1
2343,Продовольствие,1.0373807462647768,True,True,-1
2343,Транспорт,1.1495631434623523,True,True,-1
2344,Все категории,0.015749590168589636,False,False,-1
2344,Здоровье,0.10492025043629036,False,False,1
2344,Маркетплейсы,0.41083023577556954,False,False,-1
2344,Общественное питание,0.2236368280699345,False,False,1
2344,Продовольствие,0.09611316137426942,False,False,-1
2344,Транспорт,0.04356997875883177,False,False,-1
2345,Все категории,0.2716093671161732,False,False,-1
2345,Здоровье,0.38685773131035545,False,False,-1
2345,Маркетплейсы,0.14705789822928983,False,False,-1
2345,Общественное питание,0.07150990760453446,False,False,1
2345,Продовольствие,0.47280198277301555,False,False,-1
2345,Транспорт,0.4494623314210524,False,False,1
2346,Все категории,0.0,False,False,0
2346,Здоровье,0.0,False,False,0
2346,Маркетплейсы,0.0,False,False,0
2346,Общественное питание,0.0,False,False,0
2346,Продовольствие,0.0,False,False,0
2346,Транспорт,0.0,False,False,0
2347,Все категории,0.0,False,False,0
2347,Здоровье,0.0,False,False,0
2347,Маркетплейсы,0.0,False,False,0
2347,Общественное питание,0.0,False,False,0
2347,Продовольствие,0.0,False,False,0
2347,Транспорт,0.0,False,False,0
2348,Все категории,0.14414787982919852,False,False,-1
2348,Здоровье,0.5368794784866515,False,False,-1
2348,Маркетплейсы,1.182817868221528,True,True,-1
2348,Общественное питание,0.04459980971253437,False,False,1
2348,Продовольствие,0.11862617173463197,False,False,-1
2348,Транспорт,0.03808860480067669,False,False,1
2349,Все категории,0.0,False,False,1
2349,Здоровье,0.16663870714837387,False,False,-1
2349,Маркетплейсы,0.48702201598014927,False,False,-1
2349,Общественное питание,0.43355596900492477,False,False,1
2349,Продовольствие,0.2921734441178302,False,False,-1
2349,Транспорт,0.4765823901628471,False,False,1
2351,Все категории,0.41273323370635034,False,False,-1
2351,Здоровье,0.0,False,False,1
2351,Маркетплейсы,0.3050477504549879,False,False,-1
2351,Общественное питание,0.1727384093891105,False,False,-1
2351,Продовольствие,0.8381865244748524,False,True,-1
2351,Транспорт,0.24866432914128644,False,False,-1
2352,Все категории,0.22428729422282523,False,False,-1
2352,Здоровье,0.6046029430789377,False,False,-1
2352,Маркетплейсы,0.5173312036414313,False,False,-1
2352,Общественное питание,0.0,False,False,1
2352,Продовольствие,0.0,False,False,1
2352,Транспорт,0.4645759505481656,False,False,-1
2353,Все категории,0.18963383749565937,False,False,-1
2353,Здоровье,0.5372246584656819,False,False,-1
2353,Маркетплейсы,0.0,False,False,1
2353,Общественное питание,0.5787962828248601,False,False,-1
2353,Продовольствие,0.44096251532899533,False,False,-1
2353,Транспорт,0.08036838027230564,False,False,1
2354,Все категории,0.7000797330226326,False,True,-1
2354,Здоровье,0.7113346502723032,False,True,-1
2354,Маркетплейсы,0.06499471302895318,False,False,-1
2354,Общественное питание,0.06212130751375913,False,False,-1
2354,Продовольствие,0.688560940932694,False,False,-1
2354,Транспорт,0.32785805319741174,False,False,-1
2355,Все категории,0.3253730903895787,False,False,-1
2355,Здоровье,0.2727691869077038,False,False,-1
2355,Маркетплейсы,0.01080328694783711,False,False,1
2355,Общественное питание,0.0,False,False,1
2355,Продовольствие,0.2786981447531224,False,False,-1
2355,Транспорт,0.011476776272858633,False,False,-1
2356,Все категории,0.4327475337295387,False,False,-1
2356,Здоровье,0.0,False,False,1
2356,Маркетплейсы,0.8817517658268905,False,True,-1
2356,Общественное питание,0.1621551711299833,False,False,-1
2356,Продовольствие,0.5000919323226529,False,False,-1
2356,Транспорт,0.07205526641998894,False,False,-1
2357,Все категории,0.16667207277640977,False,False,-1
2357,Здоровье,0.12627788606288226,False,False,-1
2357,Маркетплейсы,0.788066743401782,False,True,-1
2357,Общественное питание,0.06953909802670694,False,False,1
2357,Продовольствие,0.7570930229327082,False,True,-1
2357,Транспорт,0.5020930064391005,False,False,-1
2358,Все категории,0.5681144191177222,False,False,-1
2358,Здоровье,0.07609664807326688,False,False,-1
2358,Маркетплейсы,1.004897628396272,True,True,-1
2358,Общественное питание,0.5884906398788279,False,False,-1
2358,Продовольствие,0.6218620171143682,False,False,-1
2358,Транспорт,0.0,False,False,1
2359,Все категории,0.3260986621326707,False,False,-1
2359,Здоровье,0.4162872841099587,False,False,-1
2359,Маркетплейсы,0.11094861514973364,False,False,-1
2359,Общественное питание,0.18954132299192544,False,False,-1
2359,Продовольствие,0.5995180083106766,False,False,-1
2359,Транспорт,0.19878367415745496,False,False,-1
2360,Все категории,0.29482216465095173,False,False,-1
2360,Здоровье,0.19112265788567195,False,False,-1
2360,Маркетплейсы,0.24078479325461172,False,False,-1
2360,Общественное питание,0.07239856132140979,False,False,1
2360,Продовольствие,0.6272087027480249,False,False,-1
2360,Транспорт,0.0,False,False,1
2361,Все категории,0.38239400125669804,False,False,-1
2361,Здоровье,0.6307570855568718,False,False,-1
2361,Маркетплейсы,0.04260887068231958,False,False,-1
2361,Общественное питание,0.23969537841007804,False,False,-1
2361,Продовольствие,0.6998855704349463,False,False,-1
2361,Транспорт,0.4587752639178492,False,False,-1
2362,Все категории,0.39946281454852406,False,False,-1
2362,Здоровье,0.0,False,False,1
2362,Маркетплейсы,0.8634446786421754,False,True,-1
2362,Общественное питание,0.3327635038456348,False,False,1
2362,Продовольствие,0.5366846808163267,False,False,-1
2362,Транспорт,0.5922528810923233,False,False,-1
2363,Все категории,0.1489031542376305,False,False,-1
2363,Здоровье,0.6670562022548417,False,False,-1
2363,Маркетплейсы,0.3376137194358959,False,False,-1
2363,Общественное питание,0.0,False,False,1
2363,Продовольствие,0.7689133624979418,False,True,-1
2363,Транспорт,0.5465543486027175,False,False,-1
2364,Все категории,0.31595368576348976,False,False,-1
2364,Здоровье,0.1749878587281376,False,False,-1
2364,Маркетплейсы,0.15105094774593997,False,False,-1
2364,Общественное питание,1.1135922767512674,True,True,-1
2364,Продовольствие,0.7151976828643283,False,True,-1
2364,Транспорт,0.2358709289098972,False,False,-1
2365,Все категории,0.3366254706399514,False,False,-1
2365,Здоровье,0.39055015645106833,False,False,-1
2365,Маркетплейсы,0.0,False,False,1
2365,Общественное питание,0.182798295998751,False,False,-1
2365,Продовольствие,0.638211358015966,False,False,-1
2365,Транспорт,0.15128732019220154,False,False,-1
2366,Все категории,0.7592681583896683,False,True,-1
2366,Здоровье,0.39225709688467225,False,False,-1
2366,Маркетплейсы,0.21331691106691214,False,False,-1
2366,Общественное питание,0.47297481125349017,False,False,-1
2366,Продовольствие,0.995012083870565,False,True,-1
2366,Транспорт,0.7335728247596894,False,True,-1
2367,Все категории,0.08215331164963349,False,False,-1
2367,Здоровье,0.027174615354996642,False,False,-1
2367,Маркетплейсы,0.010198523381568805,False,False,-1
2367,Общественное питание,0.06293156469783256,False,False,-1
2367,Продовольствие,0.5122644823393172,False,False,-1
2367,Транспорт,0.0,False,False,1
2368,Все категории,0.5440843629037758,False,False,-1
2368,Здоровье,0.7511177771324091,False,True,-1
2368,Маркетплейсы,0.7349270396245826,False,True,-1
2368,Общественное питание,0.49077704269739686,False,False,-1
2368,Продовольствие,0.7853390640819959,False,True,-1
2368,Транспорт,0.42321238638981246,False,False,-1
2369,Все категории,0.3400561303485057,False,False,-1
2369,Здоровье,0.4083809927701646,False,False,-1
2369,Маркетплейсы,0.0,False,False,1
2369,Общественное питание,0.11277599532766205,False,False,-1
2369,Продовольствие,0.5258462927685877,False,False,-1
2369,Транспорт,0.22279941793233693,False,False,-1
2370,Все категории,0.3645593453379787,False,False,-1
2370,Здоровье,0.147031646011431,False,False,1
2370,Маркетплейсы,0.7366049685469841,False,True,-1
2370,Общественное питание,0.16339057403626678,False,False,1
2370,Продовольствие,0.27752384945216324,False,False,1
2370,Транспорт,0.36093813354701154,False,False,1
2371,Все категории,0.28190863571954816,False,False,-1
2371,Здоровье,0.36175884187362606,False,False,-1
2371,Маркетплейсы,0.5863801333729602,False,False,-1
2371,Общественное питание,0.09262912906357529,False,False,-1
2371,Продовольствие,0.5270916268246653,False,False,-1
2371,Транспорт,0.06701653288832024,False,False,-1
2372,Все категории,0.3375529101368126,False,False,-1
2372,Здоровье,0.20951696686736554,False,False,-1
2372,Маркетплейсы,0.06814562103247301,False,False,-1
2372,Общественное питание,0.1481858450327458,False,False,-1
2372,Продовольствие,0.7065147212388789,False,True,-1
2372,Транспорт,0.4857188069218179,False,False,-1
2373,Все категории,0.5081247912683261,False,False,-1
2373,Здоровье,0.5677035359924374,False,False,-1
2373,Маркетплейсы,0.019458799417774897,False,False,-1
2373,Общественное питание,0.12147341431093106,False,False,-1
2373,Продовольствие,0.34067805637427195,False,False,-1
2373,Транспорт,0.5204988568602529,False,False,-1
2374,Все категории,0.19347122882421047,False,False,-1
2374,Здоровье,0.05853236108646498,False,False,-1
2374,Маркетплейсы,0.06241241972640371,False,False,-1
2374,Общественное питание,0.07946171308495806,False,False,-1
2374,Продовольствие,0.5351774128105613,False,False,-1
2374,Транспорт,0.4347111283697812,False,False,-1
2375,Все категории,0.31238484812695233,False,False,-1
2375,Здоровье,0.11751829484947784,False,False,-1
2375,Маркетплейсы,0.03298140391055268,False,False,-1
2375,Общественное питание,0.07042277976561115,False,False,-1
2375,Продовольствие,0.6331196465789122,False,False,-1
2375,Транспорт,0.15017313805292598,False,False,-1
2376,Все категории,0.20051371770219462,False,False,-1
2376,Здоровье,0.40068507245044815,False,False,-1
2376,Маркетплейсы,0.6770607020202537,False,False,-1
2376,Общественное питание,0.1564640712348357,False,False,-1
2376,Продовольствие,0.6211428760114182,False,False,-1
2376,Транспорт,0.22119391401452404,False,False,-1
2377,Все категории,0.3502153381402014,False,False,-1
2377,Здоровье,0.19461024582067366,False,False,-1
2377,Маркетплейсы,0.029856994981706977,False,False,-1
2377,Общественное питание,0.04887712163737905,False,False,-1
2377,Продовольствие,0.6952300714173182,False,False,-1
2377,Транспорт,0.5902490176251884,False,False,-1
2378,Все категории,0.4204875937638116,False,False,-1
2378,Здоровье,0.14655159659122963,False,False,-1
2378,Маркетплейсы,0.0,False,False,1
2378,Общественное питание,0.0,False,False,1
2378,Продовольствие,0.6669641355533833,False,False,-1
2378,Транспорт,0.04725877043505647,False,False,-1
2379,Все категории,0.0,False,False,1
2379,Здоровье,0.7379990910821836,False,True,-1
2379,Маркетплейсы,0.000776671295046813,False,False,-1
2379,Общественное питание,0.0,False,False,1
2379,Продовольствие,0.5002568682519001,False,False,-1
2379,Транспорт,0.07151879921599213,False,False,-1
2380,Все категории,0.27114108648898083,False,False,-1
2380,Здоровье,0.15336455083777611,False,False,-1
2380,Маркетплейсы,0.8520229927318193,False,True,-1
2380,Общественное питание,0.054009177866832056,False,False,-1
2380,Продовольствие,0.7413051711060863,False,True,-1
2380,Транспорт,0.3279901627724167,False,False,-1
2381,Все категории,0.37359407290323593,False,False,-1
2381,Здоровье,0.0,False,False,1
2381,Маркетплейсы,0.0,False,False,1
2381,Общественное питание,0.4014242558784885,False,False,-1
2381,Продовольствие,0.7029123489373699,False,True,-1
2381,Транспорт,0.060613016958304455,False,False,1
2382,Все категории,0.39575350513614743,False,False,-1
2382,Здоровье,0.6714726948830307,False,False,-1
2382,Маркетплейсы,0.20107863480477156,False,False,-1
2382,Общественное питание,0.2631223288876264,False,False,-1
2382,Продовольствие,0.6865152319424848,False,False,-1
2382,Транспорт,0.1064527171333757,False,False,-1
2383,Все категории,0.1327427454413901,False,False,-1
2383,Здоровье,0.21588154034935603,False,False,-1
2383,Маркетплейсы,0.0,False,False,1
2383,Общественное питание,0.041465948983936074,False,False,-1
2383,Продовольствие,0.17342268146459613,False,False,-1
2383,Транспорт,0.11742056279027901,False,False,-1
2384,Все категории,0.2654296684922945,False,False,-1
2384,Здоровье,0.11631847455784117,False,False,-1
2384,Маркетплейсы,0.20505249323191937,False,False,-1
2384,Общественное питание,0.04335901824003367,False,False,-1
2384,Продовольствие,0.6619832333422586,False,False,-1
2384,Транспорт,0.04757573228240716,False,False,-1
2385,Все категории,0.44492133629656616,False,False,-1
2385,Здоровье,0.31543629289598124,False,False,-1
2385,Маркетплейсы,0.2525746825997455,False,False,-1
2385,Общественное питание,0.49648630049963627,False,False,-1
2385,Продовольствие,0.5476905496070881,False,False,-1
2385,Транспорт,0.17197967601991587,False,False,-1
2386,Все категории,0.11025153631262777,False,False,-1
2386,Здоровье,0.009726369963165032,False,False,-1
2386,Маркетплейсы,0.9959732693386876,False,True,-1
2386,Общественное питание,0.2709983387463961,False,False,-1
2386,Продовольствие,0.12834170111560744,False,False,-1
2386,Транспорт,0.007958317514243696,False,False,1
2387,Все категории,0.27012254920884626,False,False,-1
2387,Здоровье,0.18688095317374992,False,False,-1
2387,Маркетплейсы,0.15686644760257745,False,False,-1
2387,Общественное питание,0.03135250832175433,False,False,-1
2387,Продовольствие,0.7745293013199278,False,True,-1
2387,Транспорт,0.0,False,False,1
2388,Все категории,0.21525054235829366,False,False,-1
2388,Здоровье,0.4097687302083125,False,False,-1
2388,Маркетплейсы,0.27683715606048265,False,False,-1
2388,Общественное питание,0.029812269034465114,False,False,-1
2388,Продовольствие,0.848809525484143,False,True,-1
2388,Транспорт,0.20300017989353758,False,False,-1
2389,Все категории,0.24718261642964473,False,False,-1
2389,Здоровье,0.8784410175883511,False,True,-1
2389,Маркетплейсы,0.3203299224521425,False,False,-1
2389,Общественное питание,0.3752377619581315,False,False,-1
2389,Продовольствие,0.7118058680384394,False,True,-1
2389,Транспорт,0.1528922781239163,False,False,-1
2390,Все категории,0.31193701517857575,False,False,-1
2390,Здоровье,0.2886644873866462,False,False,-1
2390,Маркетплейсы,0.2828849973142373,False,False,-1
2390,Общественное питание,0.10692012500404274,False,False,1
2390,Продовольствие,0.0,False,False,1
2390,Транспорт,0.3939965425871923,False,False,-1
2391,Все категории,0.642401198983324,False,False,-1
2391,Здоровье,1.1315158692380833,True,True,-1
2391,Маркетплейсы,0.2240498264071345,False,False,-1
2391,Общественное питание,0.15942284547967123,False,False,-1
2391,Продовольствие,0.949034307172937,False,True,-1
2391,Транспорт,0.3453659562940992,False,False,-1
2392,Все категории,0.3293879986252026,False,False,-1
2392,Здоровье,0.5688205397036723,False,False,-1
2392,Маркетплейсы,0.4377260290928082,False,False,-1
2392,Общественное питание,0.34530724612014085,False,False,-1
2392,Продовольствие,0.8569111863554996,False,True,-1
2392,Транспорт,0.5335825987959637,False,False,-1
2393,Все категории,0.08275881360615595,False,False,-1
2393,Здоровье,0.8867203723791766,False,True,-1
2393,Маркетплейсы,0.723633419508408,False,True,-1
2393,Общественное питание,0.043403611154624655,False,False,-1
2393,Продовольствие,0.397729882433058,False,False,-1
2393,Транспорт,0.0,False,False,1
2394,Все категории,0.0,False,False,0
2394,Здоровье,0.0,False,False,0
2394,Маркетплейсы,0.0,False,False,0
2394,Общественное питание,0.0,False,False,0
2394,Продовольствие,0.0,False,False,0
2394,Транспорт,0.0,False,False,0
2395,Все категории,0.004111328380791979,False,False,1
2395,Здоровье,0.3292245351656056,False,False,-1
2395,Маркетплейсы,0.2953610083899841,False,False,-1
2395,Общественное питание,0.37503029791692666,False,False,-1
2395,Продовольствие,0.8351188521948576,False,True,-1
2395,Транспорт,0.082887632737325,False,False,-1
2397,Все категории,0.6181110589114595,False,False,1
2397,Здоровье,0.0,False,False,1
2397,Маркетплейсы,0.220669688234096,False,False,1
2397,Общественное питание,0.13621437324568222,False,False,1
2397,Продовольствие,0.3885468512719736,False,False,1
2397,Транспорт,0.19580346769616785,False,False,-1
2398,Все категории,0.14579706723417965,False,False,-1
2398,Здоровье,0.5753038008850616,False,False,-1
2398,Маркетплейсы,0.07194889590055648,False,False,-1
2398,Общественное питание,0.43976360775234125,False,False,-1
2398,Продовольствие,0.45319855445494217,False,False,-1
2398,Транспорт,0.2327725375523666,False,False,-1
2399,Все категории,0.09275064216292098,False,False,-1
2399,Здоровье,0.027353888820246558,False,False,-1
2399,Маркетплейсы,0.09246090200609663,False,False,-1
2399,Общественное питание,0.4383198282226064,False,False,-1
2399,Продовольствие,0.4696806742858478,False,False,-1
2399,Транспорт,0.0,False,False,1
2400,Все категории,0.3458789224203077,False,False,-1
2400,Здоровье,0.5188912854358588,False,False,-1
2400,Маркетплейсы,0.9411579163848207,False,True,-1
2400,Общественное питание,0.0,False,False,1
2400,Продовольствие,0.6245235185971167,False,False,-1
2400,Транспорт,0.09582068577926198,False,False,-1
2401,Все категории,0.12492120927544739,False,False,-1
2401,Здоровье,0.2584446784754305,False,False,-1
2401,Маркетплейсы,0.9947013008385672,False,True,-1
2401,Общественное питание,0.22862567971471914,False,False,-1
2401,Продовольствие,0.6225603338067931,False,False,-1
2401,Транспорт,0.08785385423515474,False,False,1
2402,Все категории,0.11342301145869141,False,False,-1
2402,Здоровье,0.3097624092123722,False,False,-1
2402,Маркетплейсы,0.0,False,False,1
2402,Общественное питание,0.0,False,False,1
2402,Продовольствие,0.48275129545951545,False,False,-1
2402,Транспорт,0.07949072333949497,False,False,1
2403,Все категории,0.22969437163918494,False,False,-1
2403,Здоровье,0.6582231477171452,False,False,-1
2403,Маркетплейсы,0.3005713512235936,False,False,-1
2403,Общественное питание,0.02591321361854701,False,False,-1
2403,Продовольствие,0.38301825917117327,False,False,-1
2403,Транспорт,0.4593442223713329,False,False,-1
2404,Все категории,0.3460552677825451,False,False,-1
2404,Здоровье,0.030516958155770477,False,False,-1
2404,Маркетплейсы,0.04305116993884772,False,False,-1
2404,Общественное питание,0.1623060052592222,False,False,-1
2404,Продовольствие,0.5443078056564752,False,False,-1
2404,Транспорт,0.597563753249065,False,False,-1
2405,Все категории,0.237924141727273,False,False,-1
2405,Здоровье,0.12636974678870005,False,False,-1
2405,Маркетплейсы,0.042985735366852046,False,False,-1
2405,Общественное питание,0.0,False,False,1
2405,Продовольствие,0.682499439400783,False,False,-1
2405,Транспорт,0.0,False,False,1
2406,Все категории,0.1464908205856105,False,False,-1
2406,Здоровье,0.1338068278674785,False,False,-1
2406,Маркетплейсы,0.11096672112954506,False,False,-1
2406,Общественное питание,0.25230228587917014,False,False,-1
2406,Продовольствие,0.41602265362265156,False,False,-1
2406,Транспорт,0.5535509099639171,False,False,-1
2407,Все категории,0.3972403443625406,False,False,-1
2407,Здоровье,0.4413305608585607,False,False,-1
2407,Маркетплейсы,0.0,False,False,1
2407,Общественное питание,0.06808210299102124,False,False,-1
2407,Продовольствие,0.6095992546503335,False,False,-1
2407,Транспорт,0.15715974695979953,False,False,1
2408,Все категории,0.3471024461406223,False,False,-1
2408,Здоровье,0.3236451626824287,False,False,-1
2408,Маркетплейсы,0.8217647194853387,False,True,-1
2408,Общественное питание,0.0,False,False,1
2408,Продовольствие,0.6488211621658357,False,False,-1
2408,Транспорт,0.3782441332283626,False,False,-1
2409,Все категории,0.16097486797445745,False,False,-1
2409,Здоровье,0.15229487064084107,False,False,-1
2409,Маркетплейсы,0.0,False,False,1
2409,Общественное питание,0.0,False,False,1
2409,Продовольствие,0.4564912178248066,False,False,-1
2409,Транспорт,0.018866085854528425,False,False,1
2410,Все категории,0.6022349134509478,False,False,-1
2410,Здоровье,0.3915971438913002,False,False,-1
2410,Маркетплейсы,0.1460750768532215,False,False,-1
2410,Общественное питание,0.23529318552325906,False,False,-1
2410,Продовольствие,0.6930209569684511,False,False,-1
2410,Транспорт,0.01578669617727417,False,False,-1
2411,Все категории,0.08800143974632149,False,False,-1
2411,Здоровье,0.5811208340334222,False,False,-1
2411,Маркетплейсы,0.6258473133011987,False,False,-1
2411,Общественное питание,0.3479025499739691,False,False,-1
2411,Продовольствие,0.32294938936530476,False,False,-1
2411,Транспорт,0.0,False,False,1
2412,Все категории,0.4568214430440196,False,False,-1
2412,Здоровье,0.31516743406158637,False,False,-1
2412,Маркетплейсы,0.33401991290332345,False,False,-1
2412,Общественное питание,0.0453672668989307,False,False,-1
2412,Продовольствие,0.6442637490073752,False,False,-1
2412,Транспорт,0.1245889265423884,False,False,-1
2416,Все категории,0.004769996052669409,False,False,1
2416,Здоровье,0.5216297657952831,False,False,-1
2416,Маркетплейсы,0.21744356545088878,False,False,-1
2416,Общественное питание,0.0,False,False,1
2416,Продовольствие,0.4734164825752951,False,False,-1
2416,Транспорт,0.2108209255966429,False,False,1
2422,Все категории,0.15617236526667963,False,False,-1
2422,Здоровье,0.47473391376522445,False,False,-1
2422,Маркетплейсы,0.6756449629522973,False,False,-1
2422,Общественное питание,0.5544775880626791,False,False,-1
2422,Продовольствие,0.6620730998701697,False,False,-1
2422,Транспорт,0.27436455844978447,False,False,-1
2423,Все категории,0.3113391303302719,False,False,-1
2423,Здоровье,0.49359438550265855,False,False,-1
2423,Маркетплейсы,0.2870577425223712,False,False,-1
2423,Общественное питание,0.020551125600768175,False,False,-1
2423,Продовольствие,0.7422908152474305,False,True,-1
2423,Транспорт,0.14931323745772496,False,False,-1
2424,Все категории,0.5777497718089522,False,False,-1
2424,Здоровье,0.03837686276837847,False,False,1
2424,Маркетплейсы,0.15717227892637592,False,False,-1
2424,Общественное питание,0.18281417276782613,False,False,-1
2424,Продовольствие,0.7599071949632584,False,True,-1
2424,Транспорт,0.27064430037855625,False,False,-1
2425,Все категории,0.19091230493676614,False,False,-1
2425,Здоровье,0.03481949005774718,False,False,-1
2425,Маркетплейсы,0.04165938002667818,False,False,-1
2425,Общественное питание,0.21836604123907066,False,False,-1
2425,Продовольствие,0.770609691099042,False,True,-1
2425,Транспорт,0.20792460017890474,False,False,-1
2426,Все категории,0.23004239360243417,False,False,-1
2426,Здоровье,0.628644700700624,False,False,-1
2426,Маркетплейсы,0.9279959183680068,False,True,-1
2426,Общественное питание,0.10576012816112312,False,False,-1
2426,Продовольствие,0.7156197614108003,False,True,-1
2426,Транспорт,0.2315304287584074,False,False,-1
2427,Все категории,0.2309625713717045,False,False,-1
2427,Здоровье,0.12763670542631048,False,False,-1
2427,Маркетплейсы,0.9802594218637328,False,True,-1
2427,Общественное питание,0.0,False,False,1
2427,Продовольствие,0.5083235518432574,False,False,-1
2427,Транспорт,0.2286238479331456,False,False,-1
2428,Все категории,0.3319689979750361,False,False,-1
2428,Здоровье,0.46010148263635164,False,False,-1
2428,Маркетплейсы,0.9164885993032225,False,True,-1
2428,Общественное питание,0.005966449839910862,False,False,-1
2428,Продовольствие,0.7245619860495259,False,True,-1
2428,Транспорт,0.0,False,False,1
2429,Все категории,0.07550819594599706,False,False,1
2429,Здоровье,0.08365050684415348,False,False,-1
2429,Маркетплейсы,0.750496654057708,False,True,-1
2429,Общественное питание,0.1269877293647383,False,False,1
2429,Продовольствие,0.08819937702919947,False,False,-1
2429,Транспорт,0.0,False,False,1
2430,Все категории,0.19675786939045226,False,False,-1
2430,Здоровье,0.12363970758671528,False,False,-1
2430,Маркетплейсы,0.0,False,False,1
2430,Общественное питание,0.042822103279004486,False,False,-1
2430,Продовольствие,0.7591330640458821,False,True,-1
2430,Транспорт,0.3805626356289768,False,False,-1
2431,Все категории,0.3999051181796148,False,False,-1
2431,Здоровье,0.12257919963993097,False,False,-1
2431,Маркетплейсы,0.24568740192377242,False,False,-1
2431,Общественное питание,0.0,False,False,1
2431,Продовольствие,0.7274481134150383,False,True,-1
2431,Транспорт,0.12899650566840945,False,False,-1
2432,Все категории,0.23220339375904803,False,False,-1
2432,Здоровье,0.17407073529186598,False,False,-1
2432,Маркетплейсы,0.2765119195803433,False,False,-1
2432,Общественное питание,0.06255819992493383,False,False,-1
2432,Продовольствие,0.6687413330556073,False,False,-1
2432,Транспорт,0.4114494116543945,False,False,-1
2433,Все категории,0.24830471451371583,False,False,-1
2433,Здоровье,0.23466982510025985,False,False,-1
2433,Маркетплейсы,0.0,False,False,1
2433,Общественное питание,0.0,False,False,1
2433,Продовольствие,0.6982051434484475,False,False,-1
2433,Транспорт,0.03877682764005362,False,False,-1
2434,Все категории,0.09424301577541488,False,False,-1
2434,Здоровье,0.044456912282920924,False,False,-1
2434,Маркетплейсы,0.9555900345857606,False,True,-1
2434,Общественное питание,0.0,False,False,1
2434,Продовольствие,0.631831871234761,False,False,-1
2434,Транспорт,0.04912084292195455,False,False,-1
2435,Все категории,0.16548588170737805,False,False,-1
2435,Здоровье,0.20223277712314086,False,False,-1
2435,Маркетплейсы,0.9807874373409486,False,True,-1
2435,Общественное питание,0.12203381793705936,False,False,-1
2435,Продовольствие,0.7714035576944569,False,True,-1
2435,Транспорт,0.46266933750437356,False,False,-1
2436,Все категории,0.3314764274420218,False,False,-1
2436,Здоровье,0.1727295590587796,False,False,-1
2436,Маркетплейсы,0.029258901898216103,False,False,-1
2436,Общественное питание,0.17438207250474308,False,False,-1
2436,Продовольствие,0.6128144220437762,False,False,-1
2436,Транспорт,0.548289319817774,False,False,-1
2437,Все категории,0.4253005717748348,False,False,-1
2437,Здоровье,0.24880369729972585,False,False,-1
2437,Маркетплейсы,0.0,False,False,1
2437,Общественное питание,0.004104667595932643,False,False,-1
2437,Продовольствие,0.3073989904582817,False,False,-1
2437,Транспорт,0.20842109610345094,False,False,-1
2439,Все категории,0.1734362944297381,False,False,-1
2439,Здоровье,0.20768399928626868,False,False,-1
2439,Маркетплейсы,0.6962505307309805,False,False,-1
2439,Общественное питание,0.25603875308845775,False,False,-1
2439,Продовольствие,0.012689690975698734,False,False,-1
2439,Транспорт,0.20556104990221302,False,False,1
2440,Все категории,0.4298796978069967,False,False,-1
2440,Здоровье,0.39864433487345724,False,False,-1
2440,Маркетплейсы,0.0,False,False,1
2440,Общественное питание,0.010183050345404926,False,False,1
2440,Продовольствие,0.9251416727688718,False,True,-1
2440,Транспорт,0.026875637262349178,False,False,-1
2441,Все категории,0.3552161825792354,False,False,-1
2441,Здоровье,0.27815833598651235,False,False,-1
2441,Маркетплейсы,0.5157610371681675,False,False,-1
2441,Общественное питание,0.07422028972799055,False,False,-1
2441,Продовольствие,0.5939668684001957,False,False,-1
2441,Транспорт,0.15812335947922482,False,False,-1
2442,Все категории,0.8009787157511296,False,True,-1
2442,Здоровье,0.45715484727571176,False,False,-1
2442,Маркетплейсы,0.39019561301883066,False,False,-1
2442,Общественное питание,0.3381939331641723,False,False,-1
2442,Продовольствие,0.0,False,False,1
2442,Транспорт,0.592392166755058,False,False,-1
2443,Все категории,0.5522759942262515,False,False,-1
2443,Здоровье,0.9637882594084566,False,True,-1
2443,Маркетплейсы,0.19771492725913115,False,False,-1
2443,Общественное питание,0.01811545686797178,False,False,-1
2443,Продовольствие,0.6175686247380434,False,False,-1
2443,Транспорт,0.041303238470449144,False,False,-1
2444,Все категории,0.04980389971621883,False,False,1
2444,Здоровье,0.15472237142809755,False,False,1
2444,Маркетплейсы,0.10946780910573156,False,False,-1
2444,Общественное питание,0.3877637911468811,False,False,1
2444,Продовольствие,0.49955707955360606,False,False,-1
2444,Транспорт,0.0,False,False,1
2445,Все категории,0.4742156098483177,False,False,-1
2445,Здоровье,0.003443157875955144,False,False,-1
2445,Маркетплейсы,0.023100733086788075,False,False,-1
2445,Общественное питание,0.0,False,False,1
2445,Продовольствие,0.6930662701514413,False,False,-1
2445,Транспорт,0.2960487752593052,False,False,-1
2446,Все категории,0.6711315779384069,False,False,-1
2446,Здоровье,0.3789040445232625,False,False,-1
2446,Маркетплейсы,0.0,False,False,1
2446,Общественное питание,0.06544174521721724,False,False,-1
2446,Продовольствие,0.7857871070839845,False,True,-1
2446,Транспорт,0.3130001153005969,False,False,-1
2447,Все категории,0.2252009303705363,False,False,-1
2447,Здоровье,0.1426844637863509,False,False,-1
2447,Маркетплейсы,0.44404531185685636,False,False,-1
2447,Общественное питание,0.12480940569402571,False,False,-1
2447,Продовольствие,0.6341027413034608,False,False,-1
2447,Транспорт,0.14035907968912692,False,False,-1
2448,Все категории,0.0,False,False,0
2448,Здоровье,0.0,False,False,0
2448,Маркетплейсы,0.0,False,False,0
2448,Общественное питание,0.0,False,False,0
2448,Продовольствие,0.0,False,False,0
2448,Транспорт,0.0,False,False,0
2449,Все категории,0.0242231345742107,False,False,1
2449,Здоровье,0.37184060431159904,False,False,-1
2449,Маркетплейсы,0.031010838885818737,False,False,-1
2449,Общественное питание,0.1691602868097622,False,False,-1
2449,Продовольствие,0.5006276685351838,False,False,-1
2449,Транспорт,0.04131476272122206,False,False,-1
2450,Все категории,0.5813141841229784,False,False,-1
2450,Здоровье,0.2757872083957606,False,False,-1
2450,Маркетплейсы,0.0,False,False,1
2450,Общественное питание,0.049200487119358,False,False,-1
2450,Продовольствие,0.6684225604688104,False,False,-1
2450,Транспорт,0.6803046138446059,False,False,-1
2451,Все категории,0.3796014627810602,False,False,-1
2451,Здоровье,0.0,False,False,1
2451,Маркетплейсы,0.5277958921683787,False,False,-1
2451,Общественное питание,0.3251830838980737,False,False,-1
2451,Продовольствие,0.49440431924499606,False,False,-1
2451,Транспорт,0.5773206972050878,False,False,-1
2452,Все категории,0.5248631548268363,False,False,-1
2452,Здоровье,0.5123155765622079,False,False,-1
2452,Маркетплейсы,0.11366754614702995,False,False,-1
2452,Общественное питание,0.12176979285271547,False,False,-1
2452,Продовольствие,0.7488664011847387,False,True,-1
2452,Транспорт,0.5171243040219666,False,False,-1
2453,Все категории,0.21994531673757395,False,False,-1
2453,Здоровье,0.15347047960943971,False,False,-1
2453,Маркетплейсы,0.0,False,False,1
2453,Общественное питание,0.0,False,False,1
2453,Продовольствие,0.608743679629636,False,False,-1
2453,Транспорт,0.2688809005296232,False,False,-1
2454,Все категории,0.1219054064932878,False,False,-1
2454,Здоровье,0.07542283132681887,False,False,-1
2454,Маркетплейсы,0.8373471013623567,False,True,-1
2454,Общественное питание,0.459246453904228,False,False,-1
2454,Продовольствие,0.5116684293235274,False,False,-1
2454,Транспорт,0.580600584883733,False,False,-1
2455,Все категории,0.2441804873538359,False,False,-1
2455,Здоровье,0.7890241162290187,False,True,-1
2455,Маркетплейсы,0.9684762225004608,False,True,-1
2455,Общественное питание,0.08184949527445642,False,False,-1
2455,Продовольствие,0.6992973427940358,False,False,-1
2455,Транспорт,0.0775689862303946,False,False,-1
2456,Все категории,0.4763875421836208,False,False,-1
2456,Здоровье,0.7101782476568697,False,True,-1
2456,Маркетплейсы,0.4165402465356971,False,False,-1
2456,Общественное питание,0.8076400714353311,False,True,-1
2456,Продовольствие,0.0,False,False,1
2456,Транспорт,0.13591461162259774,False,False,-1
2457,Все категории,0.29618432808315603,False,False,-1
2457,Здоровье,0.061006655271236,False,False,1
2457,Маркетплейсы,0.4571637928200486,False,False,-1
2457,Общественное питание,0.6380130532285044,False,False,-1
2457,Продовольствие,0.3870631643550294,False,False,-1
2457,Транспорт,0.05384893642813893,False,False,-1
2458,Все категории,0.48891568707817,False,False,-1
2458,Здоровье,0.4922591255755654,False,False,-1
2458,Маркетплейсы,0.0014112786339361277,False,False,-1
2458,Общественное питание,0.028552712459854593,False,False,-1
2458,Продовольствие,0.5896404931815604,False,False,-1
2458,Транспорт,0.08036839563837556,False,False,-1
2459,Все категории,0.4734060852627804,False,False,-1
2459,Здоровье,0.4123577578044481,False,False,-1
2459,Маркетплейсы,0.7641193810163802,False,True,-1
2459,Общественное питание,0.3569282364837767,False,False,-1
2459,Продовольствие,0.8507028409157982,False,True,-1
2459,Транспорт,0.4839953317368222,False,False,-1
2460,Все категории,0.4841435828174283,False,False,-1
2460,Здоровье,0.03301638880284502,False,False,1
2460,Маркетплейсы,0.22614942277542804,False,False,-1
2460,Общественное питание,0.3954746227634042,False,False,-1
2460,Продовольствие,0.6219913423285609,False,False,-1
2460,Транспорт,0.6270294072555698,False,False,-1
2461,Все категории,0.4670756896698426,False,False,-1
2461,Здоровье,0.44646630711809077,False,False,-1
2461,Маркетплейсы,0.07117575974254683,False,False,-1
2461,Общественное питание,0.1952902135409783,False,False,-1
2461,Продовольствие,0.7238100660805595,False,True,-1
2461,Транспорт,0.13120831791179538,False,False,-1
2462,Все категории,0.5004716508901551,False,False,-1
2462,Здоровье,0.7937951354613991,False,True,-1
2462,Маркетплейсы,0.45103160796156927,False,False,-1
2462,Общественное питание,0.4792385886328232,False,False,-1
2462,Продовольствие,0.6514051232802327,False,False,-1
2462,Транспорт,0.4664614360256254,False,False,-1
2463,Все категории,0.29119633004092954,False,False,-1
2463,Здоровье,0.0,False,False,1
2463,Маркетплейсы,0.4682732767737975,False,False,-1
2463,Общественное питание,0.45835460371731207,False,False,-1
2463,Продовольствие,0.4773278943141318,False,False,-1
2463,Транспорт,0.2983923481210125,False,False,-1
2464,Все категории,0.4146002218968003,False,False,-1
2464,Здоровье,0.9647606330067027,False,True,-1
2464,Маркетплейсы,0.8358063085812077,False,True,-1
2464,Общественное питание,0.13828208587658145,False,False,-1
2464,Продовольствие,0.5843429997868983,False,False,-1
2464,Транспорт,0.3731174608812685,False,False,-1
2465,Все категории,0.6416582977839866,False,False,-1
2465,Здоровье,0.43192089938251843,False,False,-1
2465,Маркетплейсы,0.6205112764937804,False,False,-1
2465,Общественное питание,0.09664702054589874,False,False,-1
2465,Продовольствие,0.47293504927566143,False,False,-1
2465,Транспорт,0.32209608869120293,False,False,-1
2466,Все категории,0.33276515083545694,False,False,-1
2466,Здоровье,0.7558367008967759,False,True,-1
2466,Маркетплейсы,0.9139473504666454,False,True,-1
2466,Общественное питание,0.21561750803490465,False,False,-1
2466,Продовольствие,0.5015791167522977,False,False,-1
2466,Транспорт,0.06155981806222331,False,False,-1
2467,Все категории,0.26520054404402166,False,False,-1
2467,Здоровье,0.4953177666578342,False,False,-1
2467,Маркетплейсы,0.5493956862019088,False,False,-1
2467,Общественное питание,0.0,False,False,1
2467,Продовольствие,0.4303775096094926,False,False,-1
2467,Транспорт,0.26474958309161234,False,False,-1
2468,Все категории,0.29136639975414574,False,False,-1
2468,Здоровье,0.055049815125641194,False,False,1
2468,Маркетплейсы,0.04840479750531984,False,False,-1
2468,Общественное питание,0.12297837874987724,False,False,1
2468,Продовольствие,0.5597046981408385,False,False,-1
2468,Транспорт,0.43122960322445214,False,False,-1
2469,Все категории,0.1100849287595832,False,False,-1
2469,Здоровье,0.5068491210531805,False,False,-1
2469,Маркетплейсы,0.8379968386292397,False,True,-1
2469,Общественное питание,0.01197868484453335,False,False,-1
2469,Продовольствие,0.5320491049123424,False,False,-1
2469,Транспорт,0.29851677920380715,False,False,-1
2470,Все категории,0.42692420281371385,False,False,-1
2470,Здоровье,0.13601931930035538,False,False,1
2470,Маркетплейсы,0.0,False,False,1
2470,Общественное питание,0.38353534587797805,False,False,-1
2470,Продовольствие,0.4308858585867204,False,False,-1
2470,Транспорт,0.09750894062863902,False,False,-1
2471,Все категории,0.25400733834852585,False,False,-1
2471,Здоровье,0.2181208508427595,False,False,-1
2471,Маркетплейсы,0.100422013024074,False,False,-1
2471,Общественное питание,0.22937113232357786,False,False,-1
2471,Продовольствие,0.45355032279403273,False,False,-1
2471,Транспорт,0.09830295916350063,False,False,-1
2472,Все категории,0.45769115147728734,False,False,-1
2472,Здоровье,0.06592301160693032,False,False,-1
2472,Маркетплейсы,0.0,False,False,1
2472,Общественное питание,0.08567976208913974,False,False,-1
2472,Продовольствие,0.7357778846748685,False,True,-1
2472,Транспорт,0.1158947402887898,False,False,-1
2473,Все категории,0.4790355596138569,False,False,-1
2473,Здоровье,0.8771200830901598,False,True,-1
2473,Маркетплейсы,0.8116174855564239,False,True,-1
2473,Общественное питание,0.5280707107568481,False,False,-1
2473,Продовольствие,0.6126228077369882,False,False,-1
2473,Транспорт,0.47255451115978486,False,False,-1
2474,Все категории,0.33596501755073843,False,False,-1
2474,Здоровье,0.2638886299489266,False,False,-1
2474,Маркетплейсы,0.44097622348216425,False,False,-1
2474,Общественное питание,0.2840462558212035,False,False,-1
2474,Продовольствие,0.5503391768961486,False,False,-1
2474,Транспорт,0.22566879460560746,False,False,-1
2475,Все категории,0.5564300179488126,False,False,-1
2475,Здоровье,0.2252793673757415,False,False,-1
2475,Маркетплейсы,0.4102787928914663,False,False,-1
2475,Общественное питание,0.0,False,False,1
2475,Продовольствие,0.7760230982889731,False,True,-1
2475,Транспорт,0.47313208565037324,False,False,-1
2476,Все категории,0.36097446096852637,False,False,-1
2476,Здоровье,0.6264488126851472,False,False,-1
2476,Маркетплейсы,0.0,False,False,1
2476,Общественное питание,0.4189546782976986,False,False,-1
2476,Продовольствие,0.8396466462799134,False,True,-1
2476,Транспорт,0.0,False,False,1
2477,Все категории,0.421788180319341,False,False,-1
2477,Здоровье,0.9307660367591745,False,True,-1
2477,Маркетплейсы,0.04156352122653581,False,False,-1
2477,Общественное питание,0.4362343627766571,False,False,-1
2477,Продовольствие,0.6911366166975312,False,False,-1
2477,Транспорт,0.3846592241105685,False,False,-1
2478,Все категории,0.33604653587284283,False,False,-1
2478,Здоровье,0.3402493883799744,False,False,-1
2478,Маркетплейсы,0.018451067835661986,False,False,-1
2478,Общественное питание,0.33591725521964194,False,False,-1
2478,Продовольствие,0.3122865552257944,False,False,-1
2478,Транспорт,0.05576191370775663,False,False,-1
2479,Все категории,0.6034004910240771,False,False,-1
2479,Здоровье,0.3051414304863864,False,False,-1
2479,Маркетплейсы,0.0,False,False,1
2479,Общественное питание,0.4916030955583095,False,False,-1
2479,Продовольствие,0.6876499981578656,False,False,-1
2479,Транспорт,0.14245305731168695,False,False,-1
2480,Все категории,0.254721414919714,False,False,-1
2480,Здоровье,0.15317946007938205,False,False,-1
2480,Маркетплейсы,0.3591660892320926,False,False,-1
2480,Общественное питание,0.1596306893861501,False,False,-1
2480,Продовольствие,0.6195707957940686,False,False,-1
2480,Транспорт,0.14988021597655518,False,False,-1
2481,Все категории,0.07311599858414711,False,False,-1
2481,Здоровье,0.03088456496885489,False,False,1
2481,Маркетплейсы,0.3853715993700634,False,False,-1
2481,Общественное питание,0.0,False,False,1
2481,Продовольствие,0.5230070627314369,False,False,-1
2481,Транспорт,0.019495114542477057,False,False,1
2482,Все категории,0.30146912774006984,False,False,-1
2482,Здоровье,0.43476503529356514,False,False,-1
2482,Маркетплейсы,0.8768907644378037,False,True,-1
2482,Общественное питание,0.13135843779038464,False,False,-1
2482,Продовольствие,0.5545054322931112,False,False,-1
2482,Транспорт,0.0,False,False,1
2483,Все категории,0.26479354796931026,False,False,-1
2483,Здоровье,0.16001544511127394,False,False,-1
2483,Маркетплейсы,0.0,False,False,1
2483,Общественное питание,0.3172122865787819,False,False,-1
2483,Продовольствие,0.4248101314056053,False,False,-1
2483,Транспорт,0.18003724758852457,False,False,-1
2484,Все категории,0.22125696826375513,False,False,-1
2484,Здоровье,1.024961880188477,True,True,-1
2484,Маркетплейсы,0.023316472799001287,False,False,-1
2484,Общественное питание,0.14702884063728278,False,False,-1
2484,Продовольствие,0.5713993210554591,False,False,-1
2484,Транспорт,0.004579063012437309,False,False,1
2485,Все категории,0.24604543732410122,False,False,-1
2485,Здоровье,0.36275144164953743,False,False,-1
2485,Маркетплейсы,0.3459388437690703,False,False,-1
2485,Общественное питание,0.26326875395502486,False,False,-1
2485,Продовольствие,0.7175303781968297,False,True,-1
2485,Транспорт,0.551516773391998,False,False,-1
2486,Все категории,0.38925912088977316,False,False,-1
2486,Здоровье,0.3839959002309214,False,False,-1
2486,Маркетплейсы,0.33555281448865426,False,False,-1
2486,Общественное питание,0.18472263645142828,False,False,-1
2486,Продовольствие,0.7228467701589476,False,True,-1
2486,Транспорт,0.4702905311121358,False,False,-1
2487,Все категории,0.32991818382260946,False,False,-1
2487,Здоровье,0.09353553428507577,False,False,-1
2487,Маркетплейсы,0.0,False,False,1
2487,Общественное питание,0.06764843917097488,False,False,-1
2487,Продовольствие,0.47731124579219075,False,False,-1
2487,Транспорт,0.08795051140360466,False,False,-1
2488,Все категории,0.21149934225986894,False,False,-1
2488,Здоровье,0.11324603614575834,False,False,-1
2488,Маркетплейсы,0.6893297421538979,False,False,-1
2488,Общественное питание,0.2614379136942479,False,False,-1
2488,Продовольствие,0.627435721407795,False,False,-1
2488,Транспорт,0.3108610876012711,False,False,-1
2489,Все категории,0.5119065322837909,False,False,-1
2489,Здоровье,0.8409492902568407,False,True,-1
2489,Маркетплейсы,0.0,False,False,1
2489,Общественное питание,0.060911873350006585,False,False,-1
2489,Продовольствие,0.6137704989465684,False,False,-1
2489,Транспорт,0.11877501657610867,False,False,-1
2490,Все категории,0.10377393716625027,False,False,1
2490,Здоровье,0.1913730741474815,False,False,1
2490,Маркетплейсы,0.43212058771035844,False,False,-1
2490,Общественное питание,0.0,False,False,1
2490,Продовольствие,0.4959555860278734,False,False,-1
2490,Транспорт,0.05985698101898426,False,False,1
2491,Все категории,0.4562863699369464,False,False,-1
2491,Здоровье,0.8822517327636404,False,True,-1
2491,Маркетплейсы,0.010297590781372434,False,False,-1
2491,Общественное питание,0.4245074203489042,False,False,-1
2491,Продовольствие,0.4740140657491687,False,False,-1
2491,Транспорт,0.0,False,False,1
2492,Все категории,0.05036374398823748,False,False,-1
2492,Здоровье,0.08634112427654861,False,False,-1
2492,Маркетплейсы,0.0,False,False,1
2492,Общественное питание,0.4590762240929904,False,False,-1
2492,Продовольствие,0.37405420888269486,False,False,-1
2492,Транспорт,0.0,False,False,1
2493,Все категории,0.33060300766308326,False,False,-1
2493,Здоровье,0.05976410163993387,False,False,1
2493,Маркетплейсы,0.28248392941535944,False,False,-1
2493,Общественное питание,0.3592402459543248,False,False,-1
2493,Продовольствие,0.47355250558839945,False,False,-1
2493,Транспорт,0.3128073211641748,False,False,-1
2494,Все категории,0.6874208181778991,False,False,-1
2494,Здоровье,0.3381831224223772,False,False,-1
2494,Маркетплейсы,0.347476196612488,False,False,-1
2494,Общественное питание,0.4131005173223085,False,False,-1
2494,Продовольствие,0.639353538328586,False,False,-1
2494,Транспорт,0.4135240731063062,False,False,-1
2495,Все категории,0.20186404643816347,False,False,-1
2495,Здоровье,0.2992399566389107,False,False,-1
2495,Маркетплейсы,0.03366309559618835,False,False,-1
2495,Общественное питание,0.047014754997845104,False,False,-1
2495,Продовольствие,0.5935893754332077,False,False,-1
2495,Транспорт,0.0,False,False,1
2496,Все категории,0.36185501188758706,False,False,-1
2496,Здоровье,0.07375870005781793,False,False,-1
2496,Маркетплейсы,0.0612855699330722,False,False,-1
2496,Общественное питание,0.0,False,False,1
2496,Продовольствие,0.4392005072129972,False,False,-1
2496,Транспорт,0.4066188611908197,False,False,-1
2497,Все категории,0.3971363762535382,False,False,-1
2497,Здоровье,0.36467248849814615,False,False,-1
2497,Маркетплейсы,0.17934436517114294,False,False,-1
2497,Общественное питание,0.12258939889372553,False,False,-1
2497,Продовольствие,0.5025332784181569,False,False,-1
2497,Транспорт,0.4095269661489561,False,False,-1
2498,Все категории,0.24640850842766038,False,False,-1
2498,Здоровье,0.44355933939985237,False,False,-1
2498,Маркетплейсы,0.023614114639924966,False,False,-1
2498,Общественное питание,0.2512402042024531,False,False,-1
2498,Продовольствие,0.5441391282263133,False,False,-1
2498,Транспорт,0.0855552412988852,False,False,-1
2499,Все категории,0.2392033283108369,False,False,-1
2499,Здоровье,0.40708019766328846,False,False,-1
2499,Маркетплейсы,0.7635982706820976,False,True,-1
2499,Общественное питание,0.0,False,False,1
2499,Продовольствие,0.5285093603612527,False,False,-1
2499,Транспорт,0.08163304995417958,False,False,-1
2500,Все категории,0.5487793059612597,False,False,-1
2500,Здоровье,0.5140694725607875,False,False,-1
2500,Маркетплейсы,0.3218084691910986,False,False,-1
2500,Общественное питание,0.10530015249270247,False,False,-1
2500,Продовольствие,0.6234469305541065,False,False,-1
2500,Транспорт,0.0,False,False,1
2501,Все категории,0.6235055235631751,False,False,-1
2501,Здоровье,0.30316438345911023,False,False,-1
2501,Маркетплейсы,0.014787358061893865,False,False,-1
2501,Общественное питание,0.2783996335064657,False,False,-1
2501,Продовольствие,0.5687536621589897,False,False,-1
2501,Транспорт,0.16866088884027247,False,False,-1
2502,Все категории,0.6075247915935588,False,False,-1
2502,Здоровье,0.5398299025590174,False,False,-1
2502,Маркетплейсы,0.8609698918831186,False,True,-1
2502,Общественное питание,0.35745212095221557,False,False,-1
2502,Продовольствие,0.5685549663647125,False,False,-1
2502,Транспорт,0.36783645709147045,False,False,-1
2503,Все категории,0.46215771073079714,False,False,-1
2503,Здоровье,0.0,False,False,1
2503,Маркетплейсы,0.0,False,False,1
2503,Общественное питание,0.10757258025486677,False,False,-1
2503,Продовольствие,0.5228875808460073,False,False,-1
2503,Транспорт,0.09028033628806789,False,False,-1
2504,Все категории,0.4545207523424276,False,False,-1
2504,Здоровье,0.14182276985220293,False,False,-1
2504,Маркетплейсы,0.06507673486164439,False,False,-1
2504,Общественное питание,0.4572090769290049,False,False,-1
2504,Продовольствие,0.6048831726312242,False,False,-1
2504,Транспорт,0.017356760977153635,False,False,-1
2505,Все категории,0.5261176070445334,False,False,-1
2505,Здоровье,0.028997135107351288,False,False,-1
2505,Маркетплейсы,0.0,False,False,1
2505,Общественное питание,0.29420776391466247,False,False,-1
2505,Продовольствие,0.741342400143956,False,True,-1
2505,Транспорт,0.38637577947178403,False,False,-1
2506,Все категории,0.6004815688070485,False,False,-1
2506,Здоровье,0.7278308118053051,False,True,-1
2506,Маркетплейсы,0.5346785799062864,False,False,-1
2506,Общественное питание,0.6959348515949896,False,False,-1
2506,Продовольствие,0.7841946936732278,False,True,-1
2506,Транспорт,0.14209895296992175,False,False,-1
2507,Все категории,0.3590055688500045,False,False,-1
2507,Здоровье,0.191842377599589,False,False,-1
2507,Маркетплейсы,0.5643670350891603,False,False,-1
2507,Общественное питание,0.06834613403268433,False,False,-1
2507,Продовольствие,0.5957993048068354,False,False,-1
2507,Транспорт,0.029593214915072677,False,False,-1
2508,Все категории,0.5596052712592313,False,False,-1
2508,Здоровье,0.46243670260910785,False,False,-1
2508,Маркетплейсы,0.9207862561204887,False,True,-1
2508,Общественное питание,0.49155595048604006,False,False,-1
2508,Продовольствие,0.6129673223620509,False,False,-1
2508,Транспорт,0.23116733718868876,False,False,-1
2509,Все категории,0.4660565131375799,False,False,-1
2509,Здоровье,0.29508088802514987,False,False,-1
2509,Маркетплейсы,0.5115410008088646,False,False,-1
2509,Общественное питание,0.15214881368103278,False,False,-1
2509,Продовольствие,0.6305104972511929,False,False,-1
2509,Транспорт,0.09295087453638179,False,False,1
2510,Все категории,0.3290847524314344,False,False,-1
2510,Здоровье,0.20241914322522592,False,False,-1
2510,Маркетплейсы,0.4506743511945205,False,False,-1
2510,Общественное питание,0.45540064223656374,False,False,-1
2510,Продовольствие,0.760014490925478,False,True,-1
2510,Транспорт,0.214293290407156,False,False,-1
2511,Все категории,0.3480785016796572,False,False,-1
2511,Здоровье,0.2980404749052956,False,False,-1
2511,Маркетплейсы,0.6603750476795845,False,False,-1
2511,Общественное питание,0.4707050347986962,False,False,-1
2511,Продовольствие,0.4724888178255653,False,False,-1
2511,Транспорт,0.01786312948839476,False,False,-1
2512,Все категории,0.22035172700392675,False,False,-1
2512,Здоровье,0.41014457678429733,False,False,-1
2512,Маркетплейсы,0.10897443339116406,False,False,-1
2512,Общественное питание,0.10170676589917532,False,False,-1
2512,Продовольствие,0.5319572937692051,False,False,-1
2512,Транспорт,0.021912435978452632,False,False,1
2513,Все категории,0.12009336360198727,False,False,-1
2513,Здоровье,0.45377600548584296,False,False,-1
2513,Маркетплейсы,0.13151842053718843,False,False,-1
2513,Общественное питание,0.0,False,False,1
2513,Продовольствие,0.45495974873326805,False,False,-1
2513,Транспорт,0.3452253490094299,False,False,-1
2514,Все категории,0.23071478157243447,False,False,-1
2514,Здоровье,0.36782557115051506,False,False,-1
2514,Маркетплейсы,0.8881840006269993,False,True,-1
2514,Общественное питание,0.18413761901413428,False,False,-1
2514,Продовольствие,0.513702163766211,False,False,-1
2514,Транспорт,0.0911528837437392,False,False,-1
2515,Все категории,0.19273898547235818,False,False,-1
2515,Здоровье,0.24963940213214508,False,False,-1
2515,Маркетплейсы,0.5880719515158749,False,False,-1
2515,Общественное питание,0.0,False,False,1
2515,Продовольствие,0.6237491645682762,False,False,-1
2515,Транспорт,0.031564831213789724,False,False,1
2516,Все категории,0.3784103152852476,False,False,-1
2516,Здоровье,0.0388365486952664,False,False,-1
2516,Маркетплейсы,0.049693804662037364,False,False,-1
2516,Общественное питание,0.37392748544787396,False,False,-1
2516,Продовольствие,0.45978958373023093,False,False,-1
2516,Транспорт,0.43903536544923727,False,False,-1
2517,Все категории,0.3771244101022856,False,False,-1
2517,Здоровье,0.48903746341619225,False,False,-1
2517,Маркетплейсы,0.505544696365702,False,False,-1
2517,Общественное питание,0.02572249183395249,False,False,-1
2517,Продовольствие,0.2672124959037671,False,False,-1
2517,Транспорт,0.006132882074460916,False,False,-1
2518,Все категории,0.651004657975743,False,False,-1
2518,Здоровье,0.007710481900391711,False,False,1
2518,Маркетплейсы,0.3499643250232089,False,False,-1
2518,Общественное питание,0.20682335235198585,False,False,-1
2518,Продовольствие,0.757959036209276,False,True,-1
2518,Транспорт,0.23643524908911845,False,False,-1
2519,Все категории,0.33197880199060276,False,False,-1
2519,Здоровье,0.46361936878797927,False,False,-1
2519,Маркетплейсы,0.0,False,False,1
2519,Общественное питание,0.0657193839175087,False,False,-1
2519,Продовольствие,0.5602351163567189,False,False,-1
2519,Транспорт,0.12721240035014447,False,False,-1
2520,Все категории,0.4016454841693311,False,False,-1
2520,Здоровье,0.5811279187429137,False,False,-1
2520,Маркетплейсы,0.8086738795728838,False,True,-1
2520,Общественное питание,0.20271758099323545,False,False,-1
2520,Продовольствие,0.4754321029692119,False,False,-1
2520,Транспорт,0.03740328243160415,False,False,-1
2521,Все категории,0.2906478931037282,False,False,-1
2521,Здоровье,0.0,False,False,1
2521,Маркетплейсы,0.3856603101783167,False,False,-1
2521,Общественное питание,0.7661320869511998,False,True,-1
2521,Продовольствие,0.5520457968808269,False,False,-1
2521,Транспорт,0.31458702549579154,False,False,-1
2522,Все категории,0.45444311462088494,False,False,-1
2522,Здоровье,0.10992753610439379,False,False,-1
2522,Маркетплейсы,0.07785912224589545,False,False,-1
2522,Общественное питание,0.2857584132558562,False,False,-1
2522,Продовольствие,0.664734233603644,False,False,-1
2522,Транспорт,0.6075994861430981,False,False,-1
2523,Все категории,0.5899467364763723,False,False,-1
2523,Здоровье,0.5219509098682462,False,False,-1
2523,Маркетплейсы,0.9109275299867242,False,True,-1
2523,Общественное питание,0.06739372457723095,False,False,-1
2523,Продовольствие,0.546959964265292,False,False,-1
2523,Транспорт,0.5883764526558123,False,False,-1
2524,Все категории,0.955171339361228,False,True,-1
2524,Здоровье,0.4696149359486885,False,False,-1
2524,Маркетплейсы,0.49748893673446337,False,False,-1
2524,Общественное питание,0.5167087111310208,False,False,-1
2524,Продовольствие,0.48987219755746947,False,False,-1
2524,Транспорт,0.14227498199115496,False,False,-1
2525,Все категории,0.4277241941246648,False,False,-1
2525,Здоровье,0.42226573667304457,False,False,-1
2525,Маркетплейсы,0.9621993604689847,False,True,-1
2525,Общественное питание,0.17363260053359392,False,False,-1
2525,Продовольствие,0.4804504240469344,False,False,-1
2525,Транспорт,0.45596426490067854,False,False,-1
2526,Все категории,0.2134811488887534,False,False,-1
2526,Здоровье,0.45903116970530355,False,False,-1
2526,Маркетплейсы,0.5282970457023065,False,False,-1
2526,Общественное питание,0.472031998407502,False,False,-1
2526,Продовольствие,0.5681894205669785,False,False,-1
2526,Транспорт,0.2905184537042153,False,False,-1
2527,Все категории,0.167790650713016,False,False,-1
2527,Здоровье,0.3746966985062131,False,False,-1
2527,Маркетплейсы,0.275762215625127,False,False,-1
2527,Общественное питание,0.11307711881910548,False,False,-1
2527,Продовольствие,0.534038214682818,False,False,-1
2527,Транспорт,0.0,False,False,1
2528,Все категории,0.3985983145147737,False,False,-1
2528,Здоровье,0.3213500734090844,False,False,-1
2528,Маркетплейсы,0.48676943925479943,False,False,-1
2528,Общественное питание,0.4042853206596847,False,False,-1
2528,Продовольствие,0.5393392483698682,False,False,-1
2528,Транспорт,0.14284953817982274,False,False,-1
2529,Все категории,0.4985166676380316,False,False,-1
2529,Здоровье,0.659452663698944,False,False,-1
2529,Маркетплейсы,0.0,False,False,1
2529,Общественное питание,0.25819256508244665,False,False,-1
2529,Продовольствие,0.6336230396289864,False,False,-1
2529,Транспорт,0.5833038408612454,False,False,-1
2530,Все категории,0.1474315383470785,False,False,-1
2530,Здоровье,0.18104556020888785,False,False,-1
2530,Маркетплейсы,0.33821424988242715,False,False,-1
2530,Общественное питание,0.3699880864377283,False,False,-1
2530,Продовольствие,0.3439723117064621,False,False,-1
2530,Транспорт,0.0,False,False,1
2531,Все категории,0.40217720046742544,False,False,-1
2531,Здоровье,0.19075680445902576,False,False,-1
2531,Маркетплейсы,0.5934895743873051,False,False,-1
2531,Общественное питание,0.2638124708037094,False,False,-1
2531,Продовольствие,0.4871921209359934,False,False,-1
2531,Транспорт,0.6832901933980912,False,False,-1
2532,Все категории,0.46436058374413003,False,False,-1
2532,Здоровье,0.4629451739157787,False,False,-1
2532,Маркетплейсы,0.41478446057449464,False,False,-1
2532,Общественное питание,0.35694573586067047,False,False,-1
2532,Продовольствие,0.6569845449510439,False,False,-1
2532,Транспорт,0.10848187719418073,False,False,-1
2533,Все категории,0.4606184384565142,False,False,-1
2533,Здоровье,0.43293805318232037,False,False,-1
2533,Маркетплейсы,0.5304992459212109,False,False,-1
2533,Общественное питание,0.49542295987689,False,False,-1
2533,Продовольствие,0.6978934456950595,False,False,-1
2533,Транспорт,0.10945413355018371,False,False,1
2534,Все категории,0.17314229168352205,False,False,-1
2534,Здоровье,0.1761445002143108,False,False,-1
2534,Маркетплейсы,0.48110978526055415,False,False,-1
2534,Общественное питание,0.037669344224413204,False,False,-1
2534,Продовольствие,0.5794736332956749,False,False,-1
2534,Транспорт,0.46488956242694335,False,False,-1
2535,Все категории,0.5163308900683738,False,False,-1
2535,Здоровье,0.4609322090929393,False,False,-1
2535,Маркетплейсы,0.7915236627408146,False,True,-1
2535,Общественное питание,0.5487038588346711,False,False,-1
2535,Продовольствие,0.022290664512150477,False,False,1
2535,Транспорт,0.36634631199889994,False,False,-1
2536,Все категории,0.5584211298003071,False,False,-1
2536,Здоровье,0.21970635764948704,False,False,-1
2536,Маркетплейсы,0.07457748171056269,False,False,-1
2536,Общественное питание,0.24303759128241176,False,False,-1
2536,Продовольствие,0.6500527739018765,False,False,-1
2536,Транспорт,0.1258295463685622,False,False,-1
2537,Все категории,0.0,False,False,1
2537,Здоровье,0.0847771905909313,False,False,-1
2537,Маркетплейсы,0.2501850160450323,False,False,-1
2537,Общественное питание,0.8903730421936162,False,True,-1
2537,Продовольствие,0.25878114592466667,False,False,-1
2537,Транспорт,0.545216381666016,False,False,-1
2538,Все категории,0.257970177216274,False,False,-1
2538,Здоровье,0.9794585953365567,False,True,-1
2538,Маркетплейсы,0.44775743912230315,False,False,-1
2538,Общественное питание,0.10650478359639518,False,False,-1
2538,Продовольствие,0.284344750215004,False,False,-1
2538,Транспорт,0.0764148043757523,False,False,1
2539,Все категории,0.8452957056580633,False,True,-1
2539,Здоровье,0.7640810257408355,False,True,-1
2539,Маркетплейсы,0.9113923589010363,False,True,-1
2539,Общественное питание,0.40322743653352666,False,False,-1
2539,Продовольствие,0.1254760074204009,False,False,-1
2539,Транспорт,0.16503384276648744,False,False,-1
2540,Все категории,0.6483479193000298,False,False,-1
2540,Здоровье,0.47766278069982293,False,False,-1
2540,Маркетплейсы,0.3917091658362138,False,False,-1
2540,Общественное питание,0.2547093228494888,False,False,-1
2540,Продовольствие,0.741677276707871,False,True,-1
2540,Транспорт,0.2546868680874185,False,False,-1
2541,Все категории,0.260172678903056,False,False,-1
2541,Здоровье,0.16051666222368002,False,False,-1
2541,Маркетплейсы,0.6196666074232665,False,False,-1
2541,Общественное питание,0.4811166009686577,False,False,-1
2541,Продовольствие,0.7014467093501826,False,True,-1
2541,Транспорт,0.0,False,False,1
2542,Все категории,0.3237929444637645,False,False,-1
2542,Здоровье,0.3675583230027784,False,False,-1
2542,Маркетплейсы,0.0,False,False,1
2542,Общественное питание,0.0,False,False,1
2542,Продовольствие,0.6159342031018014,False,False,-1
2542,Транспорт,0.0,False,False,1
2543,Все категории,0.8357266728594979,False,True,-1
2543,Здоровье,0.9736174110314111,False,True,-1
2543,Маркетплейсы,0.4228846236526975,False,False,-1
2543,Общественное питание,0.41404469613829703,False,False,-1
2543,Продовольствие,0.5267459951561384,False,False,-1
2543,Транспорт,0.12577645475833255,False,False,-1
2544,Все категории,0.4638056967470243,False,False,-1
2544,Здоровье,0.19118294148740966,False,False,-1
2544,Маркетплейсы,0.0,False,False,1
2544,Общественное питание,0.24120244645663025,False,False,-1
2544,Продовольствие,0.8080012413141849,False,True,-1
2544,Транспорт,0.021537486347448842,False,False,-1
2545,Все категории,0.5903679714261679,False,False,-1
2545,Здоровье,0.5396601887215502,False,False,-1
2545,Маркетплейсы,0.0,False,False,1
2545,Общественное питание,0.3468969551255653,False,False,-1
2545,Продовольствие,0.6429283823302847,False,False,-1
2545,Транспорт,0.058822330795059954,False,False,-1
2546,Все категории,0.34565026623694123,False,False,-1
2546,Здоровье,0.5953432575378472,False,False,-1
2546,Маркетплейсы,0.0,False,False,1
2546,Общественное питание,0.06326603369966,False,False,-1
2546,Продовольствие,0.6383279418983995,False,False,-1
2546,Транспорт,0.38644319218829754,False,False,-1
2547,Все категории,0.6282670749755662,False,False,-1
2547,Здоровье,0.03189702651521796,False,False,-1
2547,Маркетплейсы,0.21124232443108898,False,False,-1
2547,Общественное питание,0.6407818479866852,False,False,-1
2547,Продовольствие,0.9239877849868172,False,True,-1
2547,Транспорт,0.030698593212261677,False,False,-1
2548,Все категории,0.20813093877952804,False,False,-1
2548,Здоровье,0.23401025149287075,False,False,-1
2548,Маркетплейсы,0.0,False,False,1
2548,Общественное питание,0.26529514986088565,False,False,-1
2548,Продовольствие,0.39119403266028485,False,False,-1
2548,Транспорт,0.7014267374451624,False,True,-1
2549,Все категории,0.652863515178064,False,False,-1
2549,Здоровье,0.33738056685066253,False,False,-1
2549,Маркетплейсы,0.27961907594740365,False,False,-1
2549,Общественное питание,0.5844512803686941,False,False,-1
2549,Продовольствие,0.617340639496769,False,False,-1
2549,Транспорт,0.336678867081933,False,False,-1
2550,Все категории,0.485672652297958,False,False,-1
2550,Здоровье,0.36212907564927005,False,False,-1
2550,Маркетплейсы,1.2182852146735463,False,True,-1
2550,Общественное питание,0.5172395507527254,False,False,-1
2550,Продовольствие,0.7689349247090707,False,True,-1
2550,Транспорт,0.4103091911472503,False,False,-1
2551,Все категории,0.5090669081682531,False,False,-1
2551,Здоровье,0.619657624287318,False,False,-1
2551,Маркетплейсы,0.32877714879374476,False,False,-1
2551,Общественное питание,0.5512413175221622,False,False,-1
2551,Продовольствие,0.38616384904221374,False,False,-1
2551,Транспорт,0.14287969647318316,False,False,-1
2552,Все категории,0.40313866560679457,False,False,-1
2552,Здоровье,0.44950537807191004,False,False,-1
2552,Маркетплейсы,0.2830419345594657,False,False,-1
2552,Общественное питание,0.0,False,False,1
2552,Продовольствие,0.7512607856729214,False,True,-1
2552,Транспорт,0.2877737172967326,False,False,-1
2553,Все категории,0.4799878696262454,False,False,-1
2553,Здоровье,0.20377342206232818,False,False,-1
2553,Маркетплейсы,0.006719965906992836,False,False,-1
2553,Общественное питание,0.7388148852229186,False,True,-1
2553,Продовольствие,0.7833491415284086,False,True,-1
2553,Транспорт,0.10569656062970173,False,False,-1
2554,Все категории,0.6019944403104123,False,False,-1
2554,Здоровье,0.08218500590884004,False,False,-1
2554,Маркетплейсы,0.21196733497653053,False,False,-1
2554,Общественное питание,0.43681801617839106,False,False,-1
2554,Продовольствие,0.4930492757732228,False,False,-1
2554,Транспорт,0.18354715715676911,False,False,-1
2555,Все категории,0.480858434995571,False,False,-1
2555,Здоровье,0.5146695336383478,False,False,-1
2555,Маркетплейсы,0.7459764594768622,False,True,-1
2555,Общественное питание,0.15613363497804808,False,False,-1
2555,Продовольствие,0.5720133850701887,False,False,-1
2555,Транспорт,0.3354882261332597,False,False,-1
2556,Все категории,0.4219702915326898,False,False,-1
2556,Здоровье,0.9458296485322744,False,True,-1
2556,Маркетплейсы,0.051116633126695205,False,False,-1
2556,Общественное питание,0.3542840868526692,False,False,-1
2556,Продовольствие,0.5442758756260739,False,False,-1
2556,Транспорт,0.0,False,False,1
2557,Все категории,0.1249880690859956,False,False,-1
2557,Здоровье,0.562394415627288,False,False,-1
2557,Маркетплейсы,0.5329143447279294,False,False,-1
2557,Общественное питание,0.3448536780757682,False,False,-1
2557,Продовольствие,0.5093361876981624,False,False,-1
2557,Транспорт,0.0,False,False,1
2558,Все категории,0.48617231856792986,False,False,-1
2558,Здоровье,0.4095497703157633,False,False,-1
2558,Маркетплейсы,1.1061512475014477,False,True,-1
2558,Общественное питание,0.37661143824836735,False,False,-1
2558,Продовольствие,0.5987272515328613,False,False,-1
2558,Транспорт,0.1810970744390148,False,False,-1
2559,Все категории,0.3319567552435445,False,False,-1
2559,Здоровье,0.27135561265933533,False,False,-1
2559,Маркетплейсы,0.7476235784265495,False,True,-1
2559,Общественное питание,0.024839551765348328,False,False,-1
2559,Продовольствие,0.6856271761593979,False,False,-1
2559,Транспорт,0.44837469134613006,False,False,-1
2560,Все категории,0.45953775334759195,False,False,-1
2560,Здоровье,0.10072016779182955,False,False,-1
2560,Маркетплейсы,0.49447875081197556,False,False,-1
2560,Общественное питание,0.2238731582376438,False,False,-1
2560,Продовольствие,0.6018696284484896,False,False,-1
2560,Транспорт,0.42635700985886565,False,False,-1
2561,Все категории,0.4853445393875844,False,False,-1
2561,Здоровье,0.48463439361980387,False,False,-1
2561,Маркетплейсы,1.8106452453930721,False,True,-1
2561,Общественное питание,0.2985226939198887,False,False,-1
2561,Продовольствие,0.6335668247871787,False,False,-1
2561,Транспорт,0.49664139075851954,False,False,-1
2562,Все категории,0.5300211795221768,False,False,-1
2562,Здоровье,0.23741937471440272,False,False,-1
2562,Маркетплейсы,0.559527336796734,False,False,-1
2562,Общественное питание,0.32924624625865057,False,False,-1
2562,Продовольствие,0.5692568615068787,False,False,-1
2562,Транспорт,0.21917774745314272,False,False,-1
2563,Все категории,0.4760604071039325,False,False,-1
2563,Здоровье,0.23020865090948806,False,False,-1
2563,Маркетплейсы,0.5318571093299086,False,False,-1
2563,Общественное питание,0.01951836459272485,False,False,-1
2563,Продовольствие,0.5891624088998917,False,False,-1
2563,Транспорт,0.0801660433968307,False,False,-1
2564,Все категории,0.281114414463881,False,False,-1
2564,Здоровье,0.9344593284740793,False,True,-1
2564,Маркетплейсы,1.1729182405628376,False,True,-1
2564,Общественное питание,0.35102998531919055,False,False,-1
2564,Продовольствие,0.7829709999537234,False,True,-1
2564,Транспорт,0.12782112892760605,False,False,-1
2565,Все категории,0.47781523278428584,False,False,-1
2565,Здоровье,0.22939613875416465,False,False,-1
2565,Маркетплейсы,0.4526512720538397,False,False,-1
2565,Общественное питание,0.0,False,False,1
2565,Продовольствие,0.33913597731622286,False,False,-1
2565,Транспорт,0.0007948904551725172,False,False,-1
2566,Все категории,0.061356507751760284,False,False,-1
2566,Здоровье,0.22816655044632783,False,False,-1
2566,Маркетплейсы,0.0,False,False,1
2566,Общественное питание,0.0,False,False,1
2566,Продовольствие,0.5970922326315731,False,False,-1
2566,Транспорт,0.008344319996362287,False,False,1
2567,Все категории,0.24324158147284825,False,False,-1
2567,Здоровье,0.33127816501692586,False,False,-1
2567,Маркетплейсы,0.0,False,False,1
2567,Общественное питание,0.41564109730712384,False,False,-1
2567,Продовольствие,0.5702190014863762,False,False,-1
2567,Транспорт,0.3730378724134946,False,False,-1
2568,Все категории,0.21936685327606537,False,False,-1
2568,Здоровье,0.2409334201583614,False,False,-1
2568,Маркетплейсы,0.47801885731483007,False,False,-1
2568,Общественное питание,0.15927514343365795,False,False,-1
2568,Продовольствие,0.5747181654705528,False,False,-1
2568,Транспорт,0.2346458190732938,False,False,-1
2569,Все категории,0.5081922982942999,False,False,-1
2569,Здоровье,0.4688777751238522,False,False,-1
2569,Маркетплейсы,0.518052400456695,False,False,-1
2569,Общественное питание,0.2927369409760308,False,False,-1
2569,Продовольствие,0.6827764051290777,False,False,-1
2569,Транспорт,0.3694136137105274,False,False,-1
2570,Все категории,0.26634496317719625,False,False,-1
2570,Здоровье,0.2761314988982546,False,False,-1
2570,Маркетплейсы,0.46966213972548687,False,False,-1
2570,Общественное питание,0.12260820887216825,False,False,-1
2570,Продовольствие,0.43728925200687796,False,False,-1
2570,Транспорт,0.24369256904510322,False,False,-1
2571,Все категории,0.4548166289091383,False,False,-1
2571,Здоровье,0.1607973894055152,False,False,-1
2571,Маркетплейсы,0.3817661196738422,False,False,-1
2571,Общественное питание,0.1070459990930265,False,False,-1
2571,Продовольствие,0.46434230695298007,False,False,-1
2571,Транспорт,0.18552883418510696,False,False,-1
2572,Все категории,0.17525223279582647,False,False,-1
2572,Здоровье,0.6810866220732534,False,False,-1
2572,Маркетплейсы,0.17617019936602032,False,False,-1
2572,Общественное питание,0.3685224836286354,False,False,-1
2572,Продовольствие,0.7374024765956384,False,True,-1
2572,Транспорт,0.18333592952688116,False,False,-1
2573,Все категории,0.35141815157917344,False,False,-1
2573,Здоровье,0.3821674939145423,False,False,-1
2573,Маркетплейсы,0.2888196265151311,False,False,-1
2573,Общественное питание,0.2172560068853303,False,False,-1
2573,Продовольствие,0.563489981196533,False,False,-1
2573,Транспорт,0.045159562324812774,False,False,1
2574,Все категории,0.47201412060777204,False,False,-1
2574,Здоровье,0.4167268769106503,False,False,-1
2574,Маркетплейсы,1.1647953518697094,False,True,-1
2574,Общественное питание,0.4399706449280767,False,False,-1
2574,Продовольствие,0.7260672933441283,False,True,-1
2574,Транспорт,0.006682452019157181,False,False,-1
2575,Все категории,0.44635933917380943,False,False,-1
2575,Здоровье,0.5969471641241939,False,False,-1
2575,Маркетплейсы,0.42636344745597066,False,False,-1
2575,Общественное питание,0.004910206451229485,False,False,-1
2575,Продовольствие,0.5100581070383925,False,False,-1
2575,Транспорт,0.1778005209631438,False,False,-1
2576,Все категории,0.27433149113282496,False,False,-1
2576,Здоровье,0.19446523888720024,False,False,1
2576,Маркетплейсы,0.011023319284238803,False,False,-1
2576,Общественное питание,0.32716797853586543,False,False,-1
2576,Продовольствие,0.509492463740389,False,False,-1
2576,Транспорт,0.0,False,False,1
2577,Все категории,0.5215776141918375,False,False,-1
2577,Здоровье,0.3666107493832293,False,False,-1
2577,Маркетплейсы,0.589928369859703,False,False,-1
2577,Общественное питание,0.6452142669672646,False,False,-1
2577,Продовольствие,0.6349566715207715,False,False,-1
2577,Транспорт,0.07383546342222153,False,False,1
2578,Все категории,0.31473465383176547,False,False,-1
2578,Здоровье,0.4105479054880545,False,False,-1
2578,Маркетплейсы,0.0,False,False,1
2578,Общественное питание,0.023797772018845836,False,False,-1
2578,Продовольствие,0.6651693697085982,False,False,-1
2578,Транспорт,0.4697520608055603,False,False,-1
2579,Все категории,0.463757468402634,False,False,-1
2579,Здоровье,0.46896210911418756,False,False,-1
2579,Маркетплейсы,0.42202737056227646,False,False,-1
2579,Общественное питание,0.17195922866913013,False,False,-1
2579,Продовольствие,0.5622910004088908,False,False,-1
2579,Транспорт,0.7595207918912857,False,True,-1
2580,Все категории,0.40231415126238906,False,False,-1
2580,Здоровье,1.0443501653201122,True,True,-1
2580,Маркетплейсы,0.3375275717315018,False,False,-1
2580,Общественное питание,0.4294101266828674,False,False,-1
2580,Продовольствие,0.6797037144093718,False,False,-1
2580,Транспорт,0.41633146697159407,False,False,-1
2581,Все категории,0.4644562966712975,False,False,-1
2581,Здоровье,0.41698094317404544,False,False,-1
2581,Маркетплейсы,0.0,False,False,1
2581,Общественное питание,0.04108357616070914,False,False,-1
2581,Продовольствие,0.5085844942870653,False,False,-1
2581,Транспорт,0.09381129066130031,False,False,1
2582,Все категории,0.3488620854541269,False,False,-1
2582,Здоровье,0.3868863575870779,False,False,-1
2582,Маркетплейсы,1.324183825621424,False,True,-1
2582,Общественное питание,0.24151844802754407,False,False,-1
2582,Продовольствие,0.3280118615135917,False,False,-1
2582,Транспорт,0.35958121300330015,False,False,-1
2583,Все категории,0.4058345260534563,False,False,-1
2583,Здоровье,0.44121139802459386,False,False,-1
2583,Маркетплейсы,0.0,False,False,1
2583,Общественное питание,0.2568257644071234,False,False,-1
2583,Продовольствие,0.4484188247111395,False,False,-1
2583,Транспорт,0.3057769782723881,False,False,-1
2584,Все категории,0.4413607851887842,False,False,-1
2584,Здоровье,0.08332283602273649,False,False,-1
2584,Маркетплейсы,0.0,False,False,1
2584,Общественное питание,0.3078712840913542,False,False,-1
2584,Продовольствие,0.4933781883986008,False,False,-1
2584,Транспорт,0.3187725971831691,False,False,-1
2585,Все категории,0.36252391736136397,False,False,-1
2585,Здоровье,0.5400288799162299,False,False,-1
2585,Маркетплейсы,0.8226137456612357,False,True,-1
2585,Общественное питание,0.13658280628687153,False,False,-1
2585,Продовольствие,0.5571764830663753,False,False,-1
2585,Транспорт,0.0,False,False,1
2586,Все категории,0.1675736068465111,False,False,1
2586,Здоровье,0.03787235743665969,False,False,-1
2586,Маркетплейсы,0.8112227980083705,False,True,-1
2586,Общественное питание,0.0,False,False,1
2586,Продовольствие,0.15937773868735006,False,False,-1
2586,Транспорт,0.3111452699330305,False,False,1
2587,Все категории,0.3880866665929358,False,False,-1
2587,Здоровье,0.3129216769226065,False,False,-1
2587,Маркетплейсы,0.15020108492989354,False,False,-1
2587,Общественное питание,0.0,False,False,1
2587,Продовольствие,0.7981265759271681,False,True,-1
2587,Транспорт,0.3520477302353856,False,False,-1
2588,Все категории,0.5535478491033047,False,False,-1
2588,Здоровье,0.38918067624061287,False,False,-1
2588,Маркетплейсы,0.21401569461835812,False,False,-1
2588,Общественное питание,0.0,False,False,1
2588,Продовольствие,0.47330381891581264,False,False,-1
2588,Транспорт,0.25131598884038825,False,False,-1
2589,Все категории,0.33731816809893755,False,False,-1
2589,Здоровье,0.3191082459019661,False,False,-1
2589,Маркетплейсы,0.043684245591515986,False,False,-1
2589,Общественное питание,0.1899322588297504,False,False,-1
2589,Продовольствие,0.34278793204040114,False,False,-1
2589,Транспорт,0.009481717160133726,False,False,1
2590,Все категории,0.7898733159244399,False,True,-1
2590,Здоровье,0.4986882748434489,False,False,-1
2590,Маркетплейсы,0.0,False,False,1
2590,Общественное питание,0.17083309203292904,False,False,-1
2590,Продовольствие,0.5428201678663398,False,False,-1
2590,Транспорт,0.2648703619402842,False,False,-1
2591,Все категории,0.6645084452950202,False,False,-1
2591,Здоровье,0.4445996823716232,False,False,-1
2591,Маркетплейсы,0.810393337655634,False,True,-1
2591,Общественное питание,0.23396468390470548,False,False,-1
2591,Продовольствие,0.6761260287748042,False,False,-1
2591,Транспорт,0.8927750391314611,False,True,-1
2592,Все категории,0.4705019152066229,False,False,-1
2592,Здоровье,0.5653262100402097,False,False,-1
2592,Маркетплейсы,0.0,False,False,1
2592,Общественное питание,0.5286560646571246,False,False,-1
2592,Продовольствие,0.6094654300928309,False,False,-1
2592,Транспорт,0.552186712020285,False,False,-1
2593,Все категории,0.4969109643848859,False,False,1
2593,Здоровье,0.6583000794704685,False,False,-1
2593,Маркетплейсы,0.46428584110072224,False,False,-1
2593,Общественное питание,0.6250399180820079,False,False,1
2593,Продовольствие,0.0,False,False,1
2593,Транспорт,0.0,False,False,1
2594,Все категории,0.0,False,False,0
2594,Здоровье,0.0,False,False,0
2594,Маркетплейсы,0.0,False,False,0
2594,Общественное питание,0.0,False,False,0
2594,Продовольствие,0.0,False,False,0
2594,Транспорт,0.0,False,False,0
2595,Все категории,0.17271153791366467,False,False,-1
2595,Здоровье,0.3026356446838494,False,False,1
2595,Маркетплейсы,0.13125222932554878,False,False,-1
2595,Общественное питание,0.33218492531682176,False,False,1
2595,Продовольствие,0.11137025487953248,False,False,-1
2595,Транспорт,0.18550276238747423,False,False,-1
2596,Все категории,0.05098094537183842,False,False,-1
2596,Здоровье,0.8239905308588686,False,True,-1
2596,Маркетплейсы,0.46984985979608707,False,False,-1
2596,Общественное питание,0.39284220890942384,False,False,-1
2596,Продовольствие,0.29995080613468134,False,False,-1
2596,Транспорт,0.48235247924001545,False,False,-1
2597,Все категории,0.5525025978068305,False,False,-1
2597,Здоровье,0.14458374520760403,False,False,-1
2597,Маркетплейсы,0.7086733075374487,False,True,-1
2597,Общественное питание,0.1257006364304576,False,False,-1
2597,Продовольствие,0.0,False,False,1
2597,Транспорт,0.6960289571849089,False,False,-1
2598,Все категории,0.1705098349976149,False,False,-1
2598,Здоровье,0.0,False,False,1
2598,Маркетплейсы,0.8737364520242874,False,True,-1
2598,Общественное питание,0.5119526735954892,False,False,1
2598,Продовольствие,0.06602240943553306,False,False,1
2598,Транспорт,0.23810657766973992,False,False,1
2599,Все категории,0.23559842461865432,False,False,-1
2599,Здоровье,0.5845596948838925,False,False,-1
2599,Маркетплейсы,0.0,False,False,1
2599,Общественное питание,0.09963262667051256,False,False,-1
2599,Продовольствие,0.5545945238296308,False,False,-1
2599,Транспорт,0.28443341682056433,False,False,-1
2600,Все категории,0.7759204239336166,False,True,-1
2600,Здоровье,0.19419754845412168,False,False,-1
2600,Маркетплейсы,0.013935707314734286,False,False,-1
2600,Общественное питание,0.1209801959838725,False,False,-1
2600,Продовольствие,0.7644733693527995,False,True,-1
2600,Транспорт,0.08932485249375194,False,False,-1
2601,Все категории,0.09362540877871414,False,False,1
2601,Здоровье,0.45990264731178,False,False,1
2601,Маркетплейсы,0.3332785650511545,False,False,-1
2601,Общественное питание,0.028770043699433687,False,False,1
2601,Продовольствие,0.34194994127743417,False,False,1
2601,Транспорт,1.18074703134974,True,True,1
2602,Все категории,0.6269656486410173,False,False,-1
2602,Здоровье,0.7824960449779581,False,True,-1
2602,Маркетплейсы,0.5372973581660802,False,False,-1
2602,Общественное питание,0.14042662812911746,False,False,-1
2602,Продовольствие,0.4694429903010281,False,False,-1
2602,Транспорт,0.08901798166740404,False,False,-1
2603,Все категории,0.0,False,False,0
2603,Здоровье,0.0,False,False,0
2603,Маркетплейсы,0.0,False,False,0
2603,Общественное питание,0.0,False,False,0
2603,Продовольствие,0.0,False,False,0
2603,Транспорт,0.0,False,False,0
2604,Все категории,0.625703638294254,False,False,-1
2604,Здоровье,0.2741674583942415,False,False,-1
2604,Маркетплейсы,0.28080088376932305,False,False,-1
2604,Общественное питание,0.3374695713410667,False,False,-1
2604,Продовольствие,0.9315422085551968,False,True,-1
2604,Транспорт,1.01707154593982,True,True,-1
2605,Все категории,0.5632078977292007,False,False,-1
2605,Здоровье,0.21000792334964674,False,False,-1
2605,Маркетплейсы,0.45595683043077684,False,False,-1
2605,Общественное питание,0.0,False,False,1
2605,Продовольствие,0.7019743570085162,False,True,-1
2605,Транспорт,0.4918874234265611,False,False,-1
2606,Все категории,0.047738317967896,False,False,1
2606,Здоровье,0.2338398993027782,False,False,-1
2606,Маркетплейсы,1.226517297639235,True,True,-1
2606,Общественное питание,0.12017186913986427,False,False,-1
2606,Продовольствие,0.40814298112304215,False,False,1
2606,Транспорт,0.3782652313149093,False,False,-1
2607,Все категории,0.16100526312161537,False,False,-1
2607,Здоровье,0.0,False,False,1
2607,Маркетплейсы,0.4492834493193031,False,False,-1
2607,Общественное питание,0.3034762669864298,False,False,-1
2607,Продовольствие,0.5609803822051125,False,False,-1
2607,Транспорт,0.42788977406787576,False,False,-1
2618,Все категории,0.5414632890249204,False,False,-1
2618,Здоровье,0.09728229735192304,False,False,-1
2618,Маркетплейсы,0.660258204143205,False,False,-1
2618,Общественное питание,0.03931039745905082,False,False,1
2618,Продовольствие,0.2664381240190571,False,False,-1
2618,Транспорт,0.5471640370485064,False,False,1
2619,Все категории,0.2809737890903259,False,False,-1
2619,Здоровье,0.3670926882715314,False,False,-1
2619,Маркетплейсы,0.2954404697823382,False,False,-1
2619,Общественное питание,0.0,False,False,1
2619,Продовольствие,0.0,False,False,1
2619,Транспорт,0.16470458992507797,False,False,1
2620,Все категории,0.12926328789206448,False,False,-1
2620,Здоровье,0.0,False,False,1
2620,Маркетплейсы,0.15835029568947015,False,False,-1
2620,Общественное питание,0.11641114709024575,False,False,-1
2620,Продовольствие,0.24309619953201822,False,False,-1
2620,Транспорт,0.08466467266052691,False,False,-1
2621,Все категории,0.33304544255351015,False,False,-1
2621,Здоровье,0.05749303984699437,False,False,1
2621,Маркетплейсы,0.22592163755332473,False,False,-1
2621,Общественное питание,0.5154930683701362,False,False,-1
2621,Продовольствие,0.3388453572935791,False,False,-1
2621,Транспорт,0.18096105983928576,False,False,-1
2644,Все категории,0.48294051857614784,False,False,-1
2644,Здоровье,0.16808140755512996,False,False,-1
2644,Маркетплейсы,0.3709282791042951,False,False,-1
2644,Общественное питание,0.6149424350070273,False,False,-1
2644,Продовольствие,0.609071750801787,False,False,-1
2644,Транспорт,0.1677376140445978,False,False,-1
2646,Все категории,0.4415313636577015,False,False,-1
2646,Здоровье,0.12763556475402585,False,False,-1
2646,Маркетплейсы,0.47338911245422177,False,False,-1
2646,Общественное питание,0.011314265916214414,False,False,-1
2646,Продовольствие,0.45843669726646263,False,False,-1
2646,Транспорт,0.10041861024425136,False,False,-1
2647,Все категории,0.5545121286931782,False,False,-1
2647,Здоровье,0.16656841294279184,False,False,-1
2647,Маркетплейсы,0.9085584269012493,False,True,-1
2647,Общественное питание,0.21520153266826936,False,False,-1
2647,Продовольствие,0.08734352966375733,False,False,-1
2647,Транспорт,0.27475576964458437,False,False,-1
2648,Все категории,0.491442340961566,False,False,-1
2648,Здоровье,0.8630436373731947,False,True,-1
2648,Маркетплейсы,0.0,False,False,1
2648,Общественное питание,0.1871439569766267,False,False,-1
2648,Продовольствие,0.4463957492366114,False,False,-1
2648,Транспорт,0.44164493110975833,False,False,-1
2649,Все категории,0.36923294950162255,False,False,-1
2649,Здоровье,0.6826772359706162,False,False,-1
2649,Маркетплейсы,0.17402424050080056,False,False,-1
2649,Общественное питание,0.0,False,False,1
2649,Продовольствие,0.5325833316642895,False,False,-1
2649,Транспорт,0.09274145461875566,False,False,-1
2651,Все категории,0.4041458179382083,False,False,-1
2651,Здоровье,0.5709889047554018,False,False,-1
2651,Маркетплейсы,0.2359382886685093,False,False,-1
2651,Общественное питание,0.0,False,False,1
2651,Продовольствие,0.5976018128351946,False,False,-1
2651,Транспорт,0.2537499507758978,False,False,-1
2652,Все категории,0.3813769862034578,False,False,-1
2652,Здоровье,0.8987621488162196,False,True,-1
2652,Маркетплейсы,0.29531612658943873,False,False,-1
2652,Общественное питание,0.21014916052678323,False,False,-1
2652,Продовольствие,0.5009375519958801,False,False,-1
2652,Транспорт,0.3533429838529982,False,False,-1
2710,Все категории,0.37503377961609075,False,False,-1
2710,Здоровье,0.5618781466872405,False,False,-1
2710,Маркетплейсы,0.764585723308288,False,True,-1
2710,Общественное питание,0.8632913044052849,False,True,-1
2710,Продовольствие,0.6138908062865024,False,False,-1
2710,Транспорт,0.23731819639547985,False,False,-1
2808,Все категории,0.2668430058269777,False,False,-1
2808,Здоровье,0.2903233486662067,False,False,-1
2808,Маркетплейсы,0.243851574810587,False,False,-1
2808,Общественное питание,0.0,False,False,1
2808,Продовольствие,0.4817505120407385,False,False,-1
2808,Транспорт,0.24958436639457549,False,False,-1
2809,Все категории,0.23159067638794462,False,False,-1
2809,Здоровье,0.0,False,False,1
2809,Маркетплейсы,0.6220605223507177,False,False,-1
2809,Общественное питание,0.0029601666914718106,False,False,-1
2809,Продовольствие,0.12370729537731337,False,False,-1
2809,Транспорт,0.0702896930238622,False,False,-1
2813,Все категории,0.14232217744147388,False,False,-1
2813,Здоровье,0.27354282343244335,False,False,-1
2813,Маркетплейсы,0.0,False,False,1
2813,Общественное питание,0.13522155893590793,False,False,-1
2813,Продовольствие,0.5408389259360731,False,False,-1
2813,Транспорт,1.0276301457873511,True,True,-1
2814,Все категории,0.19032673295097297,False,False,-1
2814,Здоровье,0.39260547426234815,False,False,-1
2814,Маркетплейсы,0.4245534078454346,False,False,-1
2814,Общественное питание,0.0,False,False,1
2814,Продовольствие,0.503428008810206,False,False,-1
2814,Транспорт,0.19838287981632008,False,False,-1
2872,Все категории,0.7450185466763517,False,True,1
2872,Здоровье,0.47092741601447097,False,False,1
2872,Маркетплейсы,0.23639915877335393,False,False,1
2872,Общественное питание,0.5397719379200062,False,False,1
2872,Продовольствие,0.004519115076932298,False,False,1
2872,Транспорт,0.44774712122439353,False,False,1
2876,Все категории,0.7015184966281862,False,True,-1
2876,Здоровье,0.06271495042768205,False,False,-1
2876,Маркетплейсы,0.8827112630957731,False,True,-1
2876,Общественное питание,0.14256594579102275,False,False,-1
2876,Продовольствие,0.4401089835838493,False,False,-1
2876,Транспорт,0.27179409512308844,False,False,-1
2879,Все категории,0.09856926425262189,False,False,-1
2879,Здоровье,0.1147364148072581,False,False,1
2879,Маркетплейсы,0.29420690901666785,False,False,-1
2879,Общественное питание,0.25831695362498547,False,False,-1
2879,Продовольствие,0.44099024346740634,False,False,-1
2879,Транспорт,0.17723753381469623,False,False,-1
2880,Все категории,0.06094268012814928,False,False,-1
2880,Здоровье,0.47700443413563975,False,False,-1
2880,Маркетплейсы,0.09518754431618912,False,False,-1
2880,Общественное питание,0.25276277102269845,False,False,-1
2880,Продовольствие,0.034412036882064734,False,False,1
2880,Транспорт,0.20858291276707225,False,False,-1
2881,Все категории,0.6742330916354125,False,False,-1
2881,Здоровье,0.30160293572420005,False,False,-1
2881,Маркетплейсы,0.8281955315513335,False,True,-1
2881,Общественное питание,0.45492900270963355,False,False,-1
2881,Продовольствие,0.10522611786444092,False,False,-1
2881,Транспорт,0.19389859885231764,False,False,-1
2882,Все категории,0.0,False,False,1
2882,Здоровье,0.023241453683085223,False,False,-1
2882,Маркетплейсы,0.5614517302002893,False,False,-1
2882,Общественное питание,0.13989458456735945,False,False,-1
2882,Продовольствие,0.5516569085352252,False,False,-1
2882,Транспорт,0.0,False,False,1
2883,Все категории,0.586835412995365,False,False,-1
2883,Здоровье,0.320503417429806,False,False,-1
2883,Маркетплейсы,0.0,False,False,1
2883,Общественное питание,0.07549694751948455,False,False,-1
2883,Продовольствие,0.642672546050605,False,False,-1
2883,Транспорт,0.20281930629058625,False,False,-1
2884,Все категории,0.2436108519303568,False,False,-1
2884,Здоровье,0.0208354771592415,False,False,-1
2884,Маркетплейсы,0.754328120637607,False,True,-1
2884,Общественное питание,0.30895525455855666,False,False,-1
2884,Продовольствие,0.5672601678889471,False,False,-1
2884,Транспорт,0.06325799040430344,False,False,-1
2885,Все категории,0.19439279217155697,False,False,-1
2885,Здоровье,0.13050451242963243,False,False,-1
2885,Маркетплейсы,0.04698607180490684,False,False,-1
2885,Общественное питание,0.2509451900069529,False,False,-1
2885,Продовольствие,0.3939685203595441,False,False,-1
2885,Транспорт,0.22416171694038112,False,False,-1
2886,Все категории,0.49542579100470396,False,False,-1
2886,Здоровье,0.4300619894210227,False,False,-1
2886,Маркетплейсы,0.19664895650947872,False,False,-1
2886,Общественное питание,0.0,False,False,1
2886,Продовольствие,0.60954864996368,False,False,-1
2886,Транспорт,0.09666904248672983,False,False,-1
2887,Все категории,0.35921041643477103,False,False,-1
2887,Здоровье,0.10299105872445136,False,False,-1
2887,Маркетплейсы,0.7950594580164569,False,True,-1
2887,Общественное питание,0.3495658741301422,False,False,-1
2887,Продовольствие,0.6969904288795921,False,False,-1
2887,Транспорт,0.10889692618154559,False,False,-1
3005,Все категории,0.23955010225009726,False,False,-1
3005,Здоровье,0.49807729296415515,False,False,-1
3005,Маркетплейсы,0.7217795301615796,False,True,-1
3005,Общественное питание,0.3482349667538153,False,False,-1
3005,Продовольствие,0.42666752696987986,False,False,-1
3005,Транспорт,0.3921376831969466,False,False,-1
3007,Все категории,0.020954533877776654,False,False,1
3007,Здоровье,0.3284316767904733,False,False,1
3007,Маркетплейсы,0.17017010405942148,False,False,-1
3007,Общественное питание,0.06929493060572703,False,False,-1
3007,Продовольствие,0.14969205269341623,False,False,1
3007,Транспорт,0.016814017700185632,False,False,1
3008,Все категории,0.0,False,False,0
3008,Здоровье,0.0,False,False,0
3008,Маркетплейсы,0.0,False,False,0
3008,Общественное питание,0.0,False,False,0
3008,Продовольствие,0.0,False,False,0
3008,Транспорт,0.0,False,False,0
3009,Все категории,0.3225843903805521,False,False,-1
3009,Здоровье,0.2166313567320715,False,False,-1
3009,Маркетплейсы,0.7517513499363926,False,True,-1
3009,Общественное питание,0.1150279081328072,False,False,-1
3009,Продовольствие,0.349789273088564,False,False,-1
3009,Транспорт,0.12319035647060184,False,False,1
3010,Все категории,0.0,False,False,0
3010,Здоровье,0.0,False,False,0
3010,Маркетплейсы,0.0,False,False,0
3010,Общественное питание,0.0,False,False,0
3010,Продовольствие,0.0,False,False,0
3010,Транспорт,0.0,False,False,0
3011,Все категории,0.7560001774572377,False,True,-1
3011,Здоровье,0.24902484359548904,False,False,-1
3011,Маркетплейсы,0.14570627966053762,False,False,-1
3011,Общественное питание,0.6387359249259794,False,False,-1
3011,Продовольствие,0.8172881201981838,False,True,-1
3011,Транспорт,0.25554954929902995,False,False,-1
3012,Все категории,0.30598415313700217,False,False,-1
3012,Здоровье,0.18326217009709092,False,False,-1
3012,Маркетплейсы,0.2402446414597414,False,False,-1
3012,Общественное питание,0.05015086722086107,False,False,-1
3012,Продовольствие,0.29475758350732345,False,False,-1
3012,Транспорт,0.45122464404799045,False,False,1
3013,Все категории,0.42970772992673906,False,False,-1
3013,Здоровье,0.928935692761687,False,True,-1
3013,Маркетплейсы,0.12974687792766795,False,False,-1
3013,Общественное питание,0.31101478853030207,False,False,-1
3013,Продовольствие,0.4755919565276959,False,False,-1
3013,Транспорт,0.45862692612191946,False,False,-1
3014,Все категории,0.0,False,False,0
3014,Здоровье,0.0,False,False,0
3014,Маркетплейсы,0.0,False,False,0
3014,Общественное питание,0.0,False,False,0
3014,Продовольствие,0.0,False,False,0
3014,Транспорт,0.0,False,False,0
3101,Все категории,0.0,False,False,0
3101,Здоровье,0.0,False,False,0
3101,Маркетплейсы,0.0,False,False,0
3101,Общественное питание,0.0,False,False,0
3101,Продовольствие,0.0,False,False,0
3101,Транспорт,0.0,False,False,0
