territory_id,municipal_district_name_short,municipal_district_name,region_name,oktmo,year_from,year_to,name_status
1,Майкоп,городской округ город Майкоп,Республика Адыгея,79-701-000-000,2018,9999,official_key_2024
2,Адыгейск,городской округ город Адыгейск,Республика Адыгея,79-703-000-000,2018,9999,official_key_2024
3,Гиагинский,Гиагинский муниципальный район,Республика Адыгея,79-605-000-000,2018,9999,official_key_2024
4,Кошехабльский,Кошехабльский муниципальный район,Республика Адыгея,79-615-000-000,2018,9999,official_key_2024
5,Красногвардейский,Красногвардейский муниципальный район,Республика Адыгея,79-618-000-000,2018,9999,official_key_2024
6,Майкопский,Майкопский муниципальный район,Республика Адыгея,79-622-000-000,2018,9999,official_key_2024
7,Тахтамукайский,Тахтамукайский муниципальный район,Республика Адыгея,79-630-000-000,2018,9999,official_key_2024
8,Теучежский,Теучежский муниципальный район,Республика Адыгея,79-633-000-000,2018,9999,official_key_2024
9,Шовгеновский,Шовгеновский муниципальный район,Республика Адыгея,79-640-000-000,2018,9999,official_key_2024
10,Горно-Алтайск,городской округ город Горно-Алтайск,Республика Алтай,84-701-000-000,2018,9999,official_key_2024
11,Кош-Агачский,Кош-Агачский муниципальный район,Республика Алтай,84-610-000-000,2018,9999,official_key_2024
12,Майминский,Майминский муниципальный район,Республика Алтай,84-615-000-000,2018,9999,official_key_2024
13,Онгудайский,Онгудайский муниципальный район,Республика Алтай,84-620-000-000,2018,9999,official_key_2024
14,Турочакский,Турочакский муниципальный район,Республика Алтай,84-625-000-000,2018,9999,official_key_2024
15,Улаганский,Улаганский муниципальный район,Республика Алтай,84-630-000-000,2018,9999,official_key_2024
16,Усть-Канский,Усть-Канский муниципальный район,Республика Алтай,84-635-000-000,2018,9999,official_key_2024
17,Усть-Коксинский,Усть-Коксинский муниципальный район,Республика Алтай,84-640-000-000,2018,9999,official_key_2024
18,Чемальский,Чемальский муниципальный район,Республика Алтай,84-643-000-000,2018,9999,official_key_2024
19,Чойский,Чойский муниципальный район,Республика Алтай,84-645-000-000,2018,9999,official_key_2024
20,Шебалинский,Шебалинский муниципальный район,Республика Алтай,84-650-000-000,2018,9999,official_key_2024
21,Уфа,городской округ город Уфа,Республика Башкортостан,80-701-000-000,2018,9999,official_key_2024
22,Агидель,городской округ город Агидель,Республика Башкортостан,80-703-000-000,2018,9999,official_key_2024
23,Кумертау,городской округ город Кумертау,Республика Башкортостан,80-723-000-000,2018,9999,official_key_2024
25,Нефтекамск,городской округ город Нефтекамск,Республика Башкортостан,80-727-000-000,2018,9999,official_key_2024
26,Октябрьский,городской округ город Октябрьский,Республика Башкортостан,80-735-000-000,2018,9999,official_key_2024
27,Салават,городской округ город Салават,Республика Башкортостан,80-739-000-000,2018,9999,official_key_2024
28,Сибай,городской округ город Сибай,Республика Башкортостан,80-743-000-000,2018,9999,official_key_2024
29,Стерлитамак,городской округ город Стерлитамак,Республика Башкортостан,80-745-000-000,2018,9999,official_key_2024
30,Абзелиловский,Абзелиловский муниципальный район,Республика Башкортостан,80-601-000-000,2018,9999,official_key_2024
31,Альшеевский,Альшеевский муниципальный район,Республика Башкортостан,80-602-000-000,2018,9999,official_key_2024
32,Архангельский,Архангельский муниципальный район,Республика Башкортостан,80-603-000-000,2018,9999,official_key_2024
33,Аскинский,Аскинский муниципальный район,Республика Башкортостан,80-604-000-000,2018,9999,official_key_2024
34,Аургазинский,Аургазинский муниципальный район,Республика Башкортостан,80-605-000-000,2018,9999,official_key_2024
35,Баймакский,Баймакский муниципальный район,Республика Башкортостан,80-606-000-000,2018,9999,official_key_2024
36,Бакалинский,Бакалинский муниципальный район,Республика Башкортостан,80-607-000-000,2018,9999,official_key_2024
37,Балтачевский,Балтачевский муниципальный район,Республика Башкортостан,80-608-000-000,2018,9999,official_key_2024
38,Белебеевский,Белебеевский муниципальный район,Республика Башкортостан,80-609-000-000,2018,9999,official_key_2024
39,Белокатайский,Белокатайский муниципальный район,Республика Башкортостан,80-610-000-000,2018,9999,official_key_2024
40,Белорецкий,Белорецкий муниципальный район,Республика Башкортостан,80-611-000-000,2018,9999,official_key_2024
41,Бижбулякский,Бижбулякский муниципальный район,Республика Башкортостан,80-612-000-000,2018,9999,official_key_2024
42,Бирский,Бирский муниципальный район,Республика Башкортостан,80-613-000-000,2018,9999,official_key_2024
43,Благоварский,Благоварский муниципальный район,Республика Башкортостан,80-614-000-000,2018,9999,official_key_2024
44,Благовещенский,Благовещенский муниципальный район,Республика Башкортостан,80-615-000-000,2018,9999,official_key_2024
45,Буздякский,Буздякский муниципальный район,Республика Башкортостан,80-617-000-000,2018,9999,official_key_2024
46,Бураевский,Бураевский муниципальный район,Республика Башкортостан,80-618-000-000,2018,9999,official_key_2024
47,Бурзянский,Бурзянский муниципальный район,Республика Башкортостан,80-619-000-000,2018,9999,official_key_2024
48,Гафурийский,Гафурийский муниципальный район,Республика Башкортостан,80-621-000-000,2018,9999,official_key_2024
49,Давлекановский,Давлекановский муниципальный район,Республика Башкортостан,80-622-000-000,2018,9999,official_key_2024
50,Дуванский,Дуванский муниципальный район,Республика Башкортостан,80-623-000-000,2018,9999,official_key_2024
51,Дюртюлинский,Дюртюлинский муниципальный район,Республика Башкортостан,80-624-000-000,2018,9999,official_key_2024
52,Ермекеевский,Ермекеевский муниципальный район,Республика Башкортостан,80-625-000-000,2018,9999,official_key_2024
53,Зианчуринский,Зианчуринский муниципальный район,Республика Башкортостан,80-626-000-000,2018,9999,official_key_2024
54,Зилаирский,Зилаирский муниципальный район,Республика Башкортостан,80-627-000-000,2018,9999,official_key_2024
55,Иглинский,Иглинский муниципальный район,Республика Башкортостан,80-628-000-000,2018,9999,official_key_2024
56,Илишевский,Илишевский муниципальный район,Республика Башкортостан,80-630-000-000,2018,9999,official_key_2024
57,Ишимбайский,Ишимбайский муниципальный район,Республика Башкортостан,80-631-000-000,2018,9999,official_key_2024
58,Калтасинский,Калтасинский муниципальный район,Республика Башкортостан,80-633-000-000,2018,9999,official_key_2024
59,Караидельский,Караидельский муниципальный район,Республика Башкортостан,80-634-000-000,2018,9999,official_key_2024
60,Кармаскалинский,Кармаскалинский муниципальный район,Республика Башкортостан,80-635-000-000,2018,9999,official_key_2024
61,Кигинский,Кигинский муниципальный район,Республика Башкортостан,80-636-000-000,2018,9999,official_key_2024
62,Краснокамский,Краснокамский муниципальный район,Республика Башкортостан,80-637-000-000,2018,9999,official_key_2024
63,Кугарчинский,Кугарчинский муниципальный район,Республика Башкортостан,80-638-000-000,2018,9999,official_key_2024
64,Куюргазинский,Куюргазинский муниципальный район,Республика Башкортостан,80-639-000-000,2018,9999,official_key_2024
65,Кушнаренковский,Кушнаренковский муниципальный район,Республика Башкортостан,80-640-000-000,2018,9999,official_key_2024
66,Мелеузовский,Мелеузовский муниципальный район,Республика Башкортостан,80-641-000-000,2018,9999,official_key_2024
67,Мечетлинский,Мечетлинский муниципальный район,Республика Башкортостан,80-642-000-000,2018,9999,official_key_2024
68,Мишкинский,Мишкинский муниципальный район,Республика Башкортостан,80-643-000-000,2018,9999,official_key_2024
69,Миякинский,Миякинский муниципальный район,Республика Башкортостан,80-644-000-000,2018,9999,official_key_2024
70,Нуримановский,Нуримановский муниципальный район,Республика Башкортостан,80-645-000-000,2018,9999,official_key_2024
71,Салаватский,Салаватский муниципальный район,Республика Башкортостан,80-647-000-000,2018,9999,official_key_2024
72,Стерлибашевский,Стерлибашевский муниципальный район,Республика Башкортостан,80-648-000-000,2018,9999,official_key_2024
73,Стерлитамакский,Стерлитамакский муниципальный район,Республика Башкортостан,80-649-000-000,2018,9999,official_key_2024
74,Татышлинский,Татышлинский муниципальный район,Республика Башкортостан,80-650-000-000,2018,9999,official_key_2024
75,Туймазинский,Туймазинский муниципальный район,Республика Башкортостан,80-651-000-000,2018,9999,official_key_2024
76,Уфимский,Уфимский муниципальный район,Республика Башкортостан,80-652-000-000,2018,9999,official_key_2024
77,Учалинский,Учалинский муниципальный район,Республика Башкортостан,80-653-000-000,2018,9999,official_key_2024
78,Федоровский,Федоровский муниципальный район,Республика Башкортостан,80-654-000-000,2018,9999,official_key_2024
79,Хайбуллинский,Хайбуллинский муниципальный район,Республика Башкортостан,80-655-000-000,2018,9999,official_key_2024
80,Чекмагушевский,Чекмагушевский муниципальный район,Республика Башкортостан,80-656-000-000,2018,9999,official_key_2024
81,Чишминский,Чишминский муниципальный район,Республика Башкортостан,80-657-000-000,2018,9999,official_key_2024
82,Шаранский,Шаранский муниципальный район,Республика Башкортостан,80-658-000-000,2018,9999,official_key_2024
83,Янаульский,Янаульский муниципальный район,Республика Башкортостан,80-659-000-000,2018,9999,official_key_2024
85,Северобайкальск,городской округ город Северобайкальск,Республика Бурятия,81-720-000-000,2018,9999,official_key_2024
86,Баргузинский,Баргузинский муниципальный район,Республика Бурятия,81-603-000-000,2018,9999,official_key_2024
87,Баунтовский,Баунтовский эвенкийский муниципальный район,Республика Бурятия,81-606-000-000,2018,9999,official_key_2024
88,Бичурский,Бичурский муниципальный район,Республика Бурятия,81-609-000-000,2018,9999,official_key_2024
89,Джидинский,Джидинский муниципальный район,Республика Бурятия,81-612-000-000,2018,9999,official_key_2024
90,Еравнинский,Еравнинский муниципальный район,Республика Бурятия,81-615-000-000,2018,9999,official_key_2024
91,Заиграевский,Заиграевский муниципальный район,Республика Бурятия,81-618-000-000,2018,9999,official_key_2024
92,Закаменский,Закаменский муниципальный район,Республика Бурятия,81-621-000-000,2018,9999,official_key_2024
93,Иволгинский,Иволгинский муниципальный район,Республика Бурятия,81-622-000-000,2018,9999,official_key_2024
94,Кабанский,Кабанский муниципальный район,Республика Бурятия,81-624-000-000,2018,9999,official_key_2024
95,Кижингинский,Кижингинский муниципальный район,Республика Бурятия,81-627-000-000,2018,9999,official_key_2024
96,Курумканский,Курумканский муниципальный район,Республика Бурятия,81-630-000-000,2018,9999,official_key_2024
97,Кяхтинский,Кяхтинский муниципальный район,Республика Бурятия,81-633-000-000,2018,9999,official_key_2024
98,Муйский,Муйский муниципальный район,Республика Бурятия,81-635-000-000,2018,9999,official_key_2024
99,Мухоршибирский,Мухоршибирский муниципальный район,Республика Бурятия,81-636-000-000,2018,9999,official_key_2024
100,Окинский,Окинский муниципальный район,Республика Бурятия,81-639-000-000,2018,9999,official_key_2024
101,Прибайкальский,Прибайкальский муниципальный район,Республика Бурятия,81-642-000-000,2018,9999,official_key_2024
102,Северо-Байкальский,Северо-Байкальский муниципальный район,Республика Бурятия,81-645-000-000,2018,9999,official_key_2024
103,Селенгинский,Селенгинский муниципальный район,Республика Бурятия,81-648-000-000,2018,9999,official_key_2024
104,Тарбагатайский,Тарбагатайский муниципальный район,Республика Бурятия,81-650-000-000,2018,9999,official_key_2024
105,Тункинский,Тункинский муниципальный район,Республика Бурятия,81-651-000-000,2018,9999,official_key_2024
106,Хоринский,Хоринский муниципальный район,Республика Бурятия,81-657-000-000,2018,9999,official_key_2024
107,Махачкала,городской округ город Махачкала,Республика Дагестан,82-701-000-000,2018,9999,official_key_2024
108,Буйнакск,городской округ город Буйнакск,Республика Дагестан,82-705-000-000,2018,9999,official_key_2024
109,Дагестанские Огни,городской округ город Дагестанские Огни,Республика Дагестан,82-708-000-000,2018,9999,official_key_2024
111,Избербаш,городской округ город Избербаш,Республика Дагестан,82-715-000-000,2018,9999,official_key_2024
113,Кизилюрт,городской округ город Кизилюрт,Республика Дагестан,82-725-000-000,2018,9999,official_key_2024
114,Кизляр,городской округ город Кизляр,Республика Дагестан,82-730-000-000,2018,9999,official_key_2024
116,Южно-Сухокумск,городской округ город Южно-Сухокумск,Республика Дагестан,82-738-000-000,2018,9999,official_key_2024
121,Бабаюртовский,Бабаюртовский муниципальный район,Республика Дагестан,82-607-000-000,2018,9999,official_key_2024
140,Кумторкалинский,Кумторкалинский муниципальный район,Республика Дагестан,82-636-000-000,2018,9999,official_key_2024
142,Новолакский,Новолакский муниципальный район,Республика Дагестан,82-639-000-000,2018,9999,official_key_2024
143,Ногайский,Ногайский муниципальный район,Республика Дагестан,82-640-000-000,2018,9999,official_key_2024
145,Сергокалинский,Сергокалинский муниципальный район,Республика Дагестан,82-644-000-000,2018,9999,official_key_2024
158,Магас,городской округ город Магас,Республика Ингушетия,26-701-000-000,2018,9999,official_key_2024
160,Назрань,городской округ город Назрань,Республика Ингушетия,26-706-000-000,2018,9999,official_key_2024
167,Нальчик,городской округ Нальчик,Кабардино-Балкарская Республика,83-701-000-000,2018,9999,official_key_2024
168,Баксан,городской округ Баксан,Кабардино-Балкарская Республика,83-703-000-000,2018,9999,official_key_2024
169,Прохладный,городской округ Прохладный,Кабардино-Балкарская Республика,83-710-000-000,2018,9999,official_key_2024
172,Лескенский,Лескенский муниципальный район,Кабардино-Балкарская Республика,83-618-000-000,2018,9999,official_key_2024
173,Майский,Майский муниципальный район,Кабардино-Балкарская Республика,83-620-000-000,2018,9999,official_key_2024
174,Прохладненский,Прохладненский муниципальный район,Кабардино-Балкарская Республика,83-625-000-000,2018,9999,official_key_2024
176,Терский,Терский муниципальный район,Кабардино-Балкарская Республика,83-635-000-000,2018,9999,official_key_2024
177,Урванский,Урванский муниципальный район,Кабардино-Балкарская Республика,83-640-000-000,2018,9999,official_key_2024
178,Чегемский,Чегемский муниципальный район,Кабардино-Балкарская Республика,83-645-000-000,2018,9999,official_key_2024
179,Эльбрусский,Эльбрусский муниципальный район,Кабардино-Балкарская Республика,83-648-000-000,2018,9999,official_key_2024
181,Городовиковский,Городовиковский муниципальный район,Республика Калмыкия,85-605-000-000,2018,9999,official_key_2024
183,Кетченеровский,Кетченеровский муниципальный район,Республика Калмыкия,85-625-000-000,2018,9999,official_key_2024
184,Лаганский,Лаганский муниципальный район,Республика Калмыкия,85-615-000-000,2018,9999,official_key_2024
185,Малодербетовский,Малодербетовский муниципальный район,Республика Калмыкия,85-620-000-000,2018,9999,official_key_2024
186,Октябрьский,Октябрьский муниципальный район,Республика Калмыкия,85-623-000-000,2018,9999,official_key_2024
187,Приютненский,Приютненский муниципальный район,Республика Калмыкия,85-628-000-000,2018,9999,official_key_2024
188,Сарпинский,Сарпинский муниципальный район,Республика Калмыкия,85-632-000-000,2018,9999,official_key_2024
189,Целинный,Целинный муниципальный район,Республика Калмыкия,85-637-000-000,2018,9999,official_key_2024
190,Черноземельский,Черноземельский муниципальный район,Республика Калмыкия,85-642-000-000,2018,9999,official_key_2024
191,Юстинский,Юстинский муниципальный район,Республика Калмыкия,85-646-000-000,2018,9999,official_key_2024
192,Яшалтинский,Яшалтинский муниципальный район,Республика Калмыкия,85-650-000-000,2018,9999,official_key_2024
193,Яшкульский,Яшкульский муниципальный район,Республика Калмыкия,85-654-000-000,2018,9999,official_key_2024
194,Черкесский,городской округ Черкесский,Карачаево-Черкесская Республика,91-701-000-000,2018,9999,official_key_2024
195,Карачаевский,городской округ Карачаевский,Карачаево-Черкесская Республика,91-705-000-000,2018,9999,official_key_2024
196,Абазинский,Абазинский муниципальный район,Карачаево-Черкесская Республика,91-601-000-000,2018,9999,official_key_2024
197,Адыге-Хабльский,Адыге-Хабльский муниципальный район,Карачаево-Черкесская Республика,91-603-000-000,2018,9999,official_key_2024
198,Зеленчукский,Зеленчукский муниципальный район,Карачаево-Черкесская Республика,91-610-000-000,2018,9999,official_key_2024
200,Малокарачаевский,Малокарачаевский муниципальный район,Карачаево-Черкесская Республика,91-620-000-000,2018,9999,official_key_2024
201,Ногайский,Ногайский муниципальный район,Карачаево-Черкесская Республика,91-623-000-000,2018,9999,official_key_2024
202,Прикубанский,Прикубанский муниципальный район,Карачаево-Черкесская Республика,91-625-000-000,2018,9999,official_key_2024
203,Урупский,Урупский муниципальный район,Карачаево-Черкесская Республика,91-630-000-000,2018,9999,official_key_2024
204,Усть-Джегутинский,Усть-Джегутинский муниципальный район,Карачаево-Черкесская Республика,91-635-000-000,2018,9999,official_key_2024
205,Хабезский,Хабезский муниципальный район,Карачаево-Черкесская Республика,91-640-000-000,2018,9999,official_key_2024
206,Петрозаводский,городской округ Петрозаводский,Республика Карелия,86-701-000-000,2018,9999,official_key_2024
207,Костомукшский,городской округ Костомукшский,Республика Карелия,86-706-000-000,2018,9999,official_key_2024
208,Беломорский,Беломорский муниципальный округ,Республика Карелия,86-504-000-000,2024,9999,official_key_2024
209,Калевальский,Калевальский муниципальный район,Республика Карелия,86-609-000-000,2018,9999,official_key_2024
210,Кемский,Кемский муниципальный район,Республика Карелия,86-612-000-000,2018,9999,official_key_2024
211,Кондопожский,Кондопожский муниципальный район,Республика Карелия,86-615-000-000,2018,9999,official_key_2024
212,Лахденпохский,Лахденпохский муниципальный район,Республика Карелия,86-618-000-000,2018,9999,official_key_2024
213,Лоухский,Лоухский муниципальный район,Республика Карелия,86-621-000-000,2018,9999,official_key_2024
214,Медвежьегорский,Медвежьегорский муниципальный район,Республика Карелия,86-624-000-000,2018,9999,official_key_2024
215,Муезерский,Муезерский муниципальный район,Республика Карелия,86-627-000-000,2018,9999,official_key_2024
216,Олонецкий,Олонецкий муниципальный район,Республика Карелия,86-630-000-000,2018,9999,official_key_2024
217,Питкярантский,Питкярантский муниципальный округ,Республика Карелия,86-533-000-000,2024,9999,official_key_2024
218,Прионежский,Прионежский муниципальный район,Республика Карелия,86-636-000-000,2018,9999,official_key_2024
219,Пряжинский,Пряжинский муниципальный район,Республика Карелия,86-639-000-000,2018,9999,official_key_2024
220,Пудожский,Пудожский муниципальный район,Республика Карелия,86-642-000-000,2018,9999,official_key_2024
221,Сегежский,Сегежский муниципальный округ,Республика Карелия,86-545-000-000,2024,9999,official_key_2024
222,Сортавальский,Сортавальский муниципальный район,Республика Карелия,86-610-000-000,2018,9999,official_key_2024
223,Суоярвский,Суоярвский муниципальный округ,Республика Карелия,86-550-000-000,2023,9999,official_key_2024
224,Сыктывкар,городской округ Сыктывкар,Республика Коми,87-701-000-000,2018,9999,official_key_2024
225,Воркута,городской округ Воркута,Республика Коми,87-710-000-000,2018,9999,official_key_2024
226,Вуктыл,муниципальный округ Вуктыл,Республика Коми,87-512-000-000,2024,9999,official_key_2024
227,Инта,городской округ Инта,Республика Коми,87-715-000-000,2018,9999,official_key_2024
228,Усинск,муниципальный округ Усинск,Республика Коми,87-523-000-000,2024,9999,official_key_2024
229,Ухта,городской округ Ухта,Республика Коми,87-725-000-000,2018,9999,official_key_2024
230,Ижемский,Ижемский муниципальный район,Республика Коми,87-604-000-000,2018,9999,official_key_2024
231,Княжпогостский,Княжпогостский муниципальный район,Республика Коми,87-608-000-000,2018,9999,official_key_2024
232,Койгородский,Койгородский муниципальный район,Республика Коми,87-612-000-000,2018,9999,official_key_2024
233,Корткеросский,Корткеросский муниципальный район,Республика Коми,87-616-000-000,2018,9999,official_key_2024
234,Печора,муниципальный район Печора,Республика Коми,87-620-000-000,2018,9999,official_key_2024
235,Прилузский,Прилузский муниципальный район,Республика Коми,87-624-000-000,2018,9999,official_key_2024
236,Сосногорск,муниципальный район Сосногорск,Республика Коми,87-626-000-000,2018,9999,official_key_2024
237,Сыктывдинский,Сыктывдинский муниципальный район,Республика Коми,87-628-000-000,2018,9999,official_key_2024
238,Сысольский,Сысольский муниципальный район,Республика Коми,87-632-000-000,2018,9999,official_key_2024
239,Троицко-Печорский,Троицко-Печорский муниципальный район,Республика Коми,87-636-000-000,2018,9999,official_key_2024
240,Удорский,Удорский муниципальный район,Республика Коми,87-640-000-000,2018,9999,official_key_2024
241,Усть-Вымский,Усть-Вымский муниципальный район,Республика Коми,87-644-000-000,2018,9999,official_key_2024
242,Усть-Куломский,Усть-Куломский муниципальный район,Республика Коми,87-648-000-000,2018,9999,official_key_2024
243,Усть-Цилемский,Усть-Цилемский муниципальный район,Республика Коми,87-652-000-000,2018,9999,official_key_2024
269,Йошкар-Ола,городской округ город Йошкар-Ола,Республика Марий Эл,88-701-000-000,2018,9999,official_key_2024
270,Волжск,городской округ город Волжск,Республика Марий Эл,88-705-000-000,2018,9999,official_key_2024
271,Козьмодемьянск,городской округ город Козьмодемьянск,Республика Марий Эл,88-715-000-000,2018,9999,official_key_2024
272,Волжский,Волжский муниципальный район,Республика Марий Эл,88-604-000-000,2018,9999,official_key_2024
273,Горномарийский,Горномарийский муниципальный район,Республика Марий Эл,88-608-000-000,2018,9999,official_key_2024
274,Звениговский,Звениговский муниципальный район,Республика Марий Эл,88-612-000-000,2018,9999,official_key_2024
275,Килемарский,Килемарский муниципальный район,Республика Марий Эл,88-616-000-000,2018,9999,official_key_2024
276,Куженерский,Куженерский муниципальный район,Республика Марий Эл,88-620-000-000,2018,9999,official_key_2024
277,Мари-Турекский,Мари-Турекский муниципальный район,Республика Марий Эл,88-624-000-000,2018,9999,official_key_2024
278,Медведевский,Медведевский муниципальный район,Республика Марий Эл,88-628-000-000,2018,9999,official_key_2024
279,Моркинский,Моркинский муниципальный район,Республика Марий Эл,88-632-000-000,2018,9999,official_key_2024
280,Новоторъяльский,Новоторъяльский муниципальный район,Республика Марий Эл,88-636-000-000,2018,9999,official_key_2024
281,Оршанский,Оршанский муниципальный район,Республика Марий Эл,88-640-000-000,2018,9999,official_key_2024
282,Параньгинский,Параньгинский муниципальный район,Республика Марий Эл,88-644-000-000,2018,9999,official_key_2024
283,Сернурский,Сернурский муниципальный район,Республика Марий Эл,88-648-000-000,2018,9999,official_key_2024
284,Советский,Советский муниципальный район,Республика Марий Эл,88-652-000-000,2018,9999,official_key_2024
285,Юринский,Юринский муниципальный район,Республика Марий Эл,88-656-000-000,2018,9999,official_key_2024
286,Саранск,городской округ Саранск,Республика Мордовия,89-701-000-000,2018,9999,official_key_2024
287,Ардатовский,Ардатовский муниципальный район,Республика Мордовия,89-603-000-000,2018,9999,official_key_2024
288,Атюрьевский,Атюрьевский муниципальный район,Республика Мордовия,89-605-000-000,2018,9999,official_key_2024
289,Атяшевский,Атяшевский муниципальный район,Республика Мордовия,89-607-000-000,2018,9999,official_key_2024
290,Большеберезниковский,Большеберезниковский муниципальный район,Республика Мордовия,89-610-000-000,2018,9999,official_key_2024
291,Большеигнатовский,Большеигнатовский муниципальный район,Республика Мордовия,89-613-000-000,2018,9999,official_key_2024
292,Дубенский,Дубенский муниципальный район,Республика Мордовия,89-616-000-000,2018,9999,official_key_2024
293,Ельниковский,Ельниковский муниципальный район,Республика Мордовия,89-618-000-000,2018,9999,official_key_2024
294,Зубово-Полянский,Зубово-Полянский муниципальный район,Республика Мордовия,89-621-000-000,2018,9999,official_key_2024
295,Инсарский,Инсарский муниципальный район,Республика Мордовия,89-624-000-000,2018,9999,official_key_2024
296,Ичалковский,Ичалковский муниципальный район,Республика Мордовия,89-626-000-000,2018,9999,official_key_2024
297,Кадошкинский,Кадошкинский муниципальный район,Республика Мордовия,89-628-000-000,2018,9999,official_key_2024
298,Ковылкинский,Ковылкинский муниципальный район,Республика Мордовия,89-629-000-000,2018,9999,official_key_2024
299,Кочкуровский,Кочкуровский муниципальный район,Республика Мордовия,89-631-000-000,2018,9999,official_key_2024
300,Краснослободский,Краснослободский муниципальный район,Республика Мордовия,89-634-000-000,2018,9999,official_key_2024
301,Лямбирский,Лямбирский муниципальный район,Республика Мордовия,89-637-000-000,2018,9999,official_key_2024
302,Ромодановский,Ромодановский муниципальный район,Республика Мордовия,89-640-000-000,2018,9999,official_key_2024
303,Рузаевский,Рузаевский муниципальный район,Республика Мордовия,89-643-000-000,2018,9999,official_key_2024
304,Старошайговский,Старошайговский муниципальный район,Республика Мордовия,89-646-000-000,2018,9999,official_key_2024
305,Темниковский,Темниковский муниципальный район,Республика Мордовия,89-649-000-000,2018,9999,official_key_2024
306,Теньгушевский,Теньгушевский муниципальный район,Республика Мордовия,89-651-000-000,2018,9999,official_key_2024
307,Торбеевский,Торбеевский муниципальный район,Республика Мордовия,89-654-000-000,2018,9999,official_key_2024
308,Чамзинский,Чамзинский муниципальный район,Республика Мордовия,89-657-000-000,2018,9999,official_key_2024
309,Якутск,городской округ город Якутск,Республика Саха (Якутия),98-701-000-000,2018,9999,official_key_2024
310,Жатай,городской округ Жатай,Республика Саха (Якутия),98-702-000-000,2018,9999,official_key_2024
311,Абыйский,Абыйский муниципальный район,Республика Саха (Якутия),98-601-000-000,2018,9999,official_key_2024
312,Алданский,Алданский муниципальный район,Республика Саха (Якутия),98-603-000-000,2018,9999,official_key_2024
313,Аллаиховский,Аллаиховский муниципальный район,Республика Саха (Якутия),98-606-000-000,2018,9999,official_key_2024
314,Амгинский,Амгинский муниципальный район,Республика Саха (Якутия),98-608-000-000,2018,9999,official_key_2024
315,Анабарский,Анабарский национальный (долгано-эвенкийский) муниципальный район,Республика Саха (Якутия),98-610-000-000,2018,9999,official_key_2024
316,Булунский,Булунский муниципальный район,Республика Саха (Якутия),98-612-000-000,2018,9999,official_key_2024
317,Верхневилюйский,Верхневилюйский муниципальный район,Республика Саха (Якутия),98-614-000-000,2018,9999,official_key_2024
318,Верхнеколымский,Верхнеколымский муниципальный район,Республика Саха (Якутия),98-615-000-000,2018,9999,official_key_2024
319,Верхоянский,Верхоянский муниципальный район,Республика Саха (Якутия),98-616-000-000,2018,9999,official_key_2024
320,Вилюйский,Вилюйский муниципальный район,Республика Саха (Якутия),98-618-000-000,2018,9999,official_key_2024
321,Горный,Горный муниципальный район,Республика Саха (Якутия),98-620-000-000,2018,9999,official_key_2024
322,Жиганский,Жиганский муниципальный район,Республика Саха (Якутия),98-622-000-000,2018,9999,official_key_2024
323,Кобяйский,Кобяйский муниципальный район,Республика Саха (Якутия),98-624-000-000,2018,9999,official_key_2024
324,Нюрбинский,Нюрбинский муниципальный район,Республика Саха (Якутия),98-626-000-000,2018,9999,official_key_2024
325,Ленский,Ленский муниципальный район,Республика Саха (Якутия),98-627-000-000,2018,9999,official_key_2024
326,Мегино-Кангаласский,Мегино-Кангаласский муниципальный район,Республика Саха (Якутия),98-629-000-000,2018,9999,official_key_2024
327,Мирнинский,Мирнинский муниципальный район,Республика Саха (Якутия),98-631-000-000,2018,9999,official_key_2024
328,Момский,Момский муниципальный район,Республика Саха (Якутия),98-633-000-000,2018,9999,official_key_2024
329,Намский,Намский муниципальный район,Республика Саха (Якутия),98-635-000-000,2018,9999,official_key_2024
330,Нерюнгринский,Нерюнгринский муниципальный район,Республика Саха (Якутия),98-660-000-000,2018,9999,official_key_2024
331,Нижнеколымский,Нижнеколымский муниципальный район,Республика Саха (Якутия),98-637-000-000,2018,9999,official_key_2024
332,Оймяконский,Оймяконский муниципальный район,Республика Саха (Якутия),98-639-000-000,2018,9999,official_key_2024
333,Олекминский,Олекминский муниципальный район,Республика Саха (Якутия),98-641-000-000,2018,9999,official_key_2024
334,Оленекский,Оленекский эвенкийский национальный муниципальный район,Республика Саха (Якутия),98-642-000-000,2018,9999,official_key_2024
335,Среднеколымский,Среднеколымский муниципальный район,Республика Саха (Якутия),98-646-000-000,2018,9999,official_key_2024
336,Сунтарский,Сунтарский муниципальный район,Республика Саха (Якутия),98-648-000-000,2018,9999,official_key_2024
337,Таттинский,Таттинский муниципальный район,Республика Саха (Якутия),98-604-000-000,2018,9999,official_key_2024
338,Томпонский,Томпонский муниципальный район,Республика Саха (Якутия),98-650-000-000,2018,9999,official_key_2024
339,Усть-Алданский,Усть-Алданский муниципальный район,Республика Саха (Якутия),98-652-000-000,2018,9999,official_key_2024
340,Усть-Майский,Усть-Майский муниципальный район,Республика Саха (Якутия),98-654-000-000,2018,9999,official_key_2024
341,Усть-Янский,Усть-Янский муниципальный район,Республика Саха (Якутия),98-656-000-000,2018,9999,official_key_2024
342,Хангаласский,Хангаласский муниципальный район,Республика Саха (Якутия),98-644-000-000,2018,9999,official_key_2024
343,Чурапчинский,Чурапчинский муниципальный район,Республика Саха (Якутия),98-658-000-000,2018,9999,official_key_2024
344,Эвено-Бытантайский,Эвено-Бытантайский национальный муниципальный район,Республика Саха (Якутия),98-659-000-000,2018,9999,official_key_2024
345,Владикавказ,городской округ город Владикавказ,Республика Северная Осетия — Алания,90-701-000-000,2018,9999,official_key_2024
346,Алагирский,Алагирский муниципальный район,Республика Северная Осетия — Алания,90-605-000-000,2018,9999,official_key_2024
347,Ардонский,Ардонский муниципальный район,Республика Северная Осетия — Алания,90-610-000-000,2018,9999,official_key_2024
348,Дигорский,Дигорский муниципальный район,Республика Северная Осетия — Алания,90-615-000-000,2018,9999,official_key_2024
349,Ирафский,Ирафский муниципальный район,Республика Северная Осетия — Алания,90-620-000-000,2018,9999,official_key_2024
350,Кировский,Кировский муниципальный район,Республика Северная Осетия — Алания,90-625-000-000,2018,9999,official_key_2024
351,Моздокский,Моздокский муниципальный район,Республика Северная Осетия — Алания,90-630-000-000,2018,9999,official_key_2024
352,Правобережный,Правобережный муниципальный район,Республика Северная Осетия — Алания,90-635-000-000,2018,9999,official_key_2024
353,Пригородный,Пригородный муниципальный район,Республика Северная Осетия — Алания,90-640-000-000,2018,9999,official_key_2024
354,Казань,городской округ город Казань,Республика Татарстан,92-701-000-000,2018,9999,official_key_2024
355,Набережные Челны,городской округ город Набережные Челны,Республика Татарстан,92-730-000-000,2018,9999,official_key_2024
356,Агрызский,Агрызский муниципальный район,Республика Татарстан,92-601-000-000,2018,9999,official_key_2024
357,Азнакаевский,Азнакаевский муниципальный район,Республика Татарстан,92-602-000-000,2018,9999,official_key_2024
358,Аксубаевский,Аксубаевский муниципальный район,Республика Татарстан,92-604-000-000,2018,9999,official_key_2024
359,Актанышский,Актанышский муниципальный район,Республика Татарстан,92-605-000-000,2018,9999,official_key_2024
360,Алексеевский,Алексеевский муниципальный район,Республика Татарстан,92-606-000-000,2018,9999,official_key_2024
361,Алькеевский,Алькеевский муниципальный район,Республика Татарстан,92-607-000-000,2018,9999,official_key_2024
362,Альметьевский,Альметьевский муниципальный район,Республика Татарстан,92-608-000-000,2018,9999,official_key_2024
363,Апастовский,Апастовский муниципальный район,Республика Татарстан,92-610-000-000,2018,9999,official_key_2024
364,Арский,Арский муниципальный район,Республика Татарстан,92-612-000-000,2018,9999,official_key_2024
365,Атнинский,Атнинский муниципальный район,Республика Татарстан,92-613-000-000,2018,9999,official_key_2024
366,Бавлинский,Бавлинский муниципальный район,Республика Татарстан,92-614-000-000,2018,9999,official_key_2024
367,Балтасинский,Балтасинский муниципальный район,Республика Татарстан,92-615-000-000,2018,9999,official_key_2024
368,Бугульминский,Бугульминский муниципальный район,Республика Татарстан,92-617-000-000,2018,9999,official_key_2024
369,Буинский,Буинский муниципальный район,Республика Татарстан,92-618-000-000,2018,9999,official_key_2024
370,Верхнеуслонский,Верхнеуслонский муниципальный район,Республика Татарстан,92-620-000-000,2018,9999,official_key_2024
371,Высокогорский,Высокогорский муниципальный район,Республика Татарстан,92-622-000-000,2018,9999,official_key_2024
372,Дрожжановский,Дрожжановский муниципальный район,Республика Татарстан,92-624-000-000,2018,9999,official_key_2024
373,Елабужский,Елабужский муниципальный район,Республика Татарстан,92-626-000-000,2018,9999,official_key_2024
374,Заинский,Заинский муниципальный район,Республика Татарстан,92-627-000-000,2018,9999,official_key_2024
375,Зеленодольский,Зеленодольский муниципальный район,Республика Татарстан,92-628-000-000,2018,9999,official_key_2024
376,Кайбицкий,Кайбицкий муниципальный район,Республика Татарстан,92-629-000-000,2018,9999,official_key_2024
377,Камско-Устьинский,Камско-Устьинский муниципальный район,Республика Татарстан,92-630-000-000,2018,9999,official_key_2024
378,Кукморский,Кукморский муниципальный район,Республика Татарстан,92-633-000-000,2018,9999,official_key_2024
379,Лаишевский,Лаишевский муниципальный район,Республика Татарстан,92-634-000-000,2018,9999,official_key_2024
380,Лениногорский,Лениногорский муниципальный район,Республика Татарстан,92-636-000-000,2018,9999,official_key_2024
381,Мамадышский,Мамадышский муниципальный район,Республика Татарстан,92-638-000-000,2018,9999,official_key_2024
382,Менделеевский,Менделеевский муниципальный район,Республика Татарстан,92-639-000-000,2018,9999,official_key_2024
383,Мензелинский,Мензелинский муниципальный район,Республика Татарстан,92-640-000-000,2018,9999,official_key_2024
384,Муслюмовский,Муслюмовский муниципальный район,Республика Татарстан,92-642-000-000,2018,9999,official_key_2024
385,Нижнекамский,Нижнекамский муниципальный район,Республика Татарстан,92-644-000-000,2018,9999,official_key_2024
386,Новошешминский,Новошешминский муниципальный район,Республика Татарстан,92-645-000-000,2018,9999,official_key_2024
387,Нурлатский,Нурлатский муниципальный район,Республика Татарстан,92-646-000-000,2018,9999,official_key_2024
388,Пестречинский,Пестречинский муниципальный район,Республика Татарстан,92-648-000-000,2018,9999,official_key_2024
389,Рыбно-Слободский,Рыбно-Слободский муниципальный район,Республика Татарстан,92-650-000-000,2018,9999,official_key_2024
390,Сабинский,Сабинский муниципальный район,Республика Татарстан,92-652-000-000,2018,9999,official_key_2024
391,Сармановский,Сармановский муниципальный район,Республика Татарстан,92-653-000-000,2018,9999,official_key_2024
392,Спасский,Спасский муниципальный район,Республика Татарстан,92-632-000-000,2018,9999,official_key_2024
393,Тетюшский,Тетюшский муниципальный район,Республика Татарстан,92-655-000-000,2018,9999,official_key_2024
394,Тукаевский,Тукаевский муниципальный район,Республика Татарстан,92-657-000-000,2018,9999,official_key_2024
395,Тюлячинский,Тюлячинский муниципальный район,Республика Татарстан,92-656-000-000,2018,9999,official_key_2024
396,Черемшанский,Черемшанский муниципальный район,Республика Татарстан,92-658-000-000,2018,9999,official_key_2024
397,Чистопольский,Чистопольский муниципальный район,Республика Татарстан,92-659-000-000,2018,9999,official_key_2024
398,Ютазинский,Ютазинский муниципальный район,Республика Татарстан,92-654-000-000,2018,9999,official_key_2024
401,Бай-Тайгинский,Бай-Тайгинский муниципальный район,Республика Тыва,93-605-000-000,2018,9999,official_key_2024
402,Барун-Хемчикский,Барун-Хемчикский муниципальный район,Республика Тыва,93-610-000-000,2018,9999,official_key_2024
403,Дзун-Хемчикский,Дзун-Хемчикский муниципальный район,Республика Тыва,93-615-000-000,2018,9999,official_key_2024
404,Каа-Хемский,Каа-Хемский муниципальный район,Республика Тыва,93-620-000-000,2018,9999,official_key_2024
405,Кызылский,Кызылский муниципальный район,Республика Тыва,93-622-000-000,2018,9999,official_key_2024
406,Монгун-Тайгинский,Монгун-Тайгинский муниципальный район,Республика Тыва,93-625-000-000,2018,9999,official_key_2024
408,Пий-Хемский,Пий-Хемский муниципальный район,Республика Тыва,93-635-000-000,2018,9999,official_key_2024
409,Сут-Хольский,Сут-Хольский муниципальный район,Республика Тыва,93-638-000-000,2018,9999,official_key_2024
410,Тандинский,Тандинский муниципальный район,Республика Тыва,93-640-000-000,2018,9999,official_key_2024
413,Тоджинский,Тоджинский муниципальный район,Республика Тыва,93-650-000-000,2018,9999,official_key_2024
414,Улуг-Хемский,Улуг-Хемский муниципальный район,Республика Тыва,93-654-000-000,2018,9999,official_key_2024
415,Чаа-Хольский,Чаа-Хольский муниципальный район,Республика Тыва,93-656-000-000,2018,9999,official_key_2024
416,Чеди-Хольский,Чеди-Хольский муниципальный район,Республика Тыва,93-657-000-000,2018,9999,official_key_2024
417,Эрзинский,Эрзинский муниципальный район,Республика Тыва,93-658-000-000,2018,9999,official_key_2024
418,Ижевск,городской округ город Ижевск,Удмуртская Республика,94-701-000-000,2018,9999,official_key_2024
419,Воткинск,городской округ город Воткинск,Удмуртская Республика,94-710-000-000,2018,9999,official_key_2024
420,Глазов,городской округ город Глазов,Удмуртская Республика,94-720-000-000,2018,9999,official_key_2024
421,Можга,городской округ город Можга,Удмуртская Республика,94-730-000-000,2018,9999,official_key_2024
422,Сарапул,городской округ город Сарапул,Удмуртская Республика,94-740-000-000,2018,9999,official_key_2024
423,Алнашский,муниципальный округ Алнашский район,Удмуртская Республика,94-502-000-000,2022,9999,official_key_2024
424,Балезинский,муниципальный округ Балезинский район,Удмуртская Республика,94-504-000-000,2022,9999,official_key_2024
425,Вавожский,муниципальный округ Вавожский район,Удмуртская Республика,94-506-000-000,2022,9999,official_key_2024
426,Воткинский,муниципальный округ Воткинский район,Удмуртская Республика,94-508-000-000,2022,9999,official_key_2024
428,Граховский,муниципальный округ Граховский район,Удмуртская Республика,94-512-000-000,2022,9999,official_key_2024
429,Дебёсский,муниципальный округ Дебёсский район,Удмуртская Республика,94-514-000-000,2022,9999,official_key_2024
430,Завьяловский,муниципальный округ Завьяловский район,Удмуртская Республика,94-516-000-000,2022,9999,official_key_2024
431,Игринский,муниципальный округ Игринский район,Удмуртская Республика,94-518-000-000,2022,9999,official_key_2024
432,Камбарский,муниципальный округ Камбарский район,Удмуртская Республика,94-520-000-000,2022,9999,official_key_2024
433,Каракулинский,муниципальный округ Каракулинский район,Удмуртская Республика,94-522-000-000,2022,9999,official_key_2024
434,Кезский,муниципальный округ Кезский район,Удмуртская Республика,94-524-000-000,2022,9999,official_key_2024
435,Кизнерский,муниципальный округ Кизнерский район,Удмуртская Республика,94-526-000-000,2022,9999,official_key_2024
436,Киясовский,муниципальный округ Киясовский район,Удмуртская Республика,94-528-000-000,2022,9999,official_key_2024
437,Красногорский,муниципальный округ Красногорский район,Удмуртская Республика,94-530-000-000,2022,9999,official_key_2024
438,Малопургинский,муниципальный округ Малопургинский район,Удмуртская Республика,94-533-000-000,2022,9999,official_key_2024
439,Можгинский,муниципальный округ Можгинский район,Удмуртская Республика,94-535-000-000,2022,9999,official_key_2024
440,Сарапульский,муниципальный округ Сарапульский район,Удмуртская Республика,94-537-000-000,2022,9999,official_key_2024
441,Селтинский,муниципальный округ Селтинский район,Удмуртская Республика,94-539-000-000,2022,9999,official_key_2024
442,Сюмсинский,муниципальный округ Сюмсинский район,Удмуртская Республика,94-541-000-000,2022,9999,official_key_2024
443,Увинский,муниципальный округ Увинский район,Удмуртская Республика,94-544-000-000,2022,9999,official_key_2024
444,Шарканский,муниципальный округ Шарканский район,Удмуртская Республика,94-546-000-000,2022,9999,official_key_2024
445,Юкаменский,муниципальный округ Юкаменский район,Удмуртская Республика,94-548-000-000,2022,9999,official_key_2024
446,Якшур-Бодьинский,муниципальный округ Якшур-Бодьинский район,Удмуртская Республика,94-550-000-000,2022,9999,official_key_2024
447,Ярский,муниципальный округ Ярский район,Удмуртская Республика,94-552-000-000,2022,9999,official_key_2024
448,Абакан,городской округ город Абакан,Республика Хакасия,95-701-000-000,2018,9999,official_key_2024
449,Абаза,городской округ город Абаза,Республика Хакасия,95-702-000-000,2018,9999,official_key_2024
450,Саяногорск,городской округ город Саяногорск,Республика Хакасия,95-708-000-000,2018,9999,official_key_2024
451,Сорск,городской округ город Сорск,Республика Хакасия,95-709-000-000,2018,9999,official_key_2024
452,Черногорск,городской округ город Черногорск,Республика Хакасия,95-715-000-000,2018,9999,official_key_2024
453,Алтайский,Алтайский муниципальный район,Республика Хакасия,95-605-000-000,2018,9999,official_key_2024
455,Бейский,Бейский муниципальный район,Республика Хакасия,95-612-000-000,2018,9999,official_key_2024
456,Боградский,Боградский муниципальный район,Республика Хакасия,95-615-000-000,2018,9999,official_key_2024
457,Орджоникидзевский,Орджоникидзевский муниципальный район,Республика Хакасия,95-620-000-000,2018,9999,official_key_2024
458,Таштыпский,Таштыпский муниципальный район,Республика Хакасия,95-625-000-000,2018,9999,official_key_2024
459,Усть-Абаканский,Усть-Абаканский муниципальный район,Республика Хакасия,95-630-000-000,2018,9999,official_key_2024
460,Ширинский,Ширинский муниципальный район,Республика Хакасия,95-635-000-000,2018,9999,official_key_2024
461,Грозный,городской округ город Грозный,Чеченская Республика,96-701-000-000,2018,9999,official_key_2024
462,Аргун,городской округ город Аргун,Чеченская Республика,96-702-000-000,2018,9999,official_key_2024
466,Гудермесский,Гудермесский муниципальный район,Чеченская Республика,96-610-000-000,2018,9999,official_key_2024
469,Надтеречный,Надтеречный муниципальный район,Чеченская Республика,96-616-000-000,2018,9999,official_key_2024
474,Урус-Мартановский,Урус-Мартановский муниципальный район,Чеченская Республика,96-634-000-000,2018,9999,official_key_2024
478,Чебоксары,городской округ город Чебоксары,Чувашская Республика,97-701-000-000,2018,9999,official_key_2024
479,Алатырь,городской округ город Алатырь,Чувашская Республика,97-704-000-000,2018,9999,official_key_2024
480,Канаш,городской округ город Канаш,Чувашская Республика,97-707-000-000,2018,9999,official_key_2024
481,Новочебоксарск,городской округ город Новочебоксарск,Чувашская Республика,97-710-000-000,2018,9999,official_key_2024
482,Шумерля,городской округ город Шумерля,Чувашская Республика,97-713-000-000,2018,9999,official_key_2024
483,Алатырский,Алатырский муниципальный округ,Чувашская Республика,97-503-000-000,2023,9999,official_key_2024
484,Аликовский,Аликовский муниципальный округ,Чувашская Республика,97-505-000-000,2023,9999,official_key_2024
485,Батыревский,Батыревский муниципальный округ,Чувашская Республика,97-507-000-000,2023,9999,official_key_2024
486,Вурнарский,Вурнарский муниципальный округ,Чувашская Республика,97-510-000-000,2023,9999,official_key_2024
487,Ибресинский,Ибресинский муниципальный округ,Чувашская Республика,97-513-000-000,2023,9999,official_key_2024
489,Козловский,Козловский муниципальный округ,Чувашская Республика,97-519-000-000,2023,9999,official_key_2024
490,Комсомольский,Комсомольский муниципальный округ,Чувашская Республика,97-521-000-000,2023,9999,official_key_2024
491,Красноармейский,Красноармейский муниципальный округ,Чувашская Республика,97-524-000-000,2022,9999,official_key_2024
492,Красночетайский,Красночетайский муниципальный округ,Чувашская Республика,97-526-000-000,2023,9999,official_key_2024
493,Мариинско-Посадский,Мариинско-Посадский муниципальный округ,Чувашская Республика,97-529-000-000,2023,9999,official_key_2024
494,Моргаушский,Моргаушский муниципальный округ,Чувашская Республика,97-532-000-000,2023,9999,official_key_2024
495,Порецкий,Порецкий муниципальный округ,Чувашская Республика,97-535-000-000,2023,9999,official_key_2024
496,Урмарский,Урмарский муниципальный округ,Чувашская Республика,97-538-000-000,2023,9999,official_key_2024
497,Цивильский,Цивильский муниципальный округ,Чувашская Республика,97-541-000-000,2023,9999,official_key_2024
498,Чебоксарский,Чебоксарский муниципальный округ,Чувашская Республика,97-544-000-000,2023,9999,official_key_2024
499,Шемуршинский,Шемуршинский муниципальный округ,Чувашская Республика,97-547-000-000,2023,9999,official_key_2024
500,Шумерлинский,Шумерлинский муниципальный округ,Чувашская Республика,97-550-000-000,2022,9999,official_key_2024
501,Ядринский,Ядринский муниципальный округ,Чувашская Республика,97-553-000-000,2023,9999,official_key_2024
502,Яльчикский,Яльчикский муниципальный округ,Чувашская Республика,97-555-000-000,2023,9999,official_key_2024
503,Янтиковский,Янтиковский муниципальный округ,Чувашская Республика,97-558-000-000,2023,9999,official_key_2024
504,Барнаул,городской округ город Барнаул,Алтайский край,01-701-000-000,2018,9999,official_key_2024
505,Алейск,городской округ город Алейск,Алтайский край,01-703-000-000,2018,9999,official_key_2024
506,Белокуриха,городской округ город Белокуриха,Алтайский край,01-704-000-000,2018,9999,official_key_2024
507,Бийск,городской округ город Бийск,Алтайский край,01-705-000-000,2018,9999,official_key_2024
508,Заринск,городской округ город Заринск,Алтайский край,01-706-000-000,2018,9999,official_key_2024
509,Новоалтайск,городской округ город Новоалтайск,Алтайский край,01-713-000-000,2018,9999,official_key_2024
510,Рубцовск,городской округ город Рубцовск,Алтайский край,01-716-000-000,2018,9999,official_key_2024
511,Славгород,муниципальный округ город Славгород,Алтайский край,01-539-000-000,2023,9999,official_key_2024
512,Яровое,городской округ город Яровое,Алтайский край,01-730-000-000,2018,9999,official_key_2024
514,Алейский,Алейский муниципальный район,Алтайский край,01-601-000-000,2018,9999,official_key_2024
515,Алтайский,Алтайский муниципальный район,Алтайский край,01-602-000-000,2018,9999,official_key_2024
516,Баевский,Баевский муниципальный район,Алтайский край,01-603-000-000,2018,9999,official_key_2024
517,Бийский,Бийский муниципальный район,Алтайский край,01-604-000-000,2018,9999,official_key_2024
518,Благовещенский,Благовещенский муниципальный район,Алтайский край,01-605-000-000,2018,9999,official_key_2024
519,Бурлинский,Бурлинский муниципальный район,Алтайский край,01-606-000-000,2018,9999,official_key_2024
520,Быстроистокский,Быстроистокский муниципальный район,Алтайский край,01-607-000-000,2018,9999,official_key_2024
521,Волчихинский,Волчихинский муниципальный район,Алтайский край,01-608-000-000,2018,9999,official_key_2024
522,Егорьевский,Егорьевский муниципальный район,Алтайский край,01-609-000-000,2018,9999,official_key_2024
523,Ельцовский,Ельцовский муниципальный район,Алтайский край,01-610-000-000,2018,9999,official_key_2024
524,Завьяловский,Завьяловский муниципальный район,Алтайский край,01-611-000-000,2018,9999,official_key_2024
525,Залесовский,Залесовский муниципальный округ,Алтайский край,01-512-000-000,2022,9999,official_key_2024
526,Заринский,Заринский муниципальный район,Алтайский край,01-613-000-000,2018,9999,official_key_2024
527,Змеиногорский,Змеиногорский муниципальный район,Алтайский край,01-614-000-000,2018,9999,official_key_2024
528,Калманский,Калманский муниципальный район,Алтайский край,01-615-000-000,2018,9999,official_key_2024
529,Каменский,Каменский муниципальный район,Алтайский край,01-616-000-000,2018,9999,official_key_2024
530,Ключевский,Ключевский муниципальный район,Алтайский край,01-617-000-000,2018,9999,official_key_2024
531,Косихинский,Косихинский муниципальный район,Алтайский край,01-618-000-000,2018,9999,official_key_2024
532,Красногорский,Красногорский муниципальный район,Алтайский край,01-619-000-000,2018,9999,official_key_2024
533,Краснощёковский,Краснощёковский муниципальный район,Алтайский край,01-620-000-000,2018,9999,official_key_2024
534,Крутихинский,Крутихинский муниципальный район,Алтайский край,01-621-000-000,2018,9999,official_key_2024
535,Кулундинский,Кулундинский муниципальный район,Алтайский край,01-622-000-000,2018,9999,official_key_2024
536,Курьинский,Курьинский муниципальный район,Алтайский край,01-623-000-000,2018,9999,official_key_2024
537,Кытмановский,Кытмановский муниципальный район,Алтайский край,01-624-000-000,2018,9999,official_key_2024
538,Локтевский,Локтевский муниципальный район,Алтайский край,01-625-000-000,2018,9999,official_key_2024
539,Мамонтовский,Мамонтовский муниципальный район,Алтайский край,01-626-000-000,2018,9999,official_key_2024
540,Михайловский,Михайловский муниципальный район,Алтайский край,01-627-000-000,2018,9999,official_key_2024
541,Новичихинский,Новичихинский муниципальный район,Алтайский край,01-628-000-000,2018,9999,official_key_2024
542,Зональный,Зональный муниципальный район,Алтайский край,01-629-000-000,2018,9999,official_key_2024
543,Павловский,Павловский муниципальный район,Алтайский край,01-630-000-000,2018,9999,official_key_2024
544,Панкрушихинский,Панкрушихинский муниципальный район,Алтайский край,01-631-000-000,2018,9999,official_key_2024
545,Первомайский,Первомайский муниципальный район,Алтайский край,01-632-000-000,2018,9999,official_key_2024
546,Петропавловский,Петропавловский муниципальный район,Алтайский край,01-633-000-000,2018,9999,official_key_2024
547,Поспелихинский,Поспелихинский муниципальный район,Алтайский край,01-634-000-000,2018,9999,official_key_2024
548,Ребрихинский,Ребрихинский муниципальный район,Алтайский край,01-635-000-000,2018,9999,official_key_2024
549,Родинский,Родинский муниципальный район,Алтайский край,01-636-000-000,2018,9999,official_key_2024
550,Романовский,Романовский муниципальный район,Алтайский край,01-637-000-000,2018,9999,official_key_2024
552,Смоленский,Смоленский муниципальный район,Алтайский край,01-640-000-000,2018,9999,official_key_2024
553,Суетский,муниципальный округ Суетский район,Алтайский край,01-541-000-000,2023,9999,official_key_2024
554,Советский,Советский муниципальный район,Алтайский край,01-642-000-000,2018,9999,official_key_2024
555,Солонешенский,Солонешенский муниципальный район,Алтайский край,01-643-000-000,2018,9999,official_key_2024
556,Солтонский,Солтонский муниципальный район,Алтайский край,01-644-000-000,2018,9999,official_key_2024
557,Шелаболихинский,Шелаболихинский муниципальный район,Алтайский край,01-645-000-000,2018,9999,official_key_2024
558,Табунский,Табунский муниципальный район,Алтайский край,01-646-000-000,2018,9999,official_key_2024
559,Тальменский,Тальменский муниципальный район,Алтайский край,01-647-000-000,2018,9999,official_key_2024
560,Тогульский,Тогульский муниципальный район,Алтайский край,01-648-000-000,2018,9999,official_key_2024
561,Топчихинский,Топчихинский муниципальный район,Алтайский край,01-649-000-000,2018,9999,official_key_2024
562,Третьяковский,Третьяковский муниципальный район,Алтайский край,01-650-000-000,2018,9999,official_key_2024
563,Троицкий,Троицкий муниципальный район,Алтайский край,01-651-000-000,2018,9999,official_key_2024
564,Тюменцевский,Тюменцевский муниципальный район,Алтайский край,01-652-000-000,2018,9999,official_key_2024
565,Угловский,Угловский муниципальный район,Алтайский край,01-653-000-000,2018,9999,official_key_2024
566,Усть-Калманский,Усть-Калманский муниципальный район,Алтайский край,01-654-000-000,2018,9999,official_key_2024
567,Усть-Пристанский,Усть-Пристанский муниципальный район,Алтайский край,01-655-000-000,2018,9999,official_key_2024
568,Хабарский,Хабарский муниципальный район,Алтайский край,01-656-000-000,2018,9999,official_key_2024
569,Целинный,Целинный муниципальный район,Алтайский край,01-657-000-000,2018,9999,official_key_2024
570,Чарышский,муниципальный округ Чарышский район,Алтайский край,01-558-000-000,2023,9999,official_key_2024
571,Шипуновский,Шипуновский муниципальный район,Алтайский край,01-659-000-000,2018,9999,official_key_2024
572,Немецкий,Немецкий национальный муниципальный район,Алтайский край,01-660-000-000,2018,9999,official_key_2024
573,Чита,городской округ город Чита,Забайкальский край,76-701-000-000,2018,9999,official_key_2024
574,Петровск-Забайкальский,городской округ город Петровск-Забайкальский,Забайкальский край,76-715-000-000,2018,9999,official_key_2024
576,Акшинский,Акшинский муниципальный район,Забайкальский край,76-603-000-000,2018,9999,official_key_2024
577,Александрово-Заводский,Александрово-Заводский муниципальный район,Забайкальский край,76-604-000-000,2018,9999,official_key_2024
578,Балейский,Балейский муниципальный район,Забайкальский край,76-606-000-000,2018,9999,official_key_2024
579,Борзинский,Борзинский муниципальный район,Забайкальский край,76-609-000-000,2018,9999,official_key_2024
580,Газимуро-Заводский,Газимуро-Заводский муниципальный округ,Забайкальский край,76-510-000-000,2024,9999,official_key_2024
581,Забайкальский,Забайкальский муниципальный район,Забайкальский край,76-612-000-000,2018,9999,official_key_2024
582,Каларский,Каларский муниципальный округ,Забайкальский край,76-515-000-000,2021,9999,official_key_2024
583,Калганский,Калганский муниципальный округ,Забайкальский край,76-518-000-000,2024,9999,official_key_2024
584,Карымский,Карымский муниципальный район,Забайкальский край,76-620-000-000,2018,9999,official_key_2024
585,Краснокаменск и Краснокаменский,муниципальный район Город Краснокаменск и Краснокаменский район,Забайкальский край,76-621-000-000,2018,9999,official_key_2024
586,Красночикойский,Красночикойский муниципальный район,Забайкальский край,76-622-000-000,2018,9999,official_key_2024
587,Кыринский,Кыринский муниципальный район,Забайкальский край,76-624-000-000,2018,9999,official_key_2024
588,Могочинский,Могочинский муниципальный округ,Забайкальский край,76-526-000-000,2024,9999,official_key_2024
589,Нерчинский,Нерчинский муниципальный район,Забайкальский край,76-628-000-000,2018,9999,official_key_2024
590,Нерчинско-Заводский,Нерчинско-Заводский муниципальный район,Забайкальский край,76-630-000-000,2018,9999,official_key_2024
591,Оловяннинский,Оловяннинский муниципальный район,Забайкальский край,76-632-000-000,2018,9999,official_key_2024
592,Ононский,Ононский муниципальный округ,Забайкальский край,76-534-000-000,2024,9999,official_key_2024
593,Петровск-Забайкальский,Петровск-Забайкальский муниципальный район,Забайкальский край,76-636-000-000,2018,9999,official_key_2024
594,Приаргунский,Приаргунский муниципальный округ,Забайкальский край,76-538-000-000,2021,9999,official_key_2024
595,Сретенский,Сретенский муниципальный район,Забайкальский край,76-640-000-000,2018,9999,official_key_2024
597,Тунгокоченский,Тунгокоченский муниципальный район,Забайкальский край,76-644-000-000,2018,9999,official_key_2024
598,Улётовский,Улётовский муниципальный район,Забайкальский край,76-646-000-000,2018,9999,official_key_2024
599,Хилокский,Хилокский муниципальный район,Забайкальский край,76-647-000-000,2018,9999,official_key_2024
600,Чернышевский,Чернышевский муниципальный район,Забайкальский край,76-648-000-000,2018,9999,official_key_2024
601,Читинский,Читинский муниципальный район,Забайкальский край,76-650-000-000,2018,9999,official_key_2024
602,Шелопугинский,Шелопугинский муниципальный район,Забайкальский край,76-652-000-000,2018,9999,official_key_2024
603,Шилкинский,Шилкинский муниципальный район,Забайкальский край,76-654-000-000,2018,9999,official_key_2024
604,Агинское,городской округ поселок Агинское,Забайкальский край,76-702-000-000,2018,9999,official_key_2024
605,Агинский,Агинский муниципальный район,Забайкальский край,76-602-000-000,2018,9999,official_key_2024
606,Дульдургинский,Дульдургинский муниципальный район,Забайкальский край,76-611-000-000,2018,9999,official_key_2024
607,Могойтуйский,Могойтуйский муниципальный район,Забайкальский край,76-625-000-000,2018,9999,official_key_2024
608,Петропавловск-Камчатский,городской округ Петропавловск-Камчатский,Камчатский край,30-701-000-000,2018,9999,official_key_2024
611,Быстринский,Быстринский муниципальный район,Камчатский край,30-604-000-000,2018,9999,official_key_2024
612,Елизовский,Елизовский муниципальный район,Камчатский край,30-607-000-000,2018,9999,official_key_2024
613,Мильковский,Мильковский муниципальный округ,Камчатский край,30-510-000-000,2024,9999,official_key_2024
614,Соболевский,Соболевский муниципальный район,Камчатский край,30-613-000-000,2018,9999,official_key_2024
615,Усть-Большерецкий,Усть-Большерецкий муниципальный район,Камчатский край,30-616-000-000,2018,9999,official_key_2024
616,Усть-Камчатский,Усть-Камчатский муниципальный район,Камчатский край,30-619-000-000,2018,9999,official_key_2024
618,Карагинский,Карагинский муниципальный район,Камчатский край,30-824-000-000,2018,9999,official_key_2024
619,Олюторский,Олюторский муниципальный район,Камчатский край,30-827-000-000,2018,9999,official_key_2024
620,Пенжинский,Пенжинский муниципальный район,Камчатский край,30-829-000-000,2018,9999,official_key_2024
621,Тигильский,Тигильский муниципальный район,Камчатский край,30-832-000-000,2018,9999,official_key_2024
666,Красноярск,городской округ город Красноярск,Красноярский край,04-701-000-000,2018,9999,official_key_2024
667,Ачинск,городской округ город Ачинск,Красноярский край,04-703-000-000,2018,9999,official_key_2024
668,Боготол,городской округ город Боготол,Красноярский край,04-706-000-000,2018,9999,official_key_2024
669,Бородино,городской округ город Бородино,Красноярский край,04-707-000-000,2018,9999,official_key_2024
670,Дивногорск,городской округ город Дивногорск,Красноярский край,04-709-000-000,2018,9999,official_key_2024
671,Енисейск,городской округ город Енисейск,Красноярский край,04-712-000-000,2018,9999,official_key_2024
674,Канск,городской округ город Канск,Красноярский край,04-720-000-000,2018,9999,official_key_2024
675,Лесосибирск,городской округ город Лесосибирск,Красноярский край,04-722-000-000,2018,9999,official_key_2024
676,Минусинск,городской округ город Минусинск,Красноярский край,04-723-000-000,2018,9999,official_key_2024
677,Назарово,городской округ город Назарово,Красноярский край,04-726-000-000,2018,9999,official_key_2024
678,Норильск,городской округ город Норильск,Красноярский край,04-729-000-000,2018,9999,official_key_2024
679,Сосновоборск,городской округ город Сосновоборск,Красноярский край,04-733-000-000,2018,9999,official_key_2024
680,Шарыпово,городской округ город Шарыпово,Красноярский край,04-740-000-000,2018,9999,official_key_2024
681,Кедровый,городской округ поселок Кедровый,Красноярский край,04-775-000-000,2018,9999,official_key_2024
683,Абанский,Абанский муниципальный район,Красноярский край,04-601-000-000,2018,9999,official_key_2024
685,Балахтинский,Балахтинский муниципальный район,Красноярский край,04-604-000-000,2018,9999,official_key_2024
686,Березовский,Березовский муниципальный район,Красноярский край,04-605-000-000,2018,9999,official_key_2024
687,Бирилюсский,Бирилюсский муниципальный район,Красноярский край,04-606-000-000,2018,9999,official_key_2024
688,Боготольский,Боготольский муниципальный район,Красноярский край,04-608-000-000,2018,9999,official_key_2024
689,Богучанский,Богучанский муниципальный район,Красноярский край,04-609-000-000,2018,9999,official_key_2024
690,Большемуртинский,Большемуртинский муниципальный район,Красноярский край,04-610-000-000,2018,9999,official_key_2024
691,Большеулуйский,Большеулуйский муниципальный район,Красноярский край,04-611-000-000,2018,9999,official_key_2024
692,Дзержинский,Дзержинский муниципальный район,Красноярский край,04-613-000-000,2018,9999,official_key_2024
693,Емельяновский,Емельяновский муниципальный район,Красноярский край,04-614-000-000,2018,9999,official_key_2024
694,Енисейский,Енисейский муниципальный район,Красноярский край,04-615-000-000,2018,9999,official_key_2024
695,Ермаковский,Ермаковский муниципальный район,Красноярский край,04-616-000-000,2018,9999,official_key_2024
696,Идринский,Идринский муниципальный район,Красноярский край,04-617-000-000,2018,9999,official_key_2024
697,Иланский,Иланский муниципальный район,Красноярский край,04-618-000-000,2018,9999,official_key_2024
698,Ирбейский,Ирбейский муниципальный район,Красноярский край,04-619-000-000,2018,9999,official_key_2024
699,Казачинский,Казачинский муниципальный район,Красноярский край,04-620-000-000,2018,9999,official_key_2024
700,Канский,Канский муниципальный район,Красноярский край,04-621-000-000,2018,9999,official_key_2024
701,Каратузский,Каратузский муниципальный район,Красноярский край,04-622-000-000,2018,9999,official_key_2024
702,Кежемский,Кежемский муниципальный район,Красноярский край,04-624-000-000,2018,9999,official_key_2024
703,Козульский,Козульский муниципальный район,Красноярский край,04-626-000-000,2018,9999,official_key_2024
704,Краснотуранский,Краснотуранский муниципальный район,Красноярский край,04-628-000-000,2018,9999,official_key_2024
705,Курагинский,Курагинский муниципальный район,Красноярский край,04-630-000-000,2018,9999,official_key_2024
706,Манский,Манский муниципальный район,Красноярский край,04-631-000-000,2018,9999,official_key_2024
708,Мотыгинский,Мотыгинский муниципальный район,Красноярский край,04-635-000-000,2018,9999,official_key_2024
709,Назаровский,Назаровский муниципальный район,Красноярский край,04-637-000-000,2018,9999,official_key_2024
710,Нижнеингашский,Нижнеингашский муниципальный район,Красноярский край,04-639-000-000,2018,9999,official_key_2024
711,Новоселовский,Новоселовский муниципальный район,Красноярский край,04-641-000-000,2018,9999,official_key_2024
712,Партизанский,Партизанский муниципальный район,Красноярский край,04-643-000-000,2018,9999,official_key_2024
713,Пировский,Пировский муниципальный округ,Красноярский край,04-545-000-000,2020,9999,official_key_2024
714,Рыбинский,Рыбинский муниципальный район,Красноярский край,04-647-000-000,2018,9999,official_key_2024
715,Саянский,Саянский муниципальный район,Красноярский край,04-648-000-000,2018,9999,official_key_2024
716,Северо-Енисейский,Северо-Енисейский муниципальный район,Красноярский край,04-649-000-000,2018,9999,official_key_2024
717,Сухобузимский,Сухобузимский муниципальный район,Красноярский край,04-651-000-000,2018,9999,official_key_2024
718,Таймырский Долгано-Ненецкий,Таймырский Долгано-Ненецкий муниципальный район,Красноярский край,04-653-000-000,2018,9999,official_key_2024
719,Тасеевский,Тасеевский муниципальный район,Красноярский край,04-652-000-000,2018,9999,official_key_2024
720,Туруханский,Туруханский муниципальный район,Красноярский край,04-654-000-000,2018,9999,official_key_2024
721,Тюхтетский,Тюхтетский муниципальный округ,Красноярский край,04-555-000-000,2021,9999,official_key_2024
722,Ужурский,Ужурский муниципальный район,Красноярский край,04-656-000-000,2018,9999,official_key_2024
723,Уярский,Уярский муниципальный район,Красноярский край,04-657-000-000,2018,9999,official_key_2024
724,Шарыповский,Шарыповский муниципальный округ,Красноярский край,04-558-000-000,2020,9999,official_key_2024
725,Шушенский,Шушенский муниципальный район,Красноярский край,04-659-000-000,2018,9999,official_key_2024
726,Эвенкийский,Эвенкийский муниципальный район,Красноярский край,04-650-000-000,2018,9999,official_key_2024
727,Пермский,городской округ Пермский,Пермский край,57-701-000-000,2018,9999,official_key_2024
731,Лысьвенский,городской округ Лысьвенский,Пермский край,57-726-000-000,2018,9999,official_key_2024
734,Александровский,муниципальный округ Александровский,Пермский край,57-502-000-000,2020,9999,official_key_2024
735,Бардымский,муниципальный округ Бардымский,Пермский край,57-503-000-000,2021,9999,official_key_2024
736,Березовский,муниципальный округ Березовский,Пермский край,57-506-000-000,2020,9999,official_key_2024
737,Большесосновский,муниципальный округ Большесосновский,Пермский край,57-508-000-000,2022,9999,official_key_2024
738,Верещагинский,городской округ Верещагинский,Пермский край,57-712-000-000,2020,9999,official_key_2024
739,Горнозаводский,городской округ Горнозаводский,Пермский край,57-714-000-000,2019,9999,official_key_2024
741,Добрянский,городской округ Добрянский,Пермский край,57-718-000-000,2020,9999,official_key_2024
742,Еловский,муниципальный округ Еловский,Пермский край,57-518-000-000,2021,9999,official_key_2024
743,Ильинский,городской округ Ильинский,Пермский край,57-759-000-000,2020,9999,official_key_2024
744,Карагайский,муниципальный округ Карагайский,Пермский край,57-522-000-000,2021,9999,official_key_2024
745,Кизел,городской округ город Кизел,Пермский край,57-719-000-000,2019,9999,official_key_2024
746,Кишертский,муниципальный округ Кишертский,Пермский край,57-524-000-000,2021,9999,official_key_2024
747,Красновишерский,городской округ Красновишерский,Пермский край,57-760-000-000,2020,9999,official_key_2024
748,Краснокамский,городской округ Краснокамский,Пермский край,57-720-000-000,2019,9999,official_key_2024
749,Куединский,муниципальный округ Куединский,Пермский край,57-529-000-000,2021,9999,official_key_2024
751,Нытвенский,городской округ Нытвенский,Пермский край,57-727-000-000,2020,9999,official_key_2024
752,Октябрьский,городской округ Октябрьский,Пермский край,57-761-000-000,2020,9999,official_key_2024
753,Ординский,муниципальный округ Ординский,Пермский край,57-538-000-000,2020,9999,official_key_2024
754,Осинский,городской округ Осинский,Пермский край,57-728-000-000,2020,9999,official_key_2024
755,Оханский,городской округ Оханский,Пермский край,57-729-000-000,2019,9999,official_key_2024
756,Очерский,городской округ Очерский,Пермский край,57-762-000-000,2020,9999,official_key_2024
757,Пермский,муниципальный округ Пермский,Пермский край,57-546-000-000,2023,9999,official_key_2024
758,Сивинский,муниципальный округ Сивинский,Пермский край,57-548-000-000,2021,9999,official_key_2024
760,Суксунский,городской округ Суксунский,Пермский край,57-731-000-000,2020,9999,official_key_2024
761,Уинский,муниципальный округ Уинский,Пермский край,57-552-000-000,2020,9999,official_key_2024
763,Чайковский,городской округ Чайковский,Пермский край,57-735-000-000,2019,9999,official_key_2024
764,Частинский,муниципальный округ Частинский,Пермский край,57-555-000-000,2021,9999,official_key_2024
765,Чердынский,городской округ Чердынский,Пермский край,57-756-000-000,2020,9999,official_key_2024
766,Чернушинский,городской округ Чернушинский,Пермский край,57-757-000-000,2020,9999,official_key_2024
767,Чусовской,городской округ Чусовской,Пермский край,57-758-000-000,2020,9999,official_key_2024
769,Гайнский,муниципальный округ Гайнский,Пермский край,57-513-000-000,2020,9999,official_key_2024
770,Косинский,муниципальный округ Косинский,Пермский край,57-525-000-000,2020,9999,official_key_2024
771,Кочевский,муниципальный округ Кочевский,Пермский край,57-526-000-000,2020,9999,official_key_2024
773,Юрлинский,муниципальный округ Юрлинский,Пермский край,57-559-000-000,2020,9999,official_key_2024
774,Юсьвинский,муниципальный округ Юсьвинский,Пермский край,57-560-000-000,2020,9999,official_key_2024
775,Владивостокский,городской округ Владивостокский,Приморский край,05-701-000-000,2018,9999,official_key_2024
776,Арсеньевский,городской округ Арсеньевский,Приморский край,05-703-000-000,2018,9999,official_key_2024
777,Артемовский,городской округ Артемовский,Приморский край,05-705-000-000,2018,9999,official_key_2024
778,Большой Камень,городской округ Большой Камень,Приморский край,05-706-000-000,2018,9999,official_key_2024
779,Дальнегорский,городской округ Дальнегорский,Приморский край,05-707-000-000,2018,9999,official_key_2024
780,Дальнереченский,городской округ Дальнереченский,Приморский край,05-708-000-000,2018,9999,official_key_2024
781,Лесозаводский,городской округ Лесозаводский,Приморский край,05-711-000-000,2018,9999,official_key_2024
782,Находкинский,городской округ Находкинский,Приморский край,05-714-000-000,2018,9999,official_key_2024
783,Партизанский,городской округ Партизанский,Приморский край,05-717-000-000,2018,9999,official_key_2024
784,Спасск-Дальний,городской округ Спасск-Дальний,Приморский край,05-720-000-000,2018,9999,official_key_2024
785,Уссурийский,городской округ Уссурийский,Приморский край,05-723-000-000,2018,9999,official_key_2024
787,Анучинский,Анучинский муниципальный округ,Приморский край,05-502-000-000,2020,9999,official_key_2024
788,Дальнереченский,Дальнереченский муниципальный район,Приморский край,05-607-000-000,2018,9999,official_key_2024
789,Кавалеровский,Кавалеровский муниципальный округ,Приморский край,05-510-000-000,2023,9999,official_key_2024
790,Кировский,Кировский муниципальный район,Приморский край,05-612-000-000,2018,9999,official_key_2024
791,Красноармейский,Красноармейский муниципальный округ,Приморский край,05-514-000-000,2024,9999,official_key_2024
792,Лазовский,Лазовский муниципальный округ,Приморский край,05-517-000-000,2021,9999,official_key_2024
793,Михайловский,Михайловский муниципальный район,Приморский край,05-620-000-000,2018,9999,official_key_2024
794,Надеждинский,Надеждинский муниципальный район,Приморский край,05-623-000-000,2018,9999,official_key_2024
795,Октябрьский,Октябрьский муниципальный округ,Приморский край,05-526-000-000,2021,9999,official_key_2024
796,Ольгинский,Ольгинский муниципальный округ,Приморский край,05-528-000-000,2023,9999,official_key_2024
797,Партизанский,Партизанский муниципальный округ,Приморский край,05-530-000-000,2024,9999,official_key_2024
798,Пограничный,Пограничный муниципальный округ,Приморский край,05-532-000-000,2020,9999,official_key_2024
799,Пожарский,Пожарский муниципальный округ,Приморский край,05-534-000-000,2023,9999,official_key_2024
800,Спасский,Спасский муниципальный район,Приморский край,05-637-000-000,2018,9999,official_key_2024
801,Тернейский,Тернейский муниципальный округ,Приморский край,05-540-000-000,2021,9999,official_key_2024
802,Ханкайский,Ханкайский муниципальный округ,Приморский край,05-546-000-000,2021,9999,official_key_2024
803,Хасанский,Хасанский муниципальный округ,Приморский край,05-548-000-000,2023,9999,official_key_2024
804,Хорольский,Хорольский муниципальный округ,Приморский край,05-550-000-000,2021,9999,official_key_2024
805,Черниговский,Черниговский муниципальный округ,Приморский край,05-553-000-000,2024,9999,official_key_2024
806,Чугуевский,Чугуевский муниципальный округ,Приморский край,05-555-000-000,2020,9999,official_key_2024
807,Шкотовский,Шкотовский муниципальный округ,Приморский край,05-557-000-000,2024,9999,official_key_2024
808,Яковлевский,Яковлевский муниципальный округ,Приморский край,05-559-000-000,2024,9999,official_key_2024
809,Ставрополь,городской округ город Ставрополь,Ставропольский край,07-701-000-000,2018,9999,official_key_2024
810,Благодарненский,Благодарненский муниципальный округ,Ставропольский край,07-510-000-000,2024,9999,official_key_2024
811,Георгиевский,Георгиевский муниципальный округ,Ставропольский край,07-515-000-000,2024,9999,official_key_2024
812,Ессентуки,городской округ город-курорт Ессентуки,Ставропольский край,07-710-000-000,2018,9999,official_key_2024
813,Железноводск,городской округ город-курорт Железноводск,Ставропольский край,07-712-000-000,2018,9999,official_key_2024
814,Изобильненский,Изобильненский муниципальный округ,Ставропольский край,07-520-000-000,2024,9999,official_key_2024
815,Ипатовский,Ипатовский муниципальный округ,Ставропольский край,07-522-000-000,2024,9999,official_key_2024
817,Кировский,Кировский муниципальный округ,Ставропольский край,07-525-000-000,2024,9999,official_key_2024
818,Лермонтов,городской округ город Лермонтов,Ставропольский край,07-718-000-000,2018,9999,official_key_2024
819,Минераловодский,Минераловодский муниципальный округ,Ставропольский край,07-539-000-000,2024,9999,official_key_2024
820,Невинномысск,городской округ город Невинномысск,Ставропольский край,07-724-000-000,2018,9999,official_key_2024
821,Нефтекумский,Нефтекумский муниципальный округ,Ставропольский край,07-541-000-000,2024,9999,official_key_2024
822,Новоалександровский,Новоалександровский муниципальный округ,Ставропольский край,07-543-000-000,2024,9999,official_key_2024
823,Петровский,Петровский муниципальный округ,Ставропольский край,07-546-000-000,2024,9999,official_key_2024
824,Пятигорск,городской округ город-курорт Пятигорск,Ставропольский край,07-727-000-000,2018,9999,official_key_2024
825,Советский,Советский муниципальный округ,Ставропольский край,07-550-000-000,2024,9999,official_key_2024
826,Александровский,Александровский муниципальный округ,Ставропольский край,07-502-000-000,2021,9999,official_key_2024
827,Андроповский,Андроповский муниципальный округ,Ставропольский край,07-503-000-000,2021,9999,official_key_2024
828,Апанасенковский,Апанасенковский муниципальный округ,Ставропольский край,07-505-000-000,2021,9999,official_key_2024
829,Арзгирский,Арзгирский муниципальный округ,Ставропольский край,07-507-000-000,2021,9999,official_key_2024
830,Будённовский,Будённовский муниципальный округ,Ставропольский край,07-512-000-000,2021,9999,official_key_2024
831,Грачёвский,Грачёвский муниципальный округ,Ставропольский край,07-517-000-000,2021,9999,official_key_2024
832,Кочубеевский,Кочубеевский муниципальный округ,Ставропольский край,07-528-000-000,2021,9999,official_key_2024
833,Красногвардейский,Красногвардейский муниципальный округ,Ставропольский край,07-530-000-000,2021,9999,official_key_2024
834,Курский,Курский муниципальный округ,Ставропольский край,07-533-000-000,2021,9999,official_key_2024
835,Левокумский,Левокумский муниципальный округ,Ставропольский край,07-536-000-000,2021,9999,official_key_2024
836,Новоселицкий,Новоселицкий муниципальный округ,Ставропольский край,07-544-000-000,2021,9999,official_key_2024
838,Степновский,Степновский муниципальный округ,Ставропольский край,07-552-000-000,2021,9999,official_key_2024
839,Труновский,Труновский муниципальный округ,Ставропольский край,07-554-000-000,2021,9999,official_key_2024
840,Туркменский,Туркменский муниципальный округ,Ставропольский край,07-556-000-000,2021,9999,official_key_2024
841,Шпаковский,Шпаковский муниципальный округ,Ставропольский край,07-558-000-000,2021,9999,official_key_2024
842,Хабаровск,городской округ город Хабаровск,Хабаровский край,08-701-000-000,2018,9999,official_key_2024
843,Комсомольск-на-Амуре,городской округ город Комсомольск-на-Амуре,Хабаровский край,08-709-000-000,2018,9999,official_key_2024
844,Амурский,Амурский муниципальный район,Хабаровский край,08-603-000-000,2018,9999,official_key_2024
846,Бикинский,Бикинский муниципальный район,Хабаровский край,08-609-000-000,2018,9999,official_key_2024
847,Ванинский,Ванинский муниципальный район,Хабаровский край,08-612-000-000,2018,9999,official_key_2024
848,Верхнебуреинский,Верхнебуреинский муниципальный район,Хабаровский край,08-614-000-000,2018,9999,official_key_2024
849,Вяземский,Вяземский муниципальный район,Хабаровский край,08-617-000-000,2018,9999,official_key_2024
850,Комсомольский,Комсомольский муниципальный район,Хабаровский край,08-620-000-000,2018,9999,official_key_2024
851,Лазо,муниципальный район имени Лазо,Хабаровский край,08-624-000-000,2018,9999,official_key_2024
852,Нанайский,Нанайский муниципальный район,Хабаровский край,08-628-000-000,2018,9999,official_key_2024
853,Николаевский,Николаевский муниципальный район,Хабаровский край,08-631-000-000,2018,9999,official_key_2024
854,Охотский,Охотский муниципальный округ,Хабаровский край,08-534-000-000,2024,9999,official_key_2024
855,Полины Осипенко,муниципальный район имени Полины Осипенко,Хабаровский край,08-637-000-000,2018,9999,official_key_2024
856,Советско-Гаванский,Советско-Гаванский муниципальный район,Хабаровский край,08-642-000-000,2018,9999,official_key_2024
857,Солнечный,Солнечный муниципальный район,Хабаровский край,08-644-000-000,2018,9999,official_key_2024
858,Тугуро-Чумиканский,Тугуро-Чумиканский муниципальный район,Хабаровский край,08-646-000-000,2018,9999,official_key_2024
859,Ульчский,Ульчский муниципальный район,Хабаровский край,08-650-000-000,2018,9999,official_key_2024
860,Хабаровский,Хабаровский муниципальный район,Хабаровский край,08-655-000-000,2018,9999,official_key_2024
862,Белогорск,городской округ город Белогорск,Амурская область,10-710-000-000,2018,9999,official_key_2024
863,Зея,городской округ город Зея,Амурская область,10-712-000-000,2018,9999,official_key_2024
864,Райчихинск,городской округ город Райчихинск,Амурская область,10-720-000-000,2018,9999,official_key_2024
865,Свободный,городской округ город Свободный,Амурская область,10-730-000-000,2018,9999,official_key_2024
866,Тында,городской округ город Тында,Амурская область,10-732-000-000,2018,9999,official_key_2024
867,Шимановск,городской округ город Шимановск,Амурская область,10-740-000-000,2018,9999,official_key_2024
868,Прогресс,городской округ рабочий поселок (поселок городского типа) Прогресс,Амурская область,10-775-000-000,2018,9999,official_key_2024
870,Архаринский,Архаринский муниципальный округ,Амурская область,10-505-000-000,2023,9999,official_key_2024
871,Белогорский,Белогорский муниципальный округ,Амурская область,10-508-000-000,2021,9999,official_key_2024
872,Благовещенский,Благовещенский муниципальный округ,Амурская область,10-511-000-000,2023,9999,official_key_2024
873,Бурейский,Бурейский муниципальный округ,Амурская область,10-515-000-000,2021,9999,official_key_2024
874,Завитинский,Завитинский муниципальный округ,Амурская область,10-521-000-000,2021,9999,official_key_2024
875,Зейский,Зейский муниципальный округ,Амурская область,10-525-000-000,2024,9999,official_key_2024
876,Ивановский,Ивановский муниципальный округ,Амурская область,10-528-000-000,2021,9999,official_key_2024
877,Константиновский,Константиновский муниципальный район,Амурская область,10-630-000-000,2018,9999,official_key_2024
878,Магдагачинский,Магдагачинский муниципальный район,Амурская область,10-631-000-000,2018,9999,official_key_2024
879,Мазановский,Мазановский муниципальный район,Амурская область,10-632-000-000,2018,9999,official_key_2024
880,Михайловский,Михайловский муниципальный район,Амурская область,10-635-000-000,2018,9999,official_key_2024
881,Октябрьский,Октябрьский муниципальный район,Амурская область,10-638-000-000,2018,9999,official_key_2024
882,Ромненский,Ромненский муниципальный округ,Амурская область,10-540-000-000,2021,9999,official_key_2024
883,Свободненский,Свободненский муниципальный район,Амурская область,10-642-000-000,2018,9999,official_key_2024
884,Селемджинский,Селемджинский муниципальный район,Амурская область,10-645-000-000,2018,9999,official_key_2024
885,Серышевский,Серышевский муниципальный округ,Амурская область,10-547-000-000,2023,9999,official_key_2024
886,Сковородинский,Сковородинский муниципальный округ,Амурская область,10-549-000-000,2023,9999,official_key_2024
887,Тамбовский,Тамбовский муниципальный округ,Амурская область,10-551-000-000,2023,9999,official_key_2024
888,Тындинский,Тындинский муниципальный округ,Амурская область,10-554-000-000,2021,9999,official_key_2024
889,Шимановский,Шимановский муниципальный округ,Амурская область,10-555-000-000,2023,9999,official_key_2024
890,Архангельск,городской округ город Архангельск,Архангельская область,11-701-000-000,2018,9999,official_key_2024
891,Коряжма,городской округ город Коряжма,Архангельская область,11-708-000-000,2018,9999,official_key_2024
892,Котлас,городской округ Котлас,Архангельская область,11-710-000-000,2018,9999,official_key_2024
895,Новодвинск,городской округ город Новодвинск,Архангельская область,11-715-000-000,2018,9999,official_key_2024
896,Северодвинск,городской округ Северодвинск,Архангельская область,11-730-000-000,2018,9999,official_key_2024
897,Вельский,Вельский муниципальный район,Архангельская область,11-605-000-000,2018,9999,official_key_2024
898,Верхнетоемский,Верхнетоемский муниципальный округ,Архангельская область,11-508-000-000,2022,9999,official_key_2024
899,Вилегодский,муниципальный округ Вилегодский,Архангельская область,11-511-000-000,2021,9999,official_key_2024
900,Виноградовский,Виноградовский муниципальный округ,Архангельская область,11-514-000-000,2022,9999,official_key_2024
901,Каргопольский,муниципальный округ Каргопольский,Архангельская область,11-518-000-000,2021,9999,official_key_2024
902,Коношский,Коношский муниципальный район,Архангельская область,11-622-000-000,2018,9999,official_key_2024
903,Котласский,Котласский муниципальный округ,Архангельская область,11-527-000-000,2023,9999,official_key_2024
904,Красноборский,Красноборский муниципальный округ,Архангельская область,11-530-000-000,2024,9999,official_key_2024
905,Ленский,Ленский муниципальный район,Архангельская область,11-635-000-000,2018,9999,official_key_2024
907,Мезенский,Мезенский муниципальный округ,Архангельская область,11-542-000-000,2023,9999,official_key_2024
908,Няндомский,Няндомский муниципальный округ,Архангельская область,11-544-000-000,2023,9999,official_key_2024
909,Онежский,Онежский муниципальный район,Архангельская область,11-646-000-000,2018,9999,official_key_2024
910,Пинежский,Пинежский муниципальный округ,Архангельская область,11-548-000-000,2024,9999,official_key_2024
911,Плесецкий,Плесецкий муниципальный округ,Архангельская область,11-550-000-000,2022,9999,official_key_2024
912,Приморский,Приморский муниципальный округ,Архангельская область,11-552-000-000,2024,9999,official_key_2024
913,Устьянский,Устьянский муниципальный округ,Архангельская область,11-554-000-000,2023,9999,official_key_2024
914,Холмогорский,Холмогорский муниципальный округ,Архангельская область,11-556-000-000,2023,9999,official_key_2024
915,Шенкурский,Шенкурский муниципальный округ,Архангельская область,11-558-000-000,2023,9999,official_key_2024
916,Нарьян-Мар,городской округ город Нарьян-Мар,Ненецкий автономный округ,11-851-000-000,2018,9999,official_key_2024
917,Заполярный,муниципальный район Заполярный район,Ненецкий автономный округ,11-811-000-000,2018,9999,official_key_2024
918,Астрахань,городской округ город Астрахань,Астраханская область,12-701-000-000,2018,9999,official_key_2024
920,Ахтубинский,Ахтубинский муниципальный район,Астраханская область,12-605-000-000,2018,9999,official_key_2024
921,Володарский,Володарский муниципальный район,Астраханская область,12-610-000-000,2018,9999,official_key_2024
922,Енотаевский,Енотаевский муниципальный район,Астраханская область,12-615-000-000,2018,9999,official_key_2024
923,Икрянинский,Икрянинский муниципальный район,Астраханская область,12-620-000-000,2018,9999,official_key_2024
924,Камызякский,Камызякский муниципальный район,Астраханская область,12-625-000-000,2018,9999,official_key_2024
925,Красноярский,Красноярский муниципальный район,Астраханская область,12-630-000-000,2018,9999,official_key_2024
926,Лиманский,Лиманский муниципальный район,Астраханская область,12-635-000-000,2018,9999,official_key_2024
927,Наримановский,Наримановский муниципальный район,Астраханская область,12-640-000-000,2018,9999,official_key_2024
928,Приволжский,Приволжский муниципальный район,Астраханская область,12-642-000-000,2018,9999,official_key_2024
929,Харабалинский,Харабалинский муниципальный район,Астраханская область,12-645-000-000,2018,9999,official_key_2024
930,Черноярский,Черноярский муниципальный район,Астраханская область,12-650-000-000,2018,9999,official_key_2024
986,Владимир,городской округ город Владимир,Владимирская область,17-701-000-000,2018,9999,official_key_2024
987,Гусь-Хрустальный,городской округ город Гусь-Хрустальный,Владимирская область,17-720-000-000,2018,9999,official_key_2024
988,Ковров,городской округ город Ковров,Владимирская область,17-725-000-000,2018,9999,official_key_2024
989,Муром,городской округ округ Муром,Владимирская область,17-735-000-000,2018,9999,official_key_2024
991,Александровский,Александровский муниципальный район,Владимирская область,17-605-000-000,2018,9999,official_key_2024
992,Вязниковский,Вязниковский муниципальный район,Владимирская область,17-610-000-000,2018,9999,official_key_2024
993,Гороховецкий,Гороховецкий муниципальный район,Владимирская область,17-615-000-000,2018,9999,official_key_2024
994,Гусь-Хрустальный,Гусь-Хрустальный муниципальный район,Владимирская область,17-620-000-000,2018,9999,official_key_2024
995,Камешковский,Камешковский муниципальный район,Владимирская область,17-625-000-000,2018,9999,official_key_2024
996,Киржачский,Киржачский муниципальный район,Владимирская область,17-630-000-000,2018,9999,official_key_2024
997,Ковровский,Ковровский муниципальный район,Владимирская область,17-635-000-000,2018,9999,official_key_2024
998,Кольчугинский,Кольчугинский муниципальный район,Владимирская область,17-640-000-000,2018,9999,official_key_2024
999,Меленковский,Меленковский муниципальный район,Владимирская область,17-642-000-000,2018,9999,official_key_2024
1001,Петушинский,Петушинский муниципальный район,Владимирская область,17-646-000-000,2018,9999,official_key_2024
1002,Селивановский,Селивановский муниципальный район,Владимирская область,17-648-000-000,2018,9999,official_key_2024
1003,Собинский,Собинский муниципальный район,Владимирская область,17-650-000-000,2018,9999,official_key_2024
1004,Судогодский,Судогодский муниципальный район,Владимирская область,17-652-000-000,2018,9999,official_key_2024
1005,Суздальский,Суздальский муниципальный район,Владимирская область,17-654-000-000,2018,9999,official_key_2024
1006,Юрьев-Польский,Юрьев-Польский муниципальный район,Владимирская область,17-656-000-000,2018,9999,official_key_2024
1007,Волгоград,городской округ город-герой Волгоград,Волгоградская область,18-701-000-000,2018,9999,official_key_2024
1008,Волжский,городской округ город Волжский,Волгоградская область,18-710-000-000,2018,9999,official_key_2024
1009,Камышин,городской округ город Камышин,Волгоградская область,18-715-000-000,2018,9999,official_key_2024
1010,Михайловка,городской округ город Михайловка,Волгоградская область,18-720-000-000,2018,9999,official_key_2024
1011,Урюпинск,городской округ город Урюпинск,Волгоградская область,18-725-000-000,2018,9999,official_key_2024
1012,Фролово,городской округ город Фролово,Волгоградская область,18-728-000-000,2018,9999,official_key_2024
1013,Алексеевский,Алексеевский муниципальный район,Волгоградская область,18-602-000-000,2018,9999,official_key_2024
1014,Быковский,Быковский муниципальный район,Волгоградская область,18-604-000-000,2018,9999,official_key_2024
1015,Городищенский,Городищенский муниципальный район,Волгоградская область,18-605-000-000,2018,9999,official_key_2024
1016,Даниловский,Даниловский муниципальный район,Волгоградская область,18-606-000-000,2018,9999,official_key_2024
1017,Дубовский,Дубовский муниципальный район,Волгоградская область,18-608-000-000,2018,9999,official_key_2024
1018,Еланский,Еланский муниципальный район,Волгоградская область,18-610-000-000,2018,9999,official_key_2024
1019,Жирновский,Жирновский муниципальный район,Волгоградская область,18-612-000-000,2018,9999,official_key_2024
1020,Иловлинский,Иловлинский муниципальный район,Волгоградская область,18-614-000-000,2018,9999,official_key_2024
1021,Калачевский,Калачевский муниципальный район,Волгоградская область,18-616-000-000,2018,9999,official_key_2024
1022,Камышинский,Камышинский муниципальный район,Волгоградская область,18-618-000-000,2018,9999,official_key_2024
1023,Киквидзенский,Киквидзенский муниципальный район,Волгоградская область,18-620-000-000,2018,9999,official_key_2024
1024,Клетский,Клетский муниципальный район,Волгоградская область,18-622-000-000,2018,9999,official_key_2024
1025,Котельниковский,Котельниковский муниципальный район,Волгоградская область,18-624-000-000,2018,9999,official_key_2024
1026,Котовский,Котовский муниципальный район,Волгоградская область,18-626-000-000,2018,9999,official_key_2024
1027,Кумылженский,Кумылженский муниципальный район,Волгоградская область,18-646-000-000,2018,9999,official_key_2024
1028,Ленинский,Ленинский муниципальный район,Волгоградская область,18-630-000-000,2018,9999,official_key_2024
1029,Нехаевский,Нехаевский муниципальный район,Волгоградская область,18-634-000-000,2018,9999,official_key_2024
1030,Николаевский,Николаевский муниципальный район,Волгоградская область,18-636-000-000,2018,9999,official_key_2024
1031,Новоаннинский,Новоаннинский муниципальный район,Волгоградская область,18-638-000-000,2018,9999,official_key_2024
1032,Новониколаевский,Новониколаевский муниципальный район,Волгоградская область,18-640-000-000,2018,9999,official_key_2024
1033,Октябрьский,Октябрьский муниципальный район,Волгоградская область,18-642-000-000,2018,9999,official_key_2024
1034,Ольховский,Ольховский муниципальный район,Волгоградская область,18-643-000-000,2018,9999,official_key_2024
1035,Палласовский,Палласовский муниципальный район,Волгоградская область,18-645-000-000,2018,9999,official_key_2024
1036,Руднянский,Руднянский муниципальный район,Волгоградская область,18-647-000-000,2018,9999,official_key_2024
1037,Светлоярский,Светлоярский муниципальный район,Волгоградская область,18-649-000-000,2018,9999,official_key_2024
1038,Серафимовичский,Серафимовичский муниципальный район,Волгоградская область,18-650-000-000,2018,9999,official_key_2024
1039,Среднеахтубинский,Среднеахтубинский муниципальный район,Волгоградская область,18-651-000-000,2018,9999,official_key_2024
1040,Старополтавский,Старополтавский муниципальный район,Волгоградская область,18-652-000-000,2018,9999,official_key_2024
1041,Суровикинский,Суровикинский муниципальный район,Волгоградская область,18-653-000-000,2018,9999,official_key_2024
1043,Фроловский,Фроловский муниципальный район,Волгоградская область,18-656-000-000,2018,9999,official_key_2024
1044,Чернышковский,Чернышковский муниципальный район,Волгоградская область,18-658-000-000,2018,9999,official_key_2024
1047,Бабаевский,Бабаевский муниципальный округ,Вологодская область,19-505-000-000,2023,9999,official_key_2024
1048,Бабушкинский,Бабушкинский муниципальный округ,Вологодская область,19-508-000-000,2023,9999,official_key_2024
1049,Белозерский,Белозерский муниципальный округ,Вологодская область,19-510-000-000,2023,9999,official_key_2024
1051,Великоустюгский,Великоустюгский муниципальный округ,Вологодская область,19-514-000-000,2023,9999,official_key_2024
1052,Верховажский,Верховажский муниципальный округ,Вологодская область,19-516-000-000,2023,9999,official_key_2024
1053,Вожегодский,Вожегодский муниципальный округ,Вологодская область,19-518-000-000,2023,9999,official_key_2024
1054,Вологодский,Вологодский муниципальный округ,Вологодская область,19-520-000-000,2023,9999,official_key_2024
1055,Вытегорский,Вытегорский муниципальный район,Вологодская область,19-622-000-000,2018,9999,official_key_2024
1056,Грязовецкий,Грязовецкий муниципальный округ,Вологодская область,19-524-000-000,2023,9999,official_key_2024
1057,Кадуйский,Кадуйский муниципальный округ,Вологодская область,19-526-000-000,2023,9999,official_key_2024
1058,Кирилловский,Кирилловский муниципальный округ,Вологодская область,19-528-000-000,2024,9999,official_key_2024
1059,Кичменгско-Городецкий,Кичменгско-Городецкий муниципальный округ,Вологодская область,19-530-000-000,2023,9999,official_key_2024
1060,Междуреченский,Междуреченский муниципальный округ,Вологодская область,19-532-000-000,2023,9999,official_key_2024
1061,Никольский,Никольский муниципальный округ,Вологодская область,19-534-000-000,2024,9999,official_key_2024
1062,Нюксенский,Нюксенский муниципальный округ,Вологодская область,19-536-000-000,2023,9999,official_key_2024
1063,Сокольский,Сокольский муниципальный округ,Вологодская область,19-538-000-000,2023,9999,official_key_2024
1064,Сямженский,Сямженский муниципальный округ,Вологодская область,19-540-000-000,2023,9999,official_key_2024
1065,Тарногский,Тарногский муниципальный округ,Вологодская область,19-542-000-000,2023,9999,official_key_2024
1066,Тотемский,Тотемский муниципальный округ,Вологодская область,19-546-000-000,2023,9999,official_key_2024
1067,Усть-Кубинский,Усть-Кубинский муниципальный округ,Вологодская область,19-548-000-000,2023,9999,official_key_2024
1068,Устюженский,Устюженский муниципальный округ,Вологодская область,19-550-000-000,2023,9999,official_key_2024
1069,Харовский,Харовский муниципальный округ,Вологодская область,19-552-000-000,2023,9999,official_key_2024
1070,Чагодощенский,Чагодощенский муниципальный округ,Вологодская область,19-554-000-000,2023,9999,official_key_2024
1071,Череповецкий,Череповецкий муниципальный район,Вологодская область,19-656-000-000,2018,9999,official_key_2024
1072,Шекснинский,Шекснинский муниципальный район,Вологодская область,19-658-000-000,2018,9999,official_key_2024
1107,Иваново,городской округ Иваново,Ивановская область,24-701-000-000,2018,9999,official_key_2024
1108,Вичуга,городской округ Вичуга,Ивановская область,24-703-000-000,2018,9999,official_key_2024
1109,Кинешма,городской округ Кинешма,Ивановская область,24-705-000-000,2018,9999,official_key_2024
1110,Кохма,городской округ Кохма,Ивановская область,24-706-000-000,2018,9999,official_key_2024
1111,Тейково,городской округ Тейково,Ивановская область,24-707-000-000,2018,9999,official_key_2024
1112,Шуя,городской округ Шуя,Ивановская область,24-711-000-000,2018,9999,official_key_2024
1113,Вичугский,Вичугский муниципальный район,Ивановская область,24-601-000-000,2018,9999,official_key_2024
1115,Гаврилово-Посадский,Гаврилово-Посадский муниципальный район,Ивановская область,24-603-000-000,2018,9999,official_key_2024
1116,Заволжский,Заволжский муниципальный район,Ивановская область,24-605-000-000,2018,9999,official_key_2024
1117,Ивановский,Ивановский муниципальный район,Ивановская область,24-607-000-000,2018,9999,official_key_2024
1118,Ильинский,Ильинский муниципальный район,Ивановская область,24-609-000-000,2018,9999,official_key_2024
1119,Кинешемский,Кинешемский муниципальный район,Ивановская область,24-611-000-000,2018,9999,official_key_2024
1120,Комсомольский,Комсомольский муниципальный район,Ивановская область,24-613-000-000,2018,9999,official_key_2024
1121,Лежневский,Лежневский муниципальный район,Ивановская область,24-614-000-000,2018,9999,official_key_2024
1122,Лухский,Лухский муниципальный район,Ивановская область,24-615-000-000,2018,9999,official_key_2024
1123,Палехский,Палехский муниципальный район,Ивановская область,24-617-000-000,2018,9999,official_key_2024
1124,Пестяковский,Пестяковский муниципальный район,Ивановская область,24-619-000-000,2018,9999,official_key_2024
1125,Приволжский,Приволжский муниципальный район,Ивановская область,24-620-000-000,2018,9999,official_key_2024
1126,Пучежский,Пучежский муниципальный район,Ивановская область,24-621-000-000,2018,9999,official_key_2024
1127,Родниковский,Родниковский муниципальный район,Ивановская область,24-623-000-000,2018,9999,official_key_2024
1128,Савинский,Савинский муниципальный район,Ивановская область,24-625-000-000,2018,9999,official_key_2024
1129,Тейковский,Тейковский муниципальный район,Ивановская область,24-629-000-000,2018,9999,official_key_2024
1130,Фурмановский,Фурмановский муниципальный район,Ивановская область,24-631-000-000,2018,9999,official_key_2024
1131,Шуйский,Шуйский муниципальный район,Ивановская область,24-633-000-000,2018,9999,official_key_2024
1132,Южский,Южский муниципальный район,Ивановская область,24-635-000-000,2018,9999,official_key_2024
1133,Юрьевецкий,Юрьевецкий муниципальный район,Ивановская область,24-637-000-000,2018,9999,official_key_2024
1134,Иркутск,городской округ город Иркутск,Иркутская область,25-701-000-000,2018,9999,official_key_2024
1135,Ангарский,городской округ Ангарский,Иркутская область,25-703-000-000,2018,9999,official_key_2024
1136,Братск,городской округ город Братск,Иркутская область,25-714-000-000,2018,9999,official_key_2024
1137,Зима,городской округ Зима,Иркутская область,25-720-000-000,2018,9999,official_key_2024
1138,Саянск,городской округ город Саянск,Иркутская область,25-726-000-000,2018,9999,official_key_2024
1139,Тулун,городской округ город Тулун,Иркутская область,25-732-000-000,2018,9999,official_key_2024
1140,Усолье-Сибирское,городской округ город Усолье-Сибирское,Иркутская область,25-736-000-000,2018,9999,official_key_2024
1141,Усть-Илимск,городской округ город Усть-Илимск,Иркутская область,25-738-000-000,2018,9999,official_key_2024
1142,Черемхово,городской округ город Черемхово,Иркутская область,25-745-000-000,2018,9999,official_key_2024
1143,Свирск,городской округ город Свирск,Иркутская область,25-746-000-000,2018,9999,official_key_2024
1144,Балаганский,Балаганский муниципальный район,Иркутская область,25-601-000-000,2018,9999,official_key_2024
1146,Братский,Братский муниципальный район,Иркутская область,25-604-000-000,2018,9999,official_key_2024
1147,Жигаловский,Жигаловский муниципальный район,Иркутская область,25-606-000-000,2018,9999,official_key_2024
1148,Заларинский,Заларинский муниципальный район,Иркутская область,25-608-000-000,2018,9999,official_key_2024
1149,Зиминский,Зиминский муниципальный район,Иркутская область,25-610-000-000,2018,9999,official_key_2024
1150,Иркутский,Иркутский муниципальный район,Иркутская область,25-612-000-000,2018,9999,official_key_2024
1151,Казачинско-Ленский,Казачинско-Ленский муниципальный район,Иркутская область,25-614-000-000,2018,9999,official_key_2024
1152,Катангский,Катангский муниципальный район,Иркутская область,25-616-000-000,2018,9999,official_key_2024
1153,Качугский,Качугский муниципальный район,Иркутская область,25-618-000-000,2018,9999,official_key_2024
1154,Киренский,Киренский муниципальный район,Иркутская область,25-620-000-000,2018,9999,official_key_2024
1155,Куйтунский,Куйтунский муниципальный район,Иркутская область,25-622-000-000,2018,9999,official_key_2024
1157,Нижнеилимский,Нижнеилимский муниципальный район,Иркутская область,25-626-000-000,2018,9999,official_key_2024
1158,Нижнеудинский,Нижнеудинский муниципальный район,Иркутская область,25-628-000-000,2018,9999,official_key_2024
1159,Ольхонский,Ольхонский муниципальный район,Иркутская область,25-630-000-000,2018,9999,official_key_2024
1160,Слюдянский,Слюдянский муниципальный район,Иркутская область,25-634-000-000,2018,9999,official_key_2024
1161,Тайшетский,Тайшетский муниципальный район,Иркутская область,25-636-000-000,2018,9999,official_key_2024
1162,Тулунский,Тулунский муниципальный район,Иркутская область,25-638-000-000,2018,9999,official_key_2024
1163,Усольский,Усольский муниципальный район,Иркутская область,25-640-000-000,2018,9999,official_key_2024
1164,Усть-Илимский,Усть-Илимский муниципальный район,Иркутская область,25-642-000-000,2018,9999,official_key_2024
1165,Усть-Кутский,Усть-Кутский муниципальный район,Иркутская область,25-644-000-000,2018,9999,official_key_2024
1166,Усть-Удинский,Усть-Удинский муниципальный район,Иркутская область,25-646-000-000,2018,9999,official_key_2024
1167,Черемховский,Черемховский муниципальный район,Иркутская область,25-648-000-000,2018,9999,official_key_2024
1168,Чунский,Чунский муниципальный район,Иркутская область,25-650-000-000,2018,9999,official_key_2024
1169,Шелеховский,Шелеховский муниципальный район,Иркутская область,25-655-000-000,2018,9999,official_key_2024
1170,Аларский,Аларский муниципальный район,Иркутская область,25-605-000-000,2018,9999,official_key_2024
1171,Баяндаевский,Баяндаевский муниципальный район,Иркутская область,25-607-000-000,2018,9999,official_key_2024
1172,Боханский,Боханский муниципальный район,Иркутская область,25-609-000-000,2018,9999,official_key_2024
1173,Нукутский,Нукутский муниципальный район,Иркутская область,25-629-000-000,2018,9999,official_key_2024
1174,Осинский,Осинский муниципальный район,Иркутская область,25-631-000-000,2018,9999,official_key_2024
1175,Эхирит-Булагатский,Эхирит-Булагатский муниципальный район,Иркутская область,25-657-000-000,2018,9999,official_key_2024
1176,Калининград,городской округ город Калининград,Калининградская область,27-701-000-000,2018,9999,official_key_2024
1177,Ладушкинский,городской округ Ладушкинский,Калининградская область,27-711-000-000,2018,9999,official_key_2024
1178,Мамоновский,городской округ Мамоновский,Калининградская область,27-712-000-000,2018,9999,official_key_2024
1179,Пионерский,городской округ Пионерский,Калининградская область,27-717-000-000,2018,9999,official_key_2024
1180,Светловский,городской округ Светловский,Калининградская область,27-725-000-000,2018,9999,official_key_2024
1181,Советский,городской округ Советский,Калининградская область,27-730-000-000,2018,9999,official_key_2024
1182,Янтарный,городской округ Янтарный,Калининградская область,27-740-000-000,2018,9999,official_key_2024
1183,Багратионовский,муниципальный округ Багратионовский,Калининградская область,27-503-000-000,2021,9999,official_key_2024
1184,Балтийский,городской округ Балтийский,Калининградская область,27-705-000-000,2019,9999,official_key_2024
1185,Гвардейский,муниципальный округ Гвардейский,Калининградская область,27-506-000-000,2021,9999,official_key_2024
1186,Гурьевский,муниципальный округ Гурьевский,Калининградская область,27-507-000-000,2021,9999,official_key_2024
1187,Гусевский,городской округ Гусевский,Калининградская область,27-709-000-000,2018,9999,official_key_2024
1188,Зеленоградский,муниципальный округ Зеленоградский,Калининградская область,27-510-000-000,2021,9999,official_key_2024
1189,Краснознаменский,муниципальный округ Краснознаменский,Калининградская область,27-513-000-000,2021,9999,official_key_2024
1190,Светлогорский,городской округ Светлогорский,Калининградская область,27-734-000-000,2019,9999,official_key_2024
1191,Неманский,муниципальный округ Неманский,Калининградская область,27-514-000-000,2021,9999,official_key_2024
1192,Нестеровский,муниципальный округ Нестеровский,Калининградская область,27-515-000-000,2021,9999,official_key_2024
1193,Озерский,муниципальный округ Озерский,Калининградская область,27-516-000-000,2021,9999,official_key_2024
1194,Полесский,муниципальный округ Полесский,Калининградская область,27-518-000-000,2021,9999,official_key_2024
1195,Правдинский,муниципальный округ Правдинский,Калининградская область,27-519-000-000,2021,9999,official_key_2024
1196,Славский,муниципальный округ Славский,Калининградская область,27-527-000-000,2021,9999,official_key_2024
1197,Черняховский,муниципальный округ Черняховский,Калининградская область,27-539-000-000,2021,9999,official_key_2024
1198,Калуга,городской округ город Калуга,Калужская область,29-701-000-000,2018,9999,official_key_2024
1200,Бабынинский,Бабынинский муниципальный район,Калужская область,29-602-000-000,2018,9999,official_key_2024
1201,Барятинский,Барятинский муниципальный район,Калужская область,29-604-000-000,2018,9999,official_key_2024
1203,Дзержинский,Дзержинский муниципальный район,Калужская область,29-608-000-000,2018,9999,official_key_2024
1204,Думиничский,Думиничский муниципальный район,Калужская область,29-610-000-000,2018,9999,official_key_2024
1205,Жиздринский,Жиздринский муниципальный район,Калужская область,29-612-000-000,2018,9999,official_key_2024
1206,Жуковский,Жуковский муниципальный район,Калужская область,29-613-000-000,2018,9999,official_key_2024
1207,Кировский,Кировский муниципальный район,Калужская область,29-614-000-000,2018,9999,official_key_2024
1208,Износковский,Износковский муниципальный район,Калужская область,29-615-000-000,2018,9999,official_key_2024
1209,Козельский,Козельский муниципальный район,Калужская область,29-616-000-000,2018,9999,official_key_2024
1210,Куйбышевский,Куйбышевский муниципальный район,Калужская область,29-618-000-000,2018,9999,official_key_2024
1211,Людиновский,Людиновский муниципальный район,Калужская область,29-620-000-000,2018,9999,official_key_2024
1212,Малоярославецкий,Малоярославецкий муниципальный район,Калужская область,29-623-000-000,2018,9999,official_key_2024
1213,Медынский,Медынский муниципальный район,Калужская область,29-625-000-000,2018,9999,official_key_2024
1214,Мещовский,Мещовский муниципальный район,Калужская область,29-627-000-000,2018,9999,official_key_2024
1215,Мосальский,Мосальский муниципальный район,Калужская область,29-629-000-000,2018,9999,official_key_2024
1216,Перемышльский,Перемышльский муниципальный район,Калужская область,29-632-000-000,2018,9999,official_key_2024
1217,Спас-Деменский,Спас-Деменский муниципальный район,Калужская область,29-634-000-000,2018,9999,official_key_2024
1218,Сухиничский,Сухиничский муниципальный район,Калужская область,29-636-000-000,2018,9999,official_key_2024
1219,Тарусский,Тарусский муниципальный район,Калужская область,29-638-000-000,2018,9999,official_key_2024
1220,Ульяновский,Ульяновский муниципальный район,Калужская область,29-642-000-000,2018,9999,official_key_2024
1221,Ферзиковский,Ферзиковский муниципальный район,Калужская область,29-644-000-000,2018,9999,official_key_2024
1222,Хвастовичский,Хвастовичский муниципальный район,Калужская область,29-646-000-000,2018,9999,official_key_2024
1223,Юхновский,Юхновский муниципальный район,Калужская область,29-650-000-000,2018,9999,official_key_2024
1224,Кемеровский,городской округ Кемеровский,Кемеровская область,32-701-000-000,2018,9999,official_key_2024
1225,Анжеро-Судженский,городской округ Анжеро-Судженский,Кемеровская область,32-704-000-000,2018,9999,official_key_2024
1226,Беловский,городской округ Беловский,Кемеровская область,32-707-000-000,2018,9999,official_key_2024
1227,Березовский,городской округ Березовский,Кемеровская область,32-710-000-000,2018,9999,official_key_2024
1228,Калтанский,городской округ Калтанский,Кемеровская область,32-715-000-000,2018,9999,official_key_2024
1229,Киселевский,городской округ Киселевский,Кемеровская область,32-716-000-000,2018,9999,official_key_2024
1230,Ленинск-Кузнецкий,городской округ Ленинск-Кузнецкий,Кемеровская область,32-719-000-000,2018,9999,official_key_2024
1231,Междуреченский,городской округ Междуреченский,Кемеровская область,32-725-000-000,2018,9999,official_key_2024
1232,Мысковский,городской округ Мысковский,Кемеровская область,32-728-000-000,2018,9999,official_key_2024
1233,Новокузнецкий,городской округ Новокузнецкий,Кемеровская область,32-731-000-000,2018,9999,official_key_2024
1234,Осинниковский,городской округ Осинниковский,Кемеровская область,32-734-000-000,2018,9999,official_key_2024
1235,Полысаевский,городской округ Полысаевский,Кемеровская область,32-732-000-000,2018,9999,official_key_2024
1236,Прокопьевский,городской округ Прокопьевский,Кемеровская область,32-737-000-000,2018,9999,official_key_2024
1237,Тайгинский,городской округ Тайгинский,Кемеровская область,32-740-000-000,2018,9999,official_key_2024
1238,Юргинский,городской округ Юргинский,Кемеровская область,32-749-000-000,2018,9999,official_key_2024
1240,Беловский,Беловский муниципальный округ,Кемеровская область,32-501-000-000,2022,9999,official_key_2024
1241,Гурьевский,Гурьевский муниципальный округ,Кемеровская область,32-502-000-000,2020,9999,official_key_2024
1242,Ижморский,Ижморский муниципальный округ,Кемеровская область,32-504-000-000,2020,9999,official_key_2024
1243,Кемеровский,Кемеровский муниципальный округ,Кемеровская область,32-507-000-000,2020,9999,official_key_2024
1244,Крапивинский,Крапивинский муниципальный округ,Кемеровская область,32-510-000-000,2020,9999,official_key_2024
1245,Ленинск-Кузнецкий,Ленинск-Кузнецкий муниципальный округ,Кемеровская область,32-513-000-000,2020,9999,official_key_2024
1246,Мариинский,Мариинский муниципальный округ,Кемеровская область,32-516-000-000,2022,9999,official_key_2024
1247,Новокузнецкий,Новокузнецкий муниципальный округ,Кемеровская область,32-519-000-000,2023,9999,official_key_2024
1249,Промышленновский,Промышленновский муниципальный округ,Кемеровская область,32-525-000-000,2020,9999,official_key_2024
1250,Таштагольский,Таштагольский муниципальный район,Кемеровская область,32-627-000-000,2018,9999,official_key_2024
1251,Тисульский,Тисульский муниципальный округ,Кемеровская область,32-528-000-000,2021,9999,official_key_2024
1252,Топкинский,Топкинский муниципальный округ,Кемеровская область,32-531-000-000,2020,9999,official_key_2024
1253,Тяжинский,Тяжинский муниципальный округ,Кемеровская область,32-534-000-000,2020,9999,official_key_2024
1254,Чебулинский,Чебулинский муниципальный округ,Кемеровская область,32-537-000-000,2020,9999,official_key_2024
1256,Яйский,Яйский муниципальный округ,Кемеровская область,32-543-000-000,2020,9999,official_key_2024
1257,Яшкинский,Яшкинский муниципальный округ,Кемеровская область,32-546-000-000,2020,9999,official_key_2024
1258,Киров,городской округ город Киров,Кировская область,33-701-000-000,2018,9999,official_key_2024
1259,Вятские Поляны,городской округ город Вятские Поляны,Кировская область,33-704-000-000,2018,9999,official_key_2024
1260,Кирово-Чепецк,городской округ город Кирово-Чепецк,Кировская область,33-707-000-000,2018,9999,official_key_2024
1261,Котельнич,городской округ город Котельнич,Кировская область,33-710-000-000,2018,9999,official_key_2024
1262,Слободской,городской округ город Слободской,Кировская область,33-713-000-000,2018,9999,official_key_2024
1264,Арбажский,муниципальный округ Арбажский,Кировская область,33-502-000-000,2021,9999,official_key_2024
1265,Афанасьевский,муниципальный округ Афанасьевский,Кировская область,33-503-000-000,2023,9999,official_key_2024
1266,Белохолуницкий,Белохолуницкий муниципальный район,Кировская область,33-605-000-000,2018,9999,official_key_2024
1267,Богородский,муниципальный округ Богородский,Кировская область,33-506-000-000,2021,9999,official_key_2024
1268,Верхнекамский,муниципальный округ Верхнекамский,Кировская область,33-507-000-000,2022,9999,official_key_2024
1269,Верхошижемский,Верхошижемский муниципальный район,Кировская область,33-608-000-000,2018,9999,official_key_2024
1270,Вятскополянский,Вятскополянский муниципальный район,Кировская область,33-610-000-000,2018,9999,official_key_2024
1271,Даровской,Даровской муниципальный район,Кировская область,33-612-000-000,2018,9999,official_key_2024
1272,Зуевский,Зуевский муниципальный район,Кировская область,33-614-000-000,2018,9999,official_key_2024
1273,Кикнурский,муниципальный округ Кикнурский,Кировская область,33-516-000-000,2021,9999,official_key_2024
1274,Кильмезский,Кильмезский муниципальный район,Кировская область,33-617-000-000,2018,9999,official_key_2024
1275,Кирово-Чепецкий,Кирово-Чепецкий муниципальный район,Кировская область,33-618-000-000,2018,9999,official_key_2024
1276,Котельничский,Котельничский муниципальный район,Кировская область,33-619-000-000,2018,9999,official_key_2024
1277,Куменский,Куменский муниципальный район,Кировская область,33-620-000-000,2018,9999,official_key_2024
1278,Лебяжский,муниципальный округ Лебяжский,Кировская область,33-521-000-000,2022,9999,official_key_2024
1279,Лузский,муниципальный округ Лузский,Кировская область,33-522-000-000,2022,9999,official_key_2024
1280,Малмыжский,Малмыжский муниципальный район,Кировская область,33-623-000-000,2018,9999,official_key_2024
1281,Мурашинский,муниципальный округ Мурашинский,Кировская область,33-524-000-000,2022,9999,official_key_2024
1282,Нагорский,Нагорский муниципальный район,Кировская область,33-625-000-000,2018,9999,official_key_2024
1284,Нолинский,Нолинский муниципальный район,Кировская область,33-627-000-000,2018,9999,official_key_2024
1285,Омутнинский,Омутнинский муниципальный район,Кировская область,33-628-000-000,2018,9999,official_key_2024
1286,Опаринский,муниципальный округ Опаринский,Кировская область,33-529-000-000,2022,9999,official_key_2024
1287,Оричевский,Оричевский муниципальный район,Кировская область,33-630-000-000,2018,9999,official_key_2024
1288,Орловский,Орловский муниципальный район,Кировская область,33-645-000-000,2018,9999,official_key_2024
1289,Пижанский,муниципальный округ Пижанский,Кировская область,33-531-000-000,2022,9999,official_key_2024
1290,Подосиновский,Подосиновский муниципальный район,Кировская область,33-632-000-000,2018,9999,official_key_2024
1291,Санчурский,муниципальный округ Санчурский,Кировская область,33-533-000-000,2021,9999,official_key_2024
1292,Свечинский,муниципальный округ Свечинский,Кировская область,33-534-000-000,2021,9999,official_key_2024
1293,Слободской,Слободской муниципальный район,Кировская область,33-635-000-000,2018,9999,official_key_2024
1294,Советский,Советский муниципальный район,Кировская область,33-636-000-000,2018,9999,official_key_2024
1295,Сунский,Сунский муниципальный район,Кировская область,33-637-000-000,2018,9999,official_key_2024
1296,Тужинский,Тужинский муниципальный район,Кировская область,33-638-000-000,2018,9999,official_key_2024
1297,Унинский,муниципальный округ Унинский,Кировская область,33-540-000-000,2022,9999,official_key_2024
1298,Уржумский,Уржумский муниципальный район,Кировская область,33-641-000-000,2018,9999,official_key_2024
1299,Фаленский,муниципальный округ Фаленский,Кировская область,33-543-000-000,2021,9999,official_key_2024
1300,Шабалинский,Шабалинский муниципальный район,Кировская область,33-647-000-000,2018,9999,official_key_2024
1301,Юрьянский,Юрьянский муниципальный район,Кировская область,33-649-000-000,2018,9999,official_key_2024
1302,Яранский,Яранский муниципальный район,Кировская область,33-650-000-000,2018,9999,official_key_2024
1303,Кострома,городской округ город Кострома,Костромская область,34-701-000-000,2018,9999,official_key_2024
1304,Буй,городской округ город Буй,Костромская область,34-705-000-000,2018,9999,official_key_2024
1305,Волгореченск,городской округ город Волгореченск,Костромская область,34-706-000-000,2018,9999,official_key_2024
1306,Галич,городской округ город Галич,Костромская область,34-708-000-000,2018,9999,official_key_2024
1308,Шарья,городской округ город Шарья,Костромская область,34-730-000-000,2018,9999,official_key_2024
1309,Антроповский,Антроповский муниципальный район,Костромская область,34-602-000-000,2018,9999,official_key_2024
1310,Буйский,Буйский муниципальный район,Костромская область,34-604-000-000,2018,9999,official_key_2024
1311,Вохомский,Вохомский муниципальный район,Костромская область,34-606-000-000,2018,9999,official_key_2024
1312,Галичский,Галичский муниципальный район,Костромская область,34-608-000-000,2018,9999,official_key_2024
1313,Кадыйский,Кадыйский муниципальный район,Костромская область,34-610-000-000,2018,9999,official_key_2024
1314,Кологривский,Кологривский муниципальный округ,Костромская область,34-512-000-000,2022,9999,official_key_2024
1315,Костромской,Костромской муниципальный район,Костромская область,34-614-000-000,2018,9999,official_key_2024
1316,Красносельский,Красносельский муниципальный район,Костромская область,34-616-000-000,2018,9999,official_key_2024
1317,Макарьевский,Макарьевский муниципальный район,Костромская область,34-618-000-000,2018,9999,official_key_2024
1319,Межевской,Межевской муниципальный округ,Костромская область,34-522-000-000,2022,9999,official_key_2024
1320,Нейский,Нейский муниципальный округ,Костромская область,34-524-000-000,2022,9999,official_key_2024
1321,Нерехта и Нерехтский,муниципальный район город Нерехта и Нерехтский район,Костромская область,34-626-000-000,2018,9999,official_key_2024
1322,Октябрьский,Октябрьский муниципальный район,Костромская область,34-628-000-000,2018,9999,official_key_2024
1323,Островский,Островский муниципальный округ,Костромская область,34-530-000-000,2024,9999,official_key_2024
1324,Павинский,Павинский муниципальный округ,Костромская область,34-532-000-000,2024,9999,official_key_2024
1325,Парфеньевский,Парфеньевский муниципальный округ,Костромская область,34-534-000-000,2022,9999,official_key_2024
1326,Поназыревский,Поназыревский муниципальный округ,Костромская область,34-536-000-000,2023,9999,official_key_2024
1327,Пыщугский,Пыщугский муниципальный округ,Костромская область,34-538-000-000,2023,9999,official_key_2024
1328,Солигаличский,Солигаличский муниципальный округ,Костромская область,34-540-000-000,2024,9999,official_key_2024
1329,Судиславский,Судиславский муниципальный район,Костромская область,34-642-000-000,2018,9999,official_key_2024
1330,Сусанинский,Сусанинский муниципальный район,Костромская область,34-644-000-000,2018,9999,official_key_2024
1331,Чухломский,Чухломский муниципальный район,Костромская область,34-646-000-000,2018,9999,official_key_2024
1332,Шарьинский,Шарьинский муниципальный район,Костромская область,34-648-000-000,2018,9999,official_key_2024
1333,Курган,городской округ город Курган,Курганская область,37-701-000-000,2018,9999,official_key_2024
1334,Шадринск,городской округ город Шадринск,Курганская область,37-705-000-000,2018,9999,official_key_2024
1335,Альменевский,Альменевский муниципальный округ,Курганская область,37-502-000-000,2022,9999,official_key_2024
1336,Белозерский,Белозерский муниципальный округ,Курганская область,37-504-000-000,2023,9999,official_key_2024
1337,Варгашинский,Варгашинский муниципальный округ,Курганская область,37-506-000-000,2024,9999,official_key_2024
1338,Далматовский,Далматовский муниципальный округ,Курганская область,37-508-000-000,2024,9999,official_key_2024
1339,Звериноголовский,Звериноголовский муниципальный округ,Курганская область,37-509-000-000,2023,9999,official_key_2024
1340,Каргапольский,Каргапольский муниципальный округ,Курганская область,37-510-000-000,2023,9999,official_key_2024
1341,Катайский,Катайский муниципальный округ,Курганская область,37-512-000-000,2024,9999,official_key_2024
1342,Кетовский,Кетовский муниципальный округ,Курганская область,37-514-000-000,2023,9999,official_key_2024
1343,Куртамышский,Куртамышский муниципальный округ,Курганская область,37-516-000-000,2022,9999,official_key_2024
1344,Лебяжьевский,Лебяжьевский муниципальный округ,Курганская область,37-518-000-000,2022,9999,official_key_2024
1345,Макушинский,муниципальный округ Макушинский,Курганская область,37-520-000-000,2021,9999,official_key_2024
1346,Мишкинский,Мишкинский муниципальный округ,Курганская область,37-522-000-000,2023,9999,official_key_2024
1347,Мокроусовский,Мокроусовский муниципальный округ,Курганская область,37-524-000-000,2023,9999,official_key_2024
1348,Петуховский,Петуховский муниципальный округ,Курганская область,37-526-000-000,2022,9999,official_key_2024
1349,Половинский,Половинский муниципальный округ,Курганская область,37-528-000-000,2023,9999,official_key_2024
1350,Притобольный,Притобольный муниципальный округ,Курганская область,37-530-000-000,2024,9999,official_key_2024
1351,Сафакулевский,Сафакулевский муниципальный округ,Курганская область,37-532-000-000,2023,9999,official_key_2024
1352,Целинный,Целинный муниципальный округ,Курганская область,37-534-000-000,2022,9999,official_key_2024
1353,Частоозерский,Частоозерский муниципальный округ,Курганская область,37-536-000-000,2023,9999,official_key_2024
1354,Шадринский,Шадринский муниципальный округ,Курганская область,37-538-000-000,2023,9999,official_key_2024
1355,Шатровский,Шатровский муниципальный округ,Курганская область,37-540-000-000,2022,9999,official_key_2024
1356,Шумихинский,муниципальный округ Шумихинский,Курганская область,37-542-000-000,2021,9999,official_key_2024
1357,Щучанский,Щучанский муниципальный округ,Курганская область,37-544-000-000,2023,9999,official_key_2024
1358,Юргамышский,Юргамышский муниципальный округ,Курганская область,37-546-000-000,2023,9999,official_key_2024
1392,Бокситогорский,Бокситогорский муниципальный район,Ленинградская область,41-603-000-000,2018,9999,official_key_2024
1393,Волосовский,Волосовский муниципальный район,Ленинградская область,41-606-000-000,2018,9999,official_key_2024
1394,Волховский,Волховский муниципальный район,Ленинградская область,41-609-000-000,2018,9999,official_key_2024
1395,Всеволожский,Всеволожский муниципальный район,Ленинградская область,41-612-000-000,2018,9999,official_key_2024
1396,Выборгский,Выборгский муниципальный район,Ленинградская область,41-615-000-000,2018,9999,official_key_2024
1397,Гатчинский,Гатчинский муниципальный район,Ленинградская область,41-618-000-000,2018,9999,official_key_2024
1398,Кингисеппский,Кингисеппский муниципальный район,Ленинградская область,41-621-000-000,2018,9999,official_key_2024
1399,Киришский,Киришский муниципальный район,Ленинградская область,41-624-000-000,2018,9999,official_key_2024
1400,Кировский,Кировский муниципальный район,Ленинградская область,41-625-000-000,2018,9999,official_key_2024
1401,Лодейнопольский,Лодейнопольский муниципальный район,Ленинградская область,41-627-000-000,2018,9999,official_key_2024
1402,Ломоносовский,Ломоносовский муниципальный район,Ленинградская область,41-630-000-000,2018,9999,official_key_2024
1403,Лужский,Лужский муниципальный район,Ленинградская область,41-633-000-000,2018,9999,official_key_2024
1404,Подпорожский,Подпорожский муниципальный район,Ленинградская область,41-636-000-000,2018,9999,official_key_2024
1405,Приозерский,Приозерский муниципальный район,Ленинградская область,41-639-000-000,2018,9999,official_key_2024
1406,Сланцевский,Сланцевский муниципальный район,Ленинградская область,41-642-000-000,2018,9999,official_key_2024
1407,Тихвинский,Тихвинский муниципальный район,Ленинградская область,41-645-000-000,2018,9999,official_key_2024
1408,Тосненский,Тосненский муниципальный район,Ленинградская область,41-648-000-000,2018,9999,official_key_2024
1409,Сосновоборский,городской округ Сосновоборский,Ленинградская область,41-754-000-000,2018,9999,official_key_2024
1410,Липецк,городской округ город Липецк,Липецкая область,42-701-000-000,2018,9999,official_key_2024
1411,Елец,городской округ город Елец,Липецкая область,42-715-000-000,2018,9999,official_key_2024
1412,Воловский,Воловский муниципальный район,Липецкая область,42-603-000-000,2018,9999,official_key_2024
1413,Грязинский,Грязинский муниципальный район,Липецкая область,42-606-000-000,2018,9999,official_key_2024
1414,Данковский,Данковский муниципальный район,Липецкая область,42-609-000-000,2018,9999,official_key_2024
1415,Добринский,Добринский муниципальный район,Липецкая область,42-612-000-000,2018,9999,official_key_2024
1416,Добровский,Добровский муниципальный район,Липецкая область,42-615-000-000,2018,9999,official_key_2024
1417,Долгоруковский,Долгоруковский муниципальный район,Липецкая область,42-618-000-000,2018,9999,official_key_2024
1419,Задонский,Задонский муниципальный район,Липецкая область,42-624-000-000,2018,9999,official_key_2024
1420,Измалковский,Измалковский муниципальный район,Липецкая область,42-627-000-000,2018,9999,official_key_2024
1421,Краснинский,Краснинский муниципальный район,Липецкая область,42-630-000-000,2018,9999,official_key_2024
1422,Лебедянский,Лебедянский муниципальный район,Липецкая область,42-633-000-000,2018,9999,official_key_2024
1423,Лев-Толстовский,Лев-Толстовский муниципальный район,Липецкая область,42-636-000-000,2018,9999,official_key_2024
1424,Липецкий,Липецкий муниципальный район,Липецкая область,42-640-000-000,2018,9999,official_key_2024
1425,Становлянский,Становлянский муниципальный район,Липецкая область,42-642-000-000,2018,9999,official_key_2024
1426,Тербунский,Тербунский муниципальный район,Липецкая область,42-645-000-000,2018,9999,official_key_2024
1427,Усманский,Усманский муниципальный район,Липецкая область,42-648-000-000,2018,9999,official_key_2024
1428,Хлевенский,Хлевенский муниципальный район,Липецкая область,42-652-000-000,2018,9999,official_key_2024
1429,Чаплыгинский,Чаплыгинский муниципальный район,Липецкая область,42-656-000-000,2018,9999,official_key_2024
1430,Магадан,городской округ город Магадан,Магаданская область,44-701-000-000,2018,9999,official_key_2024
1431,Ольский,муниципальный округ Ольский,Магаданская область,44-502-000-000,2023,9999,official_key_2024
1432,Омсукчанский,муниципальный округ Омсукчанский,Магаданская область,44-504-000-000,2023,9999,official_key_2024
1433,Северо-Эвенский,муниципальный округ Северо-Эвенский,Магаданская область,44-507-000-000,2023,9999,official_key_2024
1434,Среднеканский,муниципальный округ Среднеканский,Магаданская область,44-510-000-000,2023,9999,official_key_2024
1435,Сусуманский,муниципальный округ Сусуманский,Магаданская область,44-513-000-000,2023,9999,official_key_2024
1436,Тенькинский,муниципальный округ Тенькинский,Магаданская область,44-516-000-000,2023,9999,official_key_2024
1437,Хасынский,муниципальный округ Хасынский,Магаданская область,44-519-000-000,2023,9999,official_key_2024
1438,Ягоднинский,муниципальный округ Ягоднинский,Магаданская область,44-522-000-000,2023,9999,official_key_2024
1439,Балашиха,городской округ Балашиха,Московская область,46-704-000-000,2018,9999,official_key_2024
1440,Бронницы,городской округ Бронницы,Московская область,46-705-000-000,2018,9999,official_key_2024
1443,Дзержинский,городской округ Дзержинский,Московская область,46-711-000-000,2018,9999,official_key_2024
1444,Долгопрудный,городской округ Долгопрудный,Московская область,46-716-000-000,2018,9999,official_key_2024
1445,Домодедово,городской округ Домодедово,Московская область,46-709-000-000,2018,9999,official_key_2024
1446,Дубна,городской округ Дубна,Московская область,46-718-000-000,2018,9999,official_key_2024
1447,Егорьевск,городской округ Егорьевск,Московская область,46-722-000-000,2018,9999,official_key_2024
1448,Жуковский,городской округ Жуковский,Московская область,46-725-000-000,2018,9999,official_key_2024
1449,Зарайск,городской округ Зарайск,Московская область,46-729-000-000,2018,9999,official_key_2024
1453,Истра,городской округ Истра,Московская область,46-733-000-000,2018,9999,official_key_2024
1454,Кашира,городской округ Кашира,Московская область,46-735-000-000,2018,9999,official_key_2024
1456,Королёв,городской округ Королёв,Московская область,46-734-000-000,2018,9999,official_key_2024
1457,Котельники,городской округ Котельники,Московская область,46-739-000-000,2018,9999,official_key_2024
1459,Красногорск,городской округ Красногорск,Московская область,46-744-000-000,2018,9999,official_key_2024
1461,Лобня,городской округ Лобня,Московская область,46-740-000-000,2018,9999,official_key_2024
1463,Луховицы,городской округ Луховицы,Московская область,46-747-000-000,2018,9999,official_key_2024
1464,Лыткарино,городской округ Лыткарино,Московская область,46-741-000-000,2018,9999,official_key_2024
1465,Люберцы,городской округ Люберцы,Московская область,46-748-000-000,2018,9999,official_key_2024
1467,Мытищи,городской округ Мытищи,Московская область,46-746-000-000,2018,9999,official_key_2024
1468,Наро-Фоминский,городской округ Наро-Фоминский,Московская область,46-750-000-000,2018,9999,official_key_2024
1471,Павловский Посад,городской округ Павловский Посад,Московская область,46-759-000-000,2018,2024,official_key_2024
1472,Подольск,городской округ Подольск,Московская область,46-760-000-000,2018,9999,official_key_2024
1473,Протвино,городской округ Протвино,Московская область,46-767-000-000,2018,9999,official_key_2024
1474,Пущино,городской округ Пущино,Московская область,46-762-000-000,2018,9999,official_key_2024
1475,Реутов,городской округ Реутов,Московская область,46-764-000-000,2018,9999,official_key_2024
1477,Рузский,городской округ Рузский,Московская область,46-766-000-000,2018,9999,official_key_2024
1478,Серебряные Пруды,городской округ Серебряные Пруды,Московская область,46-772-000-000,2018,9999,official_key_2024
1480,Ступино,городской округ Ступино,Московская область,46-776-000-000,2018,9999,official_key_2024
1481,Фрязино,городской округ Фрязино,Московская область,46-780-000-000,2018,9999,official_key_2024
1483,Черноголовка,городской округ Черноголовка,Московская область,46-781-000-000,2018,9999,official_key_2024
1484,Чехов,городской округ Чехов,Московская область,46-784-000-000,2018,9999,official_key_2024
1486,Шаховская,городской округ Шаховская,Московская область,46-787-000-000,2018,9999,official_key_2024
1487,Электрогорск,городской округ Электрогорск,Московская область,46-791-000-000,2018,2024,official_key_2024
1488,Электросталь,городской округ Электросталь,Московская область,46-790-000-000,2018,9999,official_key_2024
1489,Волоколамский,городской округ Волоколамский,Московская область,46-708-000-000,2020,9999,official_key_2024
1490,Воскресенск,городской округ Воскресенск,Московская область,46-710-000-000,2020,9999,official_key_2024
1491,Дмитровский,городской округ Дмитровский,Московская область,46-715-000-000,2019,9999,official_key_2024
1492,Клин,городской округ Клин,Московская область,46-737-000-000,2019,9999,official_key_2024
1493,Ленинский,городской округ Ленинский,Московская область,46-707-000-000,2021,9999,official_key_2024
1494,Лотошино,городской округ Лотошино,Московская область,46-752-000-000,2020,9999,official_key_2024
1495,Можайский,городской округ Можайский,Московская область,46-745-000-000,2019,9999,official_key_2024
1496,Богородский,городской округ Богородский,Московская область,46-751-000-000,2019,9999,official_key_2024
1500,Раменский,городской округ Раменский,Московская область,46-768-000-000,2020,9999,official_key_2024
1501,Сергиево-Посадский,городской округ Сергиево-Посадский,Московская область,46-728-000-000,2020,9999,official_key_2024
1504,Талдомский,городской округ Талдомский,Московская область,46-778-000-000,2019,9999,official_key_2024
1506,Мурманск,городской округ город Мурманск,Мурманская область,47-701-000-000,2018,9999,official_key_2024
1507,Апатиты,муниципальный округ город Апатиты,Мурманская область,47-519-000-000,2021,9999,official_key_2024
1508,Кировск,муниципальный округ город Кировск,Мурманская область,47-522-000-000,2021,9999,official_key_2024
1509,Мончегорск,муниципальный округ город Мончегорск,Мурманская область,47-524-000-000,2021,9999,official_key_2024
1510,Оленегорск,муниципальный округ город Оленегорск,Мурманская область,47-526-000-000,2021,9999,official_key_2024
1511,Полярные Зори,муниципальный округ город Полярные Зори,Мурманская область,47-528-000-000,2021,9999,official_key_2024
1512,Ковдорский,Ковдорский муниципальный округ,Мурманская область,47-517-000-000,2021,9999,official_key_2024
1518,Кандалакшский,Кандалакшский муниципальный район,Мурманская область,47-608-000-000,2018,9999,official_key_2024
1519,Кольский,Кольский муниципальный район,Мурманская область,47-605-000-000,2018,9999,official_key_2024
1520,Ловозерский,Ловозерский муниципальный район,Мурманская область,47-610-000-000,2018,9999,official_key_2024
1521,Печенгский,Печенгский муниципальный округ,Мурманская область,47-515-000-000,2021,9999,official_key_2024
1522,Терский,Терский муниципальный район,Мурманская область,47-620-000-000,2018,9999,official_key_2024
1523,Нижний Новгород,городской округ город Нижний Новгород,Нижегородская область,22-701-000-000,2018,9999,official_key_2024
1525,Бор,городской округ город Бор,Нижегородская область,22-712-000-000,2018,9999,official_key_2024
1526,Выкса,городской округ город Выкса,Нижегородская область,22-715-000-000,2018,9999,official_key_2024
1527,Дзержинск,городской округ город Дзержинск,Нижегородская область,22-721-000-000,2018,9999,official_key_2024
1528,Кулебаки,городской округ город Кулебаки,Нижегородская область,22-727-000-000,2018,9999,official_key_2024
1529,Навашинский,городской округ Навашинский,Нижегородская область,22-730-000-000,2018,9999,official_key_2024
1530,Перевозский,городской округ Перевозский,Нижегородская область,22-739-000-000,2018,9999,official_key_2024
1532,Семеновский,городской округ Семеновский,Нижегородская область,22-737-000-000,2018,9999,official_key_2024
1533,Шахунья,городской округ город Шахунья,Нижегородская область,22-758-000-000,2018,9999,official_key_2024
1534,Первомайск,городской округ город Первомайск,Нижегородская область,22-734-000-000,2018,9999,official_key_2024
1535,Сокольский,городской округ Сокольский,Нижегородская область,22-749-000-000,2018,9999,official_key_2024
1536,Чкаловск,городской округ город Чкаловск,Нижегородская область,22-755-000-000,2018,9999,official_key_2024
1537,Ардатовский,Ардатовский муниципальный округ,Нижегородская область,22-502-000-000,2023,9999,official_key_2024
1539,Балахнинский,Балахнинский муниципальный округ,Нижегородская область,22-505-000-000,2021,9999,official_key_2024
1540,Богородский,Богородский муниципальный округ,Нижегородская область,22-507-000-000,2021,9999,official_key_2024
1541,Большеболдинский,Большеболдинский муниципальный округ,Нижегородская область,22-509-000-000,2023,9999,official_key_2024
1542,Большемурашкинский,Большемурашкинский муниципальный округ,Нижегородская область,22-510-000-000,2023,9999,official_key_2024
1543,Бутурлинский,Бутурлинский муниципальный округ,Нижегородская область,22-512-000-000,2021,9999,official_key_2024
1544,Вадский,Вадский муниципальный округ,Нижегородская область,22-514-000-000,2021,9999,official_key_2024
1545,Варнавинский,Варнавинский муниципальный округ,Нижегородская область,22-515-000-000,2023,9999,official_key_2024
1546,Вачский,Вачский муниципальный округ,Нижегородская область,22-517-000-000,2023,9999,official_key_2024
1547,Ветлужский,Ветлужский муниципальный округ,Нижегородская область,22-518-000-000,2023,9999,official_key_2024
1548,Вознесенский,Вознесенский муниципальный округ,Нижегородская область,22-519-000-000,2023,9999,official_key_2024
1549,Володарский,Володарский муниципальный округ,Нижегородская область,22-520-000-000,2023,9999,official_key_2024
1550,Воротынский,городской округ Воротынский,Нижегородская область,22-719-000-000,2020,9999,official_key_2024
1551,Воскресенский,Воскресенский муниципальный округ,Нижегородская область,22-522-000-000,2023,9999,official_key_2024
1552,Гагинский,Гагинский муниципальный округ,Нижегородская область,22-526-000-000,2023,9999,official_key_2024
1553,Городецкий,Городецкий муниципальный округ,Нижегородская область,22-528-000-000,2023,9999,official_key_2024
1554,Дальнеконстантиновский,Дальнеконстантиновский муниципальный округ,Нижегородская область,22-530-000-000,2023,9999,official_key_2024
1555,Дивеевский,Дивеевский муниципальный округ,Нижегородская область,22-532-000-000,2021,9999,official_key_2024
1556,Княгининский,Княгининский муниципальный округ,Нижегородская область,22-533-000-000,2023,9999,official_key_2024
1557,Ковернинский,Ковернинский муниципальный округ,Нижегородская область,22-534-000-000,2021,9999,official_key_2024
1558,Краснобаковский,Краснобаковский муниципальный округ,Нижегородская область,22-535-000-000,2023,9999,official_key_2024
1559,Краснооктябрьский,Краснооктябрьский муниципальный округ,Нижегородская область,22-536-000-000,2023,9999,official_key_2024
1560,Кстовский,Кстовский муниципальный округ,Нижегородская область,22-537-000-000,2022,9999,official_key_2024
1561,Лукояновский,Лукояновский муниципальный округ,Нижегородская область,22-539-000-000,2023,9999,official_key_2024
1562,Лысковский,Лысковский муниципальный округ,Нижегородская область,22-540-000-000,2021,9999,official_key_2024
1563,Павловский,Павловский муниципальный округ,Нижегородская область,22-542-000-000,2021,9999,official_key_2024
1564,Пильнинский,Пильнинский муниципальный округ,Нижегородская область,22-545-000-000,2023,9999,official_key_2024
1565,Починковский,Починковский муниципальный округ,Нижегородская область,22-546-000-000,2021,9999,official_key_2024
1566,Сергачский,Сергачский муниципальный округ,Нижегородская область,22-548-000-000,2023,9999,official_key_2024
1567,Сеченовский,Сеченовский муниципальный округ,Нижегородская область,22-549-000-000,2023,9999,official_key_2024
1568,Сосновский,Сосновский муниципальный округ,Нижегородская область,22-550-000-000,2023,9999,official_key_2024
1569,Спасский,Спасский муниципальный округ,Нижегородская область,22-551-000-000,2023,9999,official_key_2024
1570,Тонкинский,Тонкинский муниципальный округ,Нижегородская область,22-552-000-000,2023,9999,official_key_2024
1571,Тоншаевский,Тоншаевский муниципальный округ,Нижегородская область,22-553-000-000,2021,9999,official_key_2024
1572,Уренский,Уренский муниципальный округ,Нижегородская область,22-554-000-000,2021,9999,official_key_2024
1573,Шарангский,Шарангский муниципальный округ,Нижегородская область,22-556-000-000,2023,9999,official_key_2024
1574,Шатковский,Шатковский муниципальный округ,Нижегородская область,22-557-000-000,2023,9999,official_key_2024
1575,Великий Новгород,городской округ Великий Новгород,Новгородская область,49-701-000-000,2018,9999,official_key_2024
1576,Батецкий,Батецкий муниципальный район,Новгородская область,49-603-000-000,2018,9999,official_key_2024
1577,Боровичский,Боровичский муниципальный район,Новгородская область,49-606-000-000,2018,9999,official_key_2024
1578,Валдайский,Валдайский муниципальный район,Новгородская область,49-608-000-000,2018,9999,official_key_2024
1579,Волотовский,муниципальный округ Волотовский,Новгородская область,49-510-000-000,2021,9999,official_key_2024
1580,Демянский,муниципальный округ Демянский,Новгородская область,49-512-000-000,2024,9999,official_key_2024
1581,Крестецкий,муниципальный округ Крестецкий,Новгородская область,49-514-000-000,2024,9999,official_key_2024
1582,Любытинский,Любытинский муниципальный район,Новгородская область,49-616-000-000,2018,9999,official_key_2024
1583,Маловишерский,Маловишерский муниципальный район,Новгородская область,49-620-000-000,2018,9999,official_key_2024
1584,Марёвский,муниципальный округ Марёвский,Новгородская область,49-523-000-000,2021,9999,official_key_2024
1585,Мошенской,муниципальный округ Мошенской,Новгородская область,49-524-000-000,2024,9999,official_key_2024
1586,Новгородский,Новгородский муниципальный район,Новгородская область,49-625-000-000,2018,9999,official_key_2024
1587,Окуловский,Окуловский муниципальный район,Новгородская область,49-628-000-000,2018,9999,official_key_2024
1588,Парфинский,Парфинский муниципальный район,Новгородская область,49-630-000-000,2018,9999,official_key_2024
1589,Пестовский,муниципальный округ Пестовский,Новгородская область,49-532-000-000,2024,9999,official_key_2024
1590,Поддорский,Поддорский муниципальный район,Новгородская область,49-634-000-000,2018,9999,official_key_2024
1591,Солецкий,муниципальный округ Солецкий,Новгородская область,49-538-000-000,2021,9999,official_key_2024
1592,Старорусский,Старорусский муниципальный район,Новгородская область,49-639-000-000,2018,9999,official_key_2024
1593,Хвойнинский,муниципальный округ Хвойнинский,Новгородская область,49-545-000-000,2021,9999,official_key_2024
1594,Холмский,Холмский муниципальный район,Новгородская область,49-647-000-000,2018,9999,official_key_2024
1595,Чудовский,Чудовский муниципальный район,Новгородская область,49-650-000-000,2018,9999,official_key_2024
1596,Шимский,Шимский муниципальный район,Новгородская область,49-655-000-000,2018,9999,official_key_2024
1597,Новосибирск,городской округ город Новосибирск,Новосибирская область,50-701-000-000,2018,9999,official_key_2024
1598,Бердск,городской округ город Бердск,Новосибирская область,50-708-000-000,2018,9999,official_key_2024
1599,Искитим,городской округ город Искитим,Новосибирская область,50-712-000-000,2018,9999,official_key_2024
1600,Обь,городской округ город Обь,Новосибирская область,50-717-000-000,2018,9999,official_key_2024
1601,Кольцово,городской округ рабочий поселок Кольцово,Новосибирская область,50-740-000-000,2018,9999,official_key_2024
1602,Баганский,Баганский муниципальный район,Новосибирская область,50-603-000-000,2018,9999,official_key_2024
1603,Барабинский,Барабинский муниципальный район,Новосибирская область,50-604-000-000,2018,9999,official_key_2024
1604,Болотнинский,Болотнинский муниципальный район,Новосибирская область,50-606-000-000,2018,9999,official_key_2024
1605,Венгеровский,Венгеровский муниципальный район,Новосибирская область,50-608-000-000,2018,9999,official_key_2024
1606,Доволенский,Доволенский муниципальный район,Новосибирская область,50-610-000-000,2018,9999,official_key_2024
1607,Здвинский,Здвинский муниципальный район,Новосибирская область,50-613-000-000,2018,9999,official_key_2024
1608,Искитимский,Искитимский муниципальный район,Новосибирская область,50-615-000-000,2018,9999,official_key_2024
1609,Карасукский,Карасукский муниципальный район,Новосибирская область,50-617-000-000,2018,9999,official_key_2024
1610,Каргатский,Каргатский муниципальный район,Новосибирская область,50-619-000-000,2018,9999,official_key_2024
1611,Колыванский,Колыванский муниципальный район,Новосибирская область,50-621-000-000,2018,9999,official_key_2024
1612,Коченевский,Коченевский муниципальный район,Новосибирская область,50-623-000-000,2018,9999,official_key_2024
1613,Кочковский,Кочковский муниципальный район,Новосибирская область,50-625-000-000,2018,9999,official_key_2024
1614,Краснозерский,Краснозерский муниципальный район,Новосибирская область,50-627-000-000,2018,9999,official_key_2024
1615,Куйбышевский,Куйбышевский муниципальный район,Новосибирская область,50-630-000-000,2018,9999,official_key_2024
1616,Купинский,Купинский муниципальный район,Новосибирская область,50-632-000-000,2018,9999,official_key_2024
1617,Кыштовский,Кыштовский муниципальный район,Новосибирская область,50-634-000-000,2018,9999,official_key_2024
1618,Маслянинский,Маслянинский муниципальный район,Новосибирская область,50-636-000-000,2018,9999,official_key_2024
1619,Мошковский,Мошковский муниципальный район,Новосибирская область,50-638-000-000,2018,9999,official_key_2024
1620,Новосибирский,Новосибирский муниципальный район,Новосибирская область,50-640-000-000,2018,9999,official_key_2024
1621,Ордынский,Ордынский муниципальный район,Новосибирская область,50-642-000-000,2018,9999,official_key_2024
1622,Северный,Северный муниципальный район,Новосибирская область,50-644-000-000,2018,9999,official_key_2024
1623,Сузунский,Сузунский муниципальный район,Новосибирская область,50-648-000-000,2018,9999,official_key_2024
1624,Татарский,Татарский муниципальный район,Новосибирская область,50-650-000-000,2018,9999,official_key_2024
1625,Тогучинский,Тогучинский муниципальный район,Новосибирская область,50-652-000-000,2018,9999,official_key_2024
1626,Убинский,Убинский муниципальный район,Новосибирская область,50-654-000-000,2018,9999,official_key_2024
1627,Усть-Таркский,Усть-Таркский муниципальный район,Новосибирская область,50-655-000-000,2018,9999,official_key_2024
1628,Чановский,Чановский муниципальный район,Новосибирская область,50-656-000-000,2018,9999,official_key_2024
1629,Черепановский,Черепановский муниципальный район,Новосибирская область,50-657-000-000,2018,9999,official_key_2024
1630,Чистоозерный,Чистоозерный муниципальный район,Новосибирская область,50-658-000-000,2018,9999,official_key_2024
1631,Чулымский,Чулымский муниципальный район,Новосибирская область,50-659-000-000,2018,9999,official_key_2024
1632,Омск,городской округ город Омск,Омская область,52-701-000-000,2018,9999,official_key_2024
1633,Азовский немецкий,Азовский немецкий национальный муниципальный район,Омская область,52-601-000-000,2018,9999,official_key_2024
1634,Большереченский,Большереченский муниципальный район,Омская область,52-603-000-000,2018,9999,official_key_2024
1635,Большеуковский,Большеуковский муниципальный район,Омская область,52-606-000-000,2018,9999,official_key_2024
1636,Горьковский,Горьковский муниципальный район,Омская область,52-609-000-000,2018,9999,official_key_2024
1637,Знаменский,Знаменский муниципальный район,Омская область,52-612-000-000,2018,9999,official_key_2024
1638,Исилькульский,Исилькульский муниципальный район,Омская область,52-615-000-000,2018,9999,official_key_2024
1639,Калачинский,Калачинский муниципальный район,Омская область,52-618-000-000,2018,9999,official_key_2024
1640,Колосовский,Колосовский муниципальный район,Омская область,52-621-000-000,2018,9999,official_key_2024
1641,Кормиловский,Кормиловский муниципальный район,Омская область,52-623-000-000,2018,9999,official_key_2024
1642,Крутинский,Крутинский муниципальный район,Омская область,52-626-000-000,2018,9999,official_key_2024
1643,Любинский,Любинский муниципальный район,Омская область,52-629-000-000,2018,9999,official_key_2024
1644,Марьяновский,Марьяновский муниципальный район,Омская область,52-630-000-000,2018,9999,official_key_2024
1645,Москаленский,Москаленский муниципальный район,Омская область,52-632-000-000,2018,9999,official_key_2024
1646,Муромцевский,Муромцевский муниципальный район,Омская область,52-634-000-000,2018,9999,official_key_2024
1647,Называевский,Называевский муниципальный район,Омская область,52-636-000-000,2018,9999,official_key_2024
1648,Нижнеомский,Нижнеомский муниципальный район,Омская область,52-639-000-000,2018,9999,official_key_2024
1649,Нововаршавский,Нововаршавский муниципальный район,Омская область,52-641-000-000,2018,9999,official_key_2024
1650,Одесский,Одесский муниципальный район,Омская область,52-642-000-000,2018,9999,official_key_2024
1651,Оконешниковский,Оконешниковский муниципальный район,Омская область,52-643-000-000,2018,9999,official_key_2024
1652,Омский,Омский муниципальный район,Омская область,52-644-000-000,2018,9999,official_key_2024
1653,Павлоградский,Павлоградский муниципальный район,Омская область,52-646-000-000,2018,9999,official_key_2024
1654,Полтавский,Полтавский муниципальный район,Омская область,52-648-000-000,2018,9999,official_key_2024
1655,Русско-Полянский,Русско-Полянский муниципальный район,Омская область,52-650-000-000,2018,9999,official_key_2024
1656,Саргатский,Саргатский муниципальный район,Омская область,52-651-000-000,2018,9999,official_key_2024
1657,Седельниковский,Седельниковский муниципальный район,Омская область,52-652-000-000,2018,9999,official_key_2024
1658,Таврический,Таврический муниципальный район,Омская область,52-653-000-000,2018,9999,official_key_2024
1659,Тарский,Тарский муниципальный район,Омская область,52-654-000-000,2018,9999,official_key_2024
1660,Тевризский,Тевризский муниципальный район,Омская область,52-655-000-000,2018,9999,official_key_2024
1661,Тюкалинский,Тюкалинский муниципальный район,Омская область,52-656-000-000,2018,9999,official_key_2024
1662,Усть-Ишимский,Усть-Ишимский муниципальный район,Омская область,52-657-000-000,2018,9999,official_key_2024
1663,Черлакский,Черлакский муниципальный район,Омская область,52-658-000-000,2018,9999,official_key_2024
1664,Шербакульский,Шербакульский муниципальный район,Омская область,52-659-000-000,2018,9999,official_key_2024
1665,Оренбург,городской округ город Оренбург,Оренбургская область,53-701-000-000,2018,9999,official_key_2024
1666,Абдулинский,городской округ Абдулинский,Оренбургская область,53-704-000-000,2018,9999,official_key_2024
1667,Бугуруслан,городской округ город Бугуруслан,Оренбургская область,53-708-000-000,2018,9999,official_key_2024
1668,Бузулук,городской округ город Бузулук,Оренбургская область,53-712-000-000,2018,9999,official_key_2024
1669,Гайский,городской округ Гайский,Оренбургская область,53-713-000-000,2018,9999,official_key_2024
1670,Кувандыкский,городской округ Кувандыкский,Оренбургская область,53-714-000-000,2018,9999,official_key_2024
1671,Медногорск,городской округ город Медногорск,Оренбургская область,53-715-000-000,2018,9999,official_key_2024
1672,Новотроицк,городской округ город Новотроицк,Оренбургская область,53-720-000-000,2018,9999,official_key_2024
1673,Орск,городской округ город Орск,Оренбургская область,53-723-000-000,2018,9999,official_key_2024
1674,Соль-Илецкий,городской округ Соль-Илецкий,Оренбургская область,53-725-000-000,2018,9999,official_key_2024
1675,Сорочинский,городской округ Сорочинский,Оренбургская область,53-727-000-000,2018,9999,official_key_2024
1676,Ясненский,городской округ Ясненский,Оренбургская область,53-732-000-000,2018,9999,official_key_2024
1678,Адамовский,Адамовский муниципальный район,Оренбургская область,53-604-000-000,2018,9999,official_key_2024
1679,Акбулакский,Акбулакский муниципальный район,Оренбургская область,53-605-000-000,2018,9999,official_key_2024
1680,Александровский,Александровский муниципальный район,Оренбургская область,53-606-000-000,2018,9999,official_key_2024
1681,Асекеевский,Асекеевский муниципальный район,Оренбургская область,53-607-000-000,2018,9999,official_key_2024
1682,Беляевский,Беляевский муниципальный район,Оренбургская область,53-610-000-000,2018,9999,official_key_2024
1683,Бугурусланский,Бугурусланский муниципальный район,Оренбургская область,53-611-000-000,2018,9999,official_key_2024
1684,Бузулукский,Бузулукский муниципальный район,Оренбургская область,53-612-000-000,2018,9999,official_key_2024
1685,Грачёвский,Грачёвский муниципальный район,Оренбургская область,53-615-000-000,2018,9999,official_key_2024
1686,Домбаровский,Домбаровский муниципальный район,Оренбургская область,53-617-000-000,2018,9999,official_key_2024
1687,Илекский,Илекский муниципальный район,Оренбургская область,53-619-000-000,2018,9999,official_key_2024
1688,Кваркенский,Кваркенский муниципальный район,Оренбургская область,53-622-000-000,2018,9999,official_key_2024
1689,Красногвардейский,Красногвардейский муниципальный район,Оренбургская область,53-623-000-000,2018,9999,official_key_2024
1690,Курманаевский,Курманаевский муниципальный район,Оренбургская область,53-625-000-000,2018,9999,official_key_2024
1691,Матвеевский,Матвеевский муниципальный район,Оренбургская область,53-627-000-000,2018,9999,official_key_2024
1692,Новоорский,Новоорский муниципальный район,Оренбургская область,53-630-000-000,2018,9999,official_key_2024
1693,Новосергиевский,Новосергиевский муниципальный район,Оренбургская область,53-631-000-000,2018,9999,official_key_2024
1694,Октябрьский,Октябрьский муниципальный район,Оренбургская область,53-633-000-000,2018,9999,official_key_2024
1695,Оренбургский,Оренбургский муниципальный район,Оренбургская область,53-634-000-000,2018,9999,official_key_2024
1696,Первомайский,Первомайский муниципальный район,Оренбургская область,53-636-000-000,2018,9999,official_key_2024
1697,Переволоцкий,Переволоцкий муниципальный район,Оренбургская область,53-637-000-000,2018,9999,official_key_2024
1698,Пономарёвский,Пономарёвский муниципальный район,Оренбургская область,53-638-000-000,2018,9999,official_key_2024
1699,Сакмарский,Сакмарский муниципальный район,Оренбургская область,53-640-000-000,2018,9999,official_key_2024
1700,Саракташский,Саракташский муниципальный район,Оренбургская область,53-641-000-000,2018,9999,official_key_2024
1701,Светлинский,Светлинский муниципальный район,Оренбургская область,53-642-000-000,2018,9999,official_key_2024
1702,Северный,Северный муниципальный район,Оренбургская область,53-643-000-000,2018,9999,official_key_2024
1703,Ташлинский,Ташлинский муниципальный район,Оренбургская область,53-651-000-000,2018,9999,official_key_2024
1704,Тоцкий,Тоцкий муниципальный район,Оренбургская область,53-652-000-000,2018,9999,official_key_2024
1705,Тюльганский,Тюльганский муниципальный район,Оренбургская область,53-653-000-000,2018,9999,official_key_2024
1706,Шарлыкский,Шарлыкский муниципальный район,Оренбургская область,53-656-000-000,2018,9999,official_key_2024
1707,Орёл,городской округ город Орёл,Орловская область,54-701-000-000,2018,9999,official_key_2024
1708,Ливны,городской округ город Ливны,Орловская область,54-705-000-000,2018,9999,official_key_2024
1709,Мценск,городской округ город Мценск,Орловская область,54-710-000-000,2018,9999,official_key_2024
1710,Болховский,Болховский муниципальный район,Орловская область,54-604-000-000,2018,9999,official_key_2024
1711,Верховский,Верховский муниципальный район,Орловская область,54-608-000-000,2018,9999,official_key_2024
1712,Глазуновский,Глазуновский муниципальный район,Орловская область,54-610-000-000,2018,9999,official_key_2024
1713,Дмитровский,Дмитровский муниципальный район,Орловская область,54-612-000-000,2018,9999,official_key_2024
1714,Должанский,Должанский муниципальный район,Орловская область,54-615-000-000,2018,9999,official_key_2024
1715,Залегощенский,Залегощенский муниципальный район,Орловская область,54-618-000-000,2018,9999,official_key_2024
1716,Знаменский,Знаменский муниципальный район,Орловская область,54-620-000-000,2018,9999,official_key_2024
1717,Колпнянский,Колпнянский муниципальный район,Орловская область,54-623-000-000,2018,9999,official_key_2024
1718,Краснозоренский,Краснозоренский муниципальный район,Орловская область,54-624-000-000,2018,9999,official_key_2024
1719,Кромской,Кромской муниципальный район,Орловская область,54-625-000-000,2018,9999,official_key_2024
1720,Корсаковский,Корсаковский муниципальный район,Орловская область,54-626-000-000,2018,9999,official_key_2024
1721,Ливенский,Ливенский муниципальный район,Орловская область,54-629-000-000,2018,9999,official_key_2024
1722,Малоархангельский,Малоархангельский муниципальный район,Орловская область,54-632-000-000,2018,9999,official_key_2024
1723,Мценский,Мценский муниципальный район,Орловская область,54-636-000-000,2018,9999,official_key_2024
1724,Новодеревеньковский,Новодеревеньковский муниципальный район,Орловская область,54-639-000-000,2018,9999,official_key_2024
1725,Новосильский,Новосильский муниципальный район,Орловская область,54-643-000-000,2018,9999,official_key_2024
1726,Орловский,муниципальный округ Орловский,Орловская область,54-501-000-000,2022,9999,official_key_2024
1727,Покровский,Покровский муниципальный район,Орловская область,54-650-000-000,2018,9999,official_key_2024
1728,Свердловский,Свердловский муниципальный район,Орловская область,54-652-000-000,2018,9999,official_key_2024
1729,Сосковский,Сосковский муниципальный район,Орловская область,54-653-000-000,2018,9999,official_key_2024
1730,Троснянский,Троснянский муниципальный район,Орловская область,54-654-000-000,2018,9999,official_key_2024
1731,Урицкий,Урицкий муниципальный район,Орловская область,54-655-000-000,2018,9999,official_key_2024
1732,Хотынецкий,Хотынецкий муниципальный район,Орловская область,54-657-000-000,2018,9999,official_key_2024
1733,Шаблыкинский,Шаблыкинский муниципальный район,Орловская область,54-659-000-000,2018,9999,official_key_2024
1737,Башмаковский,Башмаковский муниципальный район,Пензенская область,56-603-000-000,2018,9999,official_key_2024
1738,Бековский,Бековский муниципальный район,Пензенская область,56-609-000-000,2018,9999,official_key_2024
1739,Белинский,Белинский муниципальный район,Пензенская область,56-612-000-000,2018,9999,official_key_2024
1740,Бессоновский,Бессоновский муниципальный район,Пензенская область,56-613-000-000,2018,9999,official_key_2024
1741,Вадинский,Вадинский муниципальный район,Пензенская область,56-615-000-000,2018,9999,official_key_2024
1742,Городищенский,Городищенский муниципальный район,Пензенская область,56-618-000-000,2018,9999,official_key_2024
1743,Земетчинский,Земетчинский муниципальный район,Пензенская область,56-623-000-000,2018,9999,official_key_2024
1744,Иссинский,Иссинский муниципальный район,Пензенская область,56-626-000-000,2018,9999,official_key_2024
1745,Каменский,Каменский муниципальный район,Пензенская область,56-629-000-000,2018,9999,official_key_2024
1746,Камешкирский,Камешкирский муниципальный район,Пензенская область,56-631-000-000,2018,9999,official_key_2024
1747,Колышлейский,Колышлейский муниципальный район,Пензенская область,56-633-000-000,2018,9999,official_key_2024
1749,Лопатинский,Лопатинский муниципальный район,Пензенская область,56-642-000-000,2018,9999,official_key_2024
1750,Лунинский,Лунинский муниципальный район,Пензенская область,56-643-000-000,2018,9999,official_key_2024
1751,Малосердобинский,Малосердобинский муниципальный район,Пензенская область,56-644-000-000,2018,9999,official_key_2024
1752,Мокшанский,Мокшанский муниципальный район,Пензенская область,56-645-000-000,2018,9999,official_key_2024
1753,Наровчатский,Наровчатский муниципальный район,Пензенская область,56-647-000-000,2018,9999,official_key_2024
1754,Неверкинский,Неверкинский муниципальный район,Пензенская область,56-649-000-000,2018,9999,official_key_2024
1755,Нижнеломовский,Нижнеломовский муниципальный район,Пензенская область,56-651-000-000,2018,9999,official_key_2024
1756,Никольский,Никольский муниципальный район,Пензенская область,56-653-000-000,2018,9999,official_key_2024
1757,Пачелмский,Пачелмский муниципальный район,Пензенская область,56-654-000-000,2018,9999,official_key_2024
1758,Пензенский,Пензенский муниципальный район,Пензенская область,56-655-000-000,2018,9999,official_key_2024
1759,Сердобский,Сердобский муниципальный район,Пензенская область,56-656-000-000,2018,9999,official_key_2024
1760,Сосновоборский,Сосновоборский муниципальный район,Пензенская область,56-657-000-000,2018,9999,official_key_2024
1761,Спасский,Спасский муниципальный район,Пензенская область,56-606-000-000,2018,9999,official_key_2024
1762,Тамалинский,Тамалинский муниципальный район,Пензенская область,56-658-000-000,2018,9999,official_key_2024
1763,Шемышейский,Шемышейский муниципальный район,Пензенская область,56-659-000-000,2018,9999,official_key_2024
1764,Псков,городской округ город Псков,Псковская область,58-701-000-000,2018,9999,official_key_2024
1765,Великие Луки,городской округ город Великие Луки,Псковская область,58-710-000-000,2018,9999,official_key_2024
1766,Бежаницкий,Бежаницкий муниципальный район,Псковская область,58-604-000-000,2018,9999,official_key_2024
1767,Великолукский,Великолукский муниципальный район,Псковская область,58-606-000-000,2018,9999,official_key_2024
1768,Гдовский,Гдовский муниципальный район,Псковская область,58-608-000-000,2018,9999,official_key_2024
1769,Дедовичский,Дедовичский муниципальный район,Псковская область,58-610-000-000,2018,9999,official_key_2024
1770,Дновский,Дновский муниципальный район,Псковская область,58-612-000-000,2018,9999,official_key_2024
1771,Красногородский,муниципальный округ Красногородский,Псковская область,58-514-000-000,2024,9999,official_key_2024
1772,Куньинский,Куньинский муниципальный район,Псковская область,58-616-000-000,2018,9999,official_key_2024
1773,Локнянский,муниципальный округ Локнянский,Псковская область,58-518-000-000,2024,9999,official_key_2024
1774,Невельский,муниципальный округ Невельский,Псковская область,58-520-000-000,2024,9999,official_key_2024
1775,Новоржевский,муниципальный округ Новоржевский,Псковская область,58-523-000-000,2024,9999,official_key_2024
1776,Новосокольнический,Новосокольнический муниципальный район,Псковская область,58-626-000-000,2018,9999,official_key_2024
1777,Опочецкий,муниципальный округ Опочецкий,Псковская область,58-529-000-000,2024,9999,official_key_2024
1778,Островский,Островский муниципальный район,Псковская область,58-633-000-000,2018,9999,official_key_2024
1779,Палкинский,Палкинский муниципальный район,Псковская область,58-637-000-000,2018,9999,official_key_2024
1780,Печорский,муниципальный округ Печорский,Псковская область,58-540-000-000,2024,9999,official_key_2024
1781,Плюсский,Плюсский муниципальный район,Псковская область,58-643-000-000,2018,9999,official_key_2024
1782,Порховский,Порховский муниципальный район,Псковская область,58-647-000-000,2018,9999,official_key_2024
1783,Псковский,Псковский муниципальный район,Псковская область,58-649-000-000,2018,9999,official_key_2024
1784,Пустошкинский,Пустошкинский муниципальный район,Псковская область,58-650-000-000,2018,9999,official_key_2024
1785,Пушкиногорский,Пушкиногорский муниципальный район,Псковская область,58-651-000-000,2018,9999,official_key_2024
1786,Пыталовский,муниципальный округ Пыталовский,Псковская область,58-553-000-000,2024,9999,official_key_2024
1787,Себежский,Себежский муниципальный район,Псковская область,58-654-000-000,2018,9999,official_key_2024
1788,Струго-Красненский,муниципальный округ Струго-Красненский,Псковская область,58-556-000-000,2024,9999,official_key_2024
1789,Усвятский,Усвятский муниципальный район,Псковская область,58-658-000-000,2018,9999,official_key_2024
1845,Рязань,городской округ город Рязань,Рязанская область,61-701-000-000,2018,9999,official_key_2024
1846,Касимов,городской округ город Касимов,Рязанская область,61-705-000-000,2018,9999,official_key_2024
1847,Сасово,городской округ город Сасово,Рязанская область,61-710-000-000,2018,2024,official_key_2024
1848,Скопин,городской округ город Скопин,Рязанская область,61-715-000-000,2018,9999,official_key_2024
1849,Ермишинский,Ермишинский муниципальный район,Рязанская область,61-602-000-000,2018,9999,official_key_2024
1850,Захаровский,Захаровский муниципальный район,Рязанская область,61-604-000-000,2018,9999,official_key_2024
1851,Кадомский,Кадомский муниципальный район,Рязанская область,61-606-000-000,2018,9999,official_key_2024
1852,Касимовский,Касимовский муниципальный район,Рязанская область,61-608-000-000,2018,9999,official_key_2024
1853,Клепиковский,Клепиковский муниципальный район,Рязанская область,61-610-000-000,2018,9999,official_key_2024
1854,Кораблинский,Кораблинский муниципальный район,Рязанская область,61-612-000-000,2018,9999,official_key_2024
1855,Милославский,Милославский муниципальный район,Рязанская область,61-615-000-000,2018,9999,official_key_2024
1856,Михайловский,Михайловский муниципальный район,Рязанская область,61-617-000-000,2018,9999,official_key_2024
1857,Александро-Невский,Александро-Невский муниципальный район,Рязанская область,61-620-000-000,2018,9999,official_key_2024
1858,Пителинский,Пителинский муниципальный район,Рязанская область,61-623-000-000,2018,9999,official_key_2024
1859,Пронский,Пронский муниципальный район,Рязанская область,61-625-000-000,2018,9999,official_key_2024
1860,Путятинский,Путятинский муниципальный округ,Рязанская область,61-526-000-000,2024,9999,official_key_2024
1861,Рыбновский,Рыбновский муниципальный район,Рязанская область,61-627-000-000,2018,9999,official_key_2024
1862,Ряжский,Ряжский муниципальный округ,Рязанская область,61-530-000-000,2024,9999,official_key_2024
1863,Рязанский,Рязанский муниципальный район,Рязанская область,61-634-000-000,2018,9999,official_key_2024
1864,Сапожковский,Сапожковский муниципальный район,Рязанская область,61-637-000-000,2018,9999,official_key_2024
1865,Сараевский,Сараевский муниципальный район,Рязанская область,61-640-000-000,2018,9999,official_key_2024
1868,Спасский,Спасский муниципальный район,Рязанская область,61-646-000-000,2018,9999,official_key_2024
1869,Старожиловский,Старожиловский муниципальный район,Рязанская область,61-648-000-000,2018,9999,official_key_2024
1870,Ухоловский,Ухоловский муниципальный район,Рязанская область,61-650-000-000,2018,9999,official_key_2024
1871,Чучковский,Чучковский муниципальный район,Рязанская область,61-653-000-000,2018,9999,official_key_2024
1872,Шацкий,Шацкий муниципальный район,Рязанская область,61-656-000-000,2018,9999,official_key_2024
1873,Шиловский,Шиловский муниципальный район,Рязанская область,61-658-000-000,2018,9999,official_key_2024
1874,Самара,городской округ Самара,Самарская область,36-701-000-000,2018,9999,official_key_2024
1875,Жигулевск,городской округ Жигулевск,Самарская область,36-704-000-000,2018,9999,official_key_2024
1876,Кинель,городской округ Кинель,Самарская область,36-708-000-000,2018,9999,official_key_2024
1877,Новокуйбышевск,городской округ Новокуйбышевск,Самарская область,36-713-000-000,2018,9999,official_key_2024
1878,Октябрьск,городской округ Октябрьск,Самарская область,36-718-000-000,2018,9999,official_key_2024
1879,Отрадный,городской округ Отрадный,Самарская область,36-724-000-000,2018,9999,official_key_2024
1880,Похвистнево,городской округ Похвистнево,Самарская область,36-727-000-000,2018,9999,official_key_2024
1881,Сызрань,городской округ Сызрань,Самарская область,36-735-000-000,2018,9999,official_key_2024
1882,Тольятти,городской округ Тольятти,Самарская область,36-740-000-000,2018,9999,official_key_2024
1883,Чапаевск,городской округ Чапаевск,Самарская область,36-750-000-000,2018,9999,official_key_2024
1884,Алексеевский,Алексеевский муниципальный район,Самарская область,36-602-000-000,2018,9999,official_key_2024
1885,Безенчукский,Безенчукский муниципальный район,Самарская область,36-604-000-000,2018,9999,official_key_2024
1886,Богатовский,Богатовский муниципальный район,Самарская область,36-606-000-000,2018,9999,official_key_2024
1887,Большеглушицкий,Большеглушицкий муниципальный район,Самарская область,36-608-000-000,2018,9999,official_key_2024
1888,Большечерниговский,Большечерниговский муниципальный район,Самарская область,36-610-000-000,2018,9999,official_key_2024
1889,Борский,Борский муниципальный район,Самарская область,36-612-000-000,2018,9999,official_key_2024
1890,Волжский,Волжский муниципальный район,Самарская область,36-614-000-000,2018,9999,official_key_2024
1891,Елховский,Елховский муниципальный район,Самарская область,36-615-000-000,2018,9999,official_key_2024
1892,Исаклинский,Исаклинский муниципальный район,Самарская область,36-616-000-000,2018,9999,official_key_2024
1893,Камышлинский,Камышлинский муниципальный район,Самарская область,36-617-000-000,2018,9999,official_key_2024
1894,Кинельский,Кинельский муниципальный район,Самарская область,36-618-000-000,2018,9999,official_key_2024
1895,Кинель-Черкасский,Кинель-Черкасский муниципальный район,Самарская область,36-620-000-000,2018,9999,official_key_2024
1896,Клявлинский,Клявлинский муниципальный район,Самарская область,36-622-000-000,2018,9999,official_key_2024
1897,Кошкинский,Кошкинский муниципальный район,Самарская область,36-624-000-000,2018,9999,official_key_2024
1898,Красноармейский,Красноармейский муниципальный район,Самарская область,36-626-000-000,2018,9999,official_key_2024
1899,Красноярский,Красноярский муниципальный район,Самарская область,36-628-000-000,2018,9999,official_key_2024
1900,Нефтегорский,Нефтегорский муниципальный район,Самарская область,36-630-000-000,2018,9999,official_key_2024
1901,Пестравский,Пестравский муниципальный район,Самарская область,36-632-000-000,2018,9999,official_key_2024
1902,Похвистневский,Похвистневский муниципальный район,Самарская область,36-634-000-000,2018,9999,official_key_2024
1903,Приволжский,Приволжский муниципальный район,Самарская область,36-636-000-000,2018,9999,official_key_2024
1904,Сергиевский,Сергиевский муниципальный район,Самарская область,36-638-000-000,2018,9999,official_key_2024
1905,Ставропольский,Ставропольский муниципальный район,Самарская область,36-640-000-000,2018,9999,official_key_2024
1906,Сызранский,Сызранский муниципальный район,Самарская область,36-642-000-000,2018,9999,official_key_2024
1907,Хворостянский,Хворостянский муниципальный район,Самарская область,36-644-000-000,2018,9999,official_key_2024
1908,Челно-Вершинский,Челно-Вершинский муниципальный район,Самарская область,36-646-000-000,2018,9999,official_key_2024
1909,Шенталинский,Шенталинский муниципальный район,Самарская область,36-648-000-000,2018,9999,official_key_2024
1910,Шигонский,Шигонский муниципальный район,Самарская область,36-650-000-000,2018,9999,official_key_2024
1912,Шиханы,городской округ город Шиханы,Саратовская область,63-746-000-000,2020,9999,official_key_2024
1913,Михайловский,городской округ поселок Михайловский,Саратовская область,63-760-000-000,2020,9999,official_key_2024
1915,Александрово-Гайский,Александрово-Гайский муниципальный район,Саратовская область,63-602-000-000,2018,9999,official_key_2024
1916,Аркадакский,Аркадакский муниципальный район,Саратовская область,63-603-000-000,2018,9999,official_key_2024
1917,Аткарский,Аткарский муниципальный район,Саратовская область,63-604-000-000,2018,9999,official_key_2024
1918,Базарно-Карабулакский,Базарно-Карабулакский муниципальный район,Саратовская область,63-606-000-000,2018,9999,official_key_2024
1919,Балаковский,Балаковский муниципальный район,Саратовская область,63-607-000-000,2018,9999,official_key_2024
1920,Балашовский,Балашовский муниципальный район,Саратовская область,63-608-000-000,2018,9999,official_key_2024
1921,Балтайский,Балтайский муниципальный район,Саратовская область,63-609-000-000,2018,9999,official_key_2024
1922,Вольский,Вольский муниципальный район,Саратовская область,63-611-000-000,2018,9999,official_key_2024
1923,Воскресенский,Воскресенский муниципальный район,Саратовская область,63-612-000-000,2018,9999,official_key_2024
1924,Дергачевский,Дергачевский муниципальный район,Саратовская область,63-613-000-000,2018,9999,official_key_2024
1925,Духовницкий,Духовницкий муниципальный район,Саратовская область,63-614-000-000,2018,9999,official_key_2024
1926,Екатериновский,Екатериновский муниципальный район,Саратовская область,63-616-000-000,2018,9999,official_key_2024
1927,Ершовский,Ершовский муниципальный район,Саратовская область,63-617-000-000,2018,9999,official_key_2024
1928,Ивантеевский,Ивантеевский муниципальный район,Саратовская область,63-619-000-000,2018,9999,official_key_2024
1929,Калининский,Калининский муниципальный район,Саратовская область,63-621-000-000,2018,9999,official_key_2024
1930,Красноармейский,Красноармейский муниципальный район,Саратовская область,63-622-000-000,2018,9999,official_key_2024
1931,Краснокутский,Краснокутский муниципальный район,Саратовская область,63-623-000-000,2018,9999,official_key_2024
1932,Краснопартизанский,Краснопартизанский муниципальный район,Саратовская область,63-624-000-000,2018,9999,official_key_2024
1933,Лысогорский,Лысогорский муниципальный район,Саратовская область,63-625-000-000,2018,9999,official_key_2024
1934,Марксовский,Марксовский муниципальный район,Саратовская область,63-626-000-000,2018,9999,official_key_2024
1935,Новобурасский,Новобурасский муниципальный район,Саратовская область,63-629-000-000,2018,9999,official_key_2024
1936,Новоузенский,Новоузенский муниципальный район,Саратовская область,63-630-000-000,2018,9999,official_key_2024
1937,Озинский,Озинский муниципальный район,Саратовская область,63-632-000-000,2018,9999,official_key_2024
1938,Перелюбский,Перелюбский муниципальный район,Саратовская область,63-634-000-000,2018,9999,official_key_2024
1939,Петровский,Петровский муниципальный район,Саратовская область,63-635-000-000,2018,9999,official_key_2024
1940,Питерский,Питерский муниципальный район,Саратовская область,63-636-000-000,2018,9999,official_key_2024
1941,Пугачевский,Пугачевский муниципальный район,Саратовская область,63-637-000-000,2018,9999,official_key_2024
1942,Ровенский,Ровенский муниципальный район,Саратовская область,63-639-000-000,2018,9999,official_key_2024
1943,Романовский,Романовский муниципальный район,Саратовская область,63-640-000-000,2018,9999,official_key_2024
1944,Ртищевский,Ртищевский муниципальный район,Саратовская область,63-641-000-000,2018,9999,official_key_2024
1945,Самойловский,Самойловский муниципальный район,Саратовская область,63-642-000-000,2018,9999,official_key_2024
1947,Советский,Советский муниципальный район,Саратовская область,63-644-000-000,2018,9999,official_key_2024
1948,Татищевский,Татищевский муниципальный район,Саратовская область,63-646-000-000,2018,9999,official_key_2024
1949,Турковский,Турковский муниципальный район,Саратовская область,63-647-000-000,2018,9999,official_key_2024
1950,Федоровский,Федоровский муниципальный район,Саратовская область,63-648-000-000,2018,9999,official_key_2024
1951,Хвалынский,Хвалынский муниципальный район,Саратовская область,63-649-000-000,2018,9999,official_key_2024
1952,Энгельсский,Энгельсский муниципальный район,Саратовская область,63-650-000-000,2018,9999,official_key_2024
1954,Александровск-Сахалинский,городской округ Александровск-Сахалинский район,Сахалинская область,64-704-000-000,2018,9999,official_key_2024
1955,Анивский,городской округ Анивский,Сахалинская область,64-708-000-000,2018,9999,official_key_2024
1956,Долинский,городской округ Долинский,Сахалинская область,64-712-000-000,2018,9999,official_key_2024
1957,Корсаковский,городской округ Корсаковский,Сахалинская область,64-716-000-000,2018,9999,official_key_2024
1958,Курильский,городской округ Курильский,Сахалинская область,64-720-000-000,2018,9999,official_key_2024
1959,Макаровский,городской округ Макаровский,Сахалинская область,64-724-000-000,2018,9999,official_key_2024
1960,Невельский,городской округ Невельский,Сахалинская область,64-728-000-000,2018,9999,official_key_2024
1961,Ногликский,городской округ Ногликский,Сахалинская область,64-732-000-000,2018,9999,official_key_2024
1962,Охинский,городской округ Охинский,Сахалинская область,64-736-000-000,2018,9999,official_key_2024
1963,Поронайский,городской округ Поронайский,Сахалинская область,64-740-000-000,2018,9999,official_key_2024
1964,Северо-Курильский,городской округ Северо-Курильский,Сахалинская область,64-743-000-000,2018,9999,official_key_2024
1965,Смирныховский,городской округ Смирныховский,Сахалинская область,64-746-000-000,2018,9999,official_key_2024
1966,Томаринский,городской округ Томаринский,Сахалинская область,64-748-000-000,2018,9999,official_key_2024
1967,Тымовский,городской округ Тымовский,Сахалинская область,64-750-000-000,2018,9999,official_key_2024
1968,Углегорский,городской округ Углегорский,Сахалинская область,64-752-000-000,2018,9999,official_key_2024
1969,Холмский,городской округ Холмский,Сахалинская область,64-754-000-000,2018,9999,official_key_2024
1970,Южно-Курильский,городской округ Южно-Курильский,Сахалинская область,64-756-000-000,2018,9999,official_key_2024
1971,Екатеринбург,городской округ город Екатеринбург,Свердловская область,65-701-000-000,2018,9999,official_key_2024
1972,Алапаевск,городской округ город Алапаевск,Свердловская область,65-728-000-000,2018,9999,official_key_2024
1973,Артемовский,городской округ Артемовский,Свердловская область,65-703-000-000,2018,9999,official_key_2024
1974,Асбестовский,городской округ Асбестовский,Свердловская область,65-730-000-000,2018,9999,official_key_2024
1975,Малышевский,городской округ Малышевский,Свердловская область,65-762-000-000,2018,9999,official_key_2024
1976,Рефтинский,городской округ Рефтинский,Свердловская область,65-763-000-000,2018,9999,official_key_2024
1977,Березовский,городской округ Березовский,Свердловская область,65-731-000-000,2018,9999,official_key_2024
1978,Богданович,городской округ Богданович,Свердловская область,65-707-000-000,2018,9999,official_key_2024
1979,Верхняя Пышма,городской округ Верхняя Пышма,Свердловская область,65-732-000-000,2018,9999,official_key_2024
1980,Среднеуральск,городской округ Среднеуральск,Свердловская область,65-757-000-000,2018,9999,official_key_2024
1981,Верхнесалдинский,городской округ Верхнесалдинский,Свердловская область,65-708-000-000,2018,9999,official_key_2024
1982,Заречный,городской округ Заречный,Свердловская область,65-737-000-000,2018,9999,official_key_2024
1983,Ивдельский,городской округ Ивдельский,Свердловская область,65-738-000-000,2018,9999,official_key_2024
1984,Пелым,городской округ Пелым,Свердловская область,65-764-000-000,2018,9999,official_key_2024
1985,Ирбит,городской округ город Ирбит,Свердловская область,65-739-000-000,2018,9999,official_key_2024
1986,Каменск-Уральский,городской округ город Каменск-Уральский,Свердловская область,65-740-000-000,2018,9999,official_key_2024
1987,Камышловский,городской округ Камышловский,Свердловская область,65-741-000-000,2018,9999,official_key_2024
1988,Карпинск,городской округ Карпинск,Свердловская область,65-742-000-000,2018,9999,official_key_2024
1989,Волчанский,городской округ Волчанский,Свердловская область,65-735-000-000,2018,9999,official_key_2024
1990,Качканарский,городской округ Качканарский,Свердловская область,65-743-000-000,2018,9999,official_key_2024
1991,Кировградский,городской округ Кировградский,Свердловская область,65-744-000-000,2018,9999,official_key_2024
1992,Верхний Тагил,городской округ Верхний Тагил,Свердловская область,65-733-000-000,2018,9999,official_key_2024
1993,Краснотурьинск,городской округ Краснотурьинск,Свердловская область,65-745-000-000,2018,9999,official_key_2024
1994,Красноуральск,городской округ Красноуральск,Свердловская область,65-746-000-000,2018,9999,official_key_2024
1995,Красноуфимск,городской округ Красноуфимск,Свердловская область,65-747-000-000,2018,9999,official_key_2024
1996,Кушвинский,городской округ Кушвинский,Свердловская область,65-748-000-000,2018,9999,official_key_2024
1997,Верхняя Тура,городской округ Верхняя Тура,Свердловская область,65-734-000-000,2018,9999,official_key_2024
1999,Невьянский,городской округ Невьянский,Свердловская область,65-714-000-000,2018,9999,official_key_2024
2000,Нижний Тагил,городской округ город Нижний Тагил,Свердловская область,65-751-000-000,2018,9999,official_key_2024
2001,Нижняя Салда,городской округ Нижняя Салда,Свердловская область,65-750-000-000,2018,9999,official_key_2024
2002,Нижнетуринский,городской округ Нижнетуринский,Свердловская область,65-715-000-000,2018,9999,official_key_2024
2004,Первоуральск,городской округ Первоуральск,Свердловская область,65-753-000-000,2018,9999,official_key_2024
2005,Полевской,городской округ Полевской,Свердловская область,65-754-000-000,2018,9999,official_key_2024
2006,Ревда,городской округ Ревда,Свердловская область,65-719-000-000,2018,9999,official_key_2024
2007,Дегтярск,городской округ Дегтярск,Свердловская область,65-736-000-000,2018,9999,official_key_2024
2008,Режевской,городской округ Режевской,Свердловская область,65-720-000-000,2018,9999,official_key_2024
2009,Североуральский,городской округ Североуральский,Свердловская область,65-755-000-000,2018,9999,official_key_2024
2010,Серовский,городской округ Серовский,Свердловская область,65-756-000-000,2018,9999,official_key_2024
2011,Сухой Лог,городской округ Сухой Лог,Свердловская область,65-758-000-000,2018,9999,official_key_2024
2012,Тавдинский,городской округ Тавдинский,Свердловская область,65-723-000-000,2018,9999,official_key_2024
2015,Алапаевское,городской округ Алапаевское,Свердловская область,65-771-000-000,2018,9999,official_key_2024
2016,Махнёвское,городской округ Махнёвское,Свердловская область,65-769-000-000,2018,9999,official_key_2024
2017,Артинский,городской округ Артинский,Свердловская область,65-704-000-000,2018,9999,official_key_2024
2018,Ачитский,городской округ Ачитский,Свердловская область,65-705-000-000,2018,9999,official_key_2024
2019,Белоярский,городской округ Белоярский,Свердловская область,65-706-000-000,2018,9999,official_key_2024
2020,Верхнее Дуброво,городской округ Верхнее Дуброво,Свердловская область,65-760-000-000,2018,9999,official_key_2024
2021,Верхотурский,городской округ Верхотурский,Свердловская область,65-709-000-000,2018,9999,official_key_2024
2022,Гаринский,городской округ Гаринский,Свердловская область,65-710-000-000,2018,9999,official_key_2024
2023,Ирбитское,городской округ Ирбитское,Свердловская область,65-711-000-000,2018,9999,official_key_2024
2024,Каменский,городской округ Каменский,Свердловская область,65-712-000-000,2018,9999,official_key_2024
2025,Красноуфимский,городской округ Красноуфимский округ,Свердловская область,65-713-000-000,2018,9999,official_key_2024
2026,Верх-Нейвинский,городской округ Верх-Нейвинский,Свердловская область,65-761-000-000,2018,9999,official_key_2024
2027,Бисертский,городской округ Бисертский,Свердловская область,65-759-000-000,2018,9999,official_key_2024
2028,Новолялинский,городской округ Новолялинский,Свердловская область,65-716-000-000,2018,9999,official_key_2024
2029,Горноуральский,городской округ Горноуральский,Свердловская область,65-717-000-000,2018,9999,official_key_2024
2030,Пышминский,городской округ Пышминский,Свердловская область,65-718-000-000,2018,9999,official_key_2024
2031,Сосьвинский,городской округ Сосьвинский,Свердловская область,65-721-000-000,2018,9999,official_key_2024
2032,Сысертский,городской округ Сысертский,Свердловская область,65-722-000-000,2018,9999,official_key_2024
2033,Арамильский,городской округ Арамильский,Свердловская область,65-729-000-000,2018,9999,official_key_2024
2034,Талицкий,городской округ Талицкий,Свердловская область,65-724-000-000,2018,9999,official_key_2024
2035,Тугулымский,городской округ Тугулымский,Свердловская область,65-725-000-000,2018,9999,official_key_2024
2036,Туринский,городской округ Туринский,Свердловская область,65-726-000-000,2018,9999,official_key_2024
2037,Шалинский,городской округ Шалинский,Свердловская область,65-727-000-000,2018,9999,official_key_2024
2038,Староуткинск,городской округ Староуткинск,Свердловская область,65-766-000-000,2018,9999,official_key_2024
2039,Байкаловский,Байкаловский муниципальный район,Свердловская область,65-608-000-000,2018,9999,official_key_2024
2040,Камышловский,Камышловский муниципальный район,Свердловская область,65-623-000-000,2018,9999,official_key_2024
2041,Слободо-Туринский,Слободо-Туринский муниципальный район,Свердловская область,65-639-000-000,2018,9999,official_key_2024
2042,Нижнесергинский,Нижнесергинский муниципальный район,Свердловская область,65-628-000-000,2018,9999,official_key_2024
2043,Таборинский,Таборинский муниципальный район,Свердловская область,65-645-000-000,2018,9999,official_key_2024
2044,Смоленск,городской округ город Смоленск,Смоленская область,66-701-000-000,2018,9999,official_key_2024
2045,Десногорск,городской округ город Десногорск,Смоленская область,66-710-000-000,2018,9999,official_key_2024
2046,Велижский,Велижский муниципальный район,Смоленская область,66-603-000-000,2018,9999,official_key_2024
2047,Вяземский,Вяземский муниципальный район,Смоленская область,66-605-000-000,2018,9999,official_key_2024
2048,Гагаринский,Гагаринский муниципальный район,Смоленская область,66-608-000-000,2018,9999,official_key_2024
2049,Глинковский,Глинковский муниципальный район,Смоленская область,66-609-000-000,2018,9999,official_key_2024
2050,Демидовский,Демидовский муниципальный район,Смоленская область,66-611-000-000,2018,9999,official_key_2024
2051,Дорогобужский,Дорогобужский муниципальный район,Смоленская область,66-614-000-000,2018,9999,official_key_2024
2052,Духовщинский,Духовщинский муниципальный район,Смоленская область,66-616-000-000,2018,9999,official_key_2024
2053,Ельнинский,Ельнинский муниципальный район,Смоленская область,66-619-000-000,2018,9999,official_key_2024
2054,Ершичский,Ершичский муниципальный район,Смоленская область,66-621-000-000,2018,9999,official_key_2024
2055,Кардымовский,Кардымовский муниципальный район,Смоленская область,66-623-000-000,2018,9999,official_key_2024
2056,Краснинский,Краснинский муниципальный район,Смоленская область,66-624-000-000,2018,9999,official_key_2024
2057,Монастырщинский,Монастырщинский муниципальный район,Смоленская область,66-627-000-000,2018,9999,official_key_2024
2058,Новодугинский,Новодугинский муниципальный район,Смоленская область,66-630-000-000,2018,9999,official_key_2024
2059,Починковский,Починковский муниципальный район,Смоленская область,66-633-000-000,2018,9999,official_key_2024
2060,Рославльский,Рославльский муниципальный район,Смоленская область,66-636-000-000,2018,9999,official_key_2024
2061,Руднянский,Руднянский муниципальный район,Смоленская область,66-638-000-000,2018,9999,official_key_2024
2062,Сафоновский,Сафоновский муниципальный район,Смоленская область,66-641-000-000,2018,9999,official_key_2024
2063,Смоленский,Смоленский муниципальный район,Смоленская область,66-644-000-000,2018,9999,official_key_2024
2064,Сычевский,Сычевский муниципальный район,Смоленская область,66-646-000-000,2018,9999,official_key_2024
2065,Темкинский,Темкинский муниципальный район,Смоленская область,66-648-000-000,2018,9999,official_key_2024
2066,Угранский,Угранский муниципальный район,Смоленская область,66-650-000-000,2018,9999,official_key_2024
2067,Хиславичский,Хиславичский муниципальный район,Смоленская область,66-652-000-000,2018,9999,official_key_2024
2068,Холм-Жирковский,Холм-Жирковский муниципальный район,Смоленская область,66-654-000-000,2018,9999,official_key_2024
2069,Шумячский,Шумячский муниципальный район,Смоленская область,66-656-000-000,2018,9999,official_key_2024
2070,Ярцевский,Ярцевский муниципальный район,Смоленская область,66-658-000-000,2018,9999,official_key_2024
2072,Кирсанов,городской округ город Кирсанов,Тамбовская область,68-705-000-000,2018,9999,official_key_2024
2073,Котовск,городской округ город Котовск,Тамбовская область,68-710-000-000,2018,9999,official_key_2024
2074,Мичуринск,городской округ город Мичуринск,Тамбовская область,68-715-000-000,2018,9999,official_key_2024
2075,Моршанск,городской округ город Моршанск,Тамбовская область,68-720-000-000,2018,9999,official_key_2024
2076,Рассказово,городской округ город Рассказово,Тамбовская область,68-725-000-000,2018,9999,official_key_2024
2077,Уварово,городской округ город Уварово,Тамбовская область,68-730-000-000,2018,9999,official_key_2024
2078,Бондарский,Бондарский муниципальный округ,Тамбовская область,68-502-000-000,2024,9999,official_key_2024
2079,Гавриловский,Гавриловский муниципальный округ,Тамбовская область,68-503-000-000,2024,9999,official_key_2024
2080,Жердевский,Жердевский муниципальный округ,Тамбовская область,68-504-000-000,2024,9999,official_key_2024
2081,Знаменский,Знаменский муниципальный округ,Тамбовская область,68-506-000-000,2024,9999,official_key_2024
2082,Инжавинский,Инжавинский муниципальный округ,Тамбовская область,68-508-000-000,2024,9999,official_key_2024
2083,Кирсановский,Кирсановский муниципальный округ,Тамбовская область,68-510-000-000,2024,9999,official_key_2024
2085,Мордовский,Мордовский муниципальный округ,Тамбовская область,68-514-000-000,2024,9999,official_key_2024
2086,Моршанский,Моршанский муниципальный округ,Тамбовская область,68-516-000-000,2024,9999,official_key_2024
2087,Мучкапский,Мучкапский муниципальный округ,Тамбовская область,68-518-000-000,2024,9999,official_key_2024
2088,Никифоровский,Никифоровский муниципальный округ,Тамбовская область,68-520-000-000,2024,9999,official_key_2024
2089,Первомайский,Первомайский муниципальный округ,Тамбовская область,68-522-000-000,2024,9999,official_key_2024
2090,Петровский,Петровский муниципальный округ,Тамбовская область,68-524-000-000,2024,9999,official_key_2024
2091,Пичаевский,Пичаевский муниципальный округ,Тамбовская область,68-526-000-000,2024,9999,official_key_2024
2092,Рассказовский,Рассказовский муниципальный округ,Тамбовская область,68-528-000-000,2024,9999,official_key_2024
2093,Ржаксинский,Ржаксинский муниципальный округ,Тамбовская область,68-530-000-000,2024,9999,official_key_2024
2094,Сампурский,Сампурский муниципальный округ,Тамбовская область,68-532-000-000,2024,9999,official_key_2024
2095,Сосновский,Сосновский муниципальный округ,Тамбовская область,68-534-000-000,2024,9999,official_key_2024
2096,Староюрьевский,Староюрьевский муниципальный округ,Тамбовская область,68-536-000-000,2024,9999,official_key_2024
2098,Токарёвский,Токарёвский муниципальный округ,Тамбовская область,68-542-000-000,2024,9999,official_key_2024
2099,Уваровский,Уваровский муниципальный округ,Тамбовская область,68-544-000-000,2024,9999,official_key_2024
2100,Умётский,Умётский муниципальный округ,Тамбовская область,68-546-000-000,2024,9999,official_key_2024
2101,Тверь,городской округ город Тверь,Тверская область,28-701-000-000,2018,9999,official_key_2024
2105,Осташковский,городской округ Осташковский,Тверская область,28-752-000-000,2018,9999,official_key_2024
2108,Торжок,городской округ город Торжок,Тверская область,28-750-000-000,2018,9999,official_key_2024
2109,Удомельский,городской округ Удомельский,Тверская область,28-751-000-000,2018,9999,official_key_2024
2110,Андреапольский,муниципальный округ Андреапольский,Тверская область,28-502-000-000,2020,9999,official_key_2024
2111,Бежецкий,муниципальный округ Бежецкий,Тверская область,28-504-000-000,2024,9999,official_key_2024
2112,Бельский,муниципальный округ Бельский,Тверская область,28-506-000-000,2023,9999,official_key_2024
2113,Бологовский,муниципальный округ Бологовский,Тверская область,28-508-000-000,2024,9999,official_key_2024
2114,Весьегонский,муниципальный округ Весьегонский,Тверская область,28-510-000-000,2020,9999,official_key_2024
2116,Жарковский,муниципальный округ Жарковский,Тверская область,28-514-000-000,2023,9999,official_key_2024
2117,Западнодвинский,муниципальный округ Западнодвинский,Тверская область,28-516-000-000,2021,9999,official_key_2024
2118,Зубцовский,муниципальный округ Зубцовский,Тверская область,28-518-000-000,2023,9999,official_key_2024
2119,Калининский,муниципальный округ Калининский,Тверская область,28-520-000-000,2024,9999,official_key_2024
2120,Калязинский,муниципальный округ Калязинский,Тверская область,28-522-000-000,2024,9999,official_key_2024
2121,Кашинский,городской округ Кашинский,Тверская область,28-758-000-000,2019,9999,official_key_2024
2122,Кесовогорский,муниципальный округ Кесовогорский,Тверская область,28-526-000-000,2023,9999,official_key_2024
2124,Конаковский,муниципальный округ Конаковский,Тверская область,28-530-000-000,2024,9999,official_key_2024
2125,Краснохолмский,муниципальный округ Краснохолмский,Тверская область,28-532-000-000,2021,9999,official_key_2024
2126,Кувшиновский,муниципальный округ Кувшиновский,Тверская область,28-534-000-000,2024,9999,official_key_2024
2127,Лесной,муниципальный округ Лесной,Тверская область,28-536-000-000,2021,9999,official_key_2024
2128,Лихославльский,муниципальный округ Лихославльский,Тверская область,28-538-000-000,2022,9999,official_key_2024
2129,Максатихинский,муниципальный округ Максатихинский,Тверская область,28-540-000-000,2023,9999,official_key_2024
2130,Молоковский,муниципальный округ Молоковский,Тверская область,28-542-000-000,2022,9999,official_key_2024
2131,Нелидовский,городской округ Нелидовский,Тверская область,28-759-000-000,2019,9999,official_key_2024
2132,Оленинский,муниципальный округ Оленинский,Тверская область,28-544-000-000,2020,9999,official_key_2024
2133,Пеновский,муниципальный округ Пеновский,Тверская область,28-546-000-000,2021,9999,official_key_2024
2134,Рамешковский,муниципальный округ Рамешковский,Тверская область,28-547-000-000,2022,9999,official_key_2024
2136,Сандовский,муниципальный округ Сандовский,Тверская область,28-549-000-000,2021,9999,official_key_2024
2137,Селижаровский,муниципальный округ Селижаровский,Тверская область,28-550-000-000,2021,9999,official_key_2024
2138,Сонковский,муниципальный округ Сонковский,Тверская область,28-551-000-000,2023,9999,official_key_2024
2139,Спировский,муниципальный округ Спировский,Тверская область,28-552-000-000,2022,9999,official_key_2024
2140,Старицкий,муниципальный округ Старицкий,Тверская область,28-553-000-000,2023,9999,official_key_2024
2142,Торопецкий,муниципальный округ Торопецкий,Тверская область,28-555-000-000,2024,9999,official_key_2024
2143,Фировский,муниципальный округ Фировский,Тверская область,28-557-000-000,2024,9999,official_key_2024
2144,Томск,городской округ город Томск,Томская область,69-701-000-000,2018,9999,official_key_2024
2145,Кедровый,городской округ город Кедровый,Томская область,69-707-000-000,2018,9999,official_key_2024
2146,Стрежевой,городской округ город Стрежевой,Томская область,69-710-000-000,2018,9999,official_key_2024
2148,Александровский,Александровский муниципальный район,Томская область,69-604-000-000,2018,9999,official_key_2024
2149,Асиновский,Асиновский муниципальный район,Томская область,69-608-000-000,2018,9999,official_key_2024
2150,Бакчарский,Бакчарский муниципальный район,Томская область,69-612-000-000,2018,9999,official_key_2024
2151,Верхнекетский,Верхнекетский муниципальный район,Томская область,69-616-000-000,2018,9999,official_key_2024
2152,Зырянский,Зырянский муниципальный район,Томская область,69-620-000-000,2018,9999,official_key_2024
2153,Каргасокский,Каргасокский муниципальный район,Томская область,69-624-000-000,2018,9999,official_key_2024
2154,Кожевниковский,Кожевниковский муниципальный район,Томская область,69-628-000-000,2018,9999,official_key_2024
2155,Колпашевский,Колпашевский муниципальный район,Томская область,69-632-000-000,2018,9999,official_key_2024
2156,Кривошеинский,Кривошеинский муниципальный район,Томская область,69-636-000-000,2018,9999,official_key_2024
2157,Молчановский,Молчановский муниципальный район,Томская область,69-640-000-000,2018,9999,official_key_2024
2158,Парабельский,Парабельский муниципальный район,Томская область,69-644-000-000,2018,9999,official_key_2024
2159,Первомайский,Первомайский муниципальный район,Томская область,69-648-000-000,2018,9999,official_key_2024
2160,Тегульдетский,Тегульдетский муниципальный район,Томская область,69-652-000-000,2018,9999,official_key_2024
2161,Томский,Томский муниципальный район,Томская область,69-654-000-000,2018,9999,official_key_2024
2162,Чаинский,Чаинский муниципальный район,Томская область,69-656-000-000,2018,9999,official_key_2024
2163,Шегарский,Шегарский муниципальный район,Томская область,69-658-000-000,2018,9999,official_key_2024
2164,Тула,городской округ город Тула,Тульская область,70-701-000-000,2018,9999,official_key_2024
2165,Алексин,городской округ город Алексин,Тульская область,70-706-000-000,2018,9999,official_key_2024
2166,Новогуровский,городской округ рабочий поселок Новогуровский,Тульская область,70-702-000-000,2018,9999,official_key_2024
2167,Донской,городской округ город Донской,Тульская область,70-712-000-000,2018,9999,official_key_2024
2168,Ефремов,городской округ город Ефремов,Тульская область,70-714-000-000,2018,9999,official_key_2024
2169,Новомосковск,городской округ город Новомосковск,Тульская область,70-724-000-000,2018,9999,official_key_2024
2170,Славный,городской округ Славный,Тульская область,70-730-000-000,2018,9999,official_key_2024
2171,Арсеньевский,Арсеньевский муниципальный район,Тульская область,70-604-000-000,2018,9999,official_key_2024
2172,Белевский,Белевский муниципальный район,Тульская область,70-606-000-000,2018,9999,official_key_2024
2173,Богородицкий,Богородицкий муниципальный район,Тульская область,70-608-000-000,2018,9999,official_key_2024
2174,Веневский,Веневский муниципальный район,Тульская область,70-612-000-000,2018,9999,official_key_2024
2175,Воловский,Воловский муниципальный район,Тульская область,70-616-000-000,2018,9999,official_key_2024
2176,Дубенский,Дубенский муниципальный район,Тульская область,70-618-000-000,2018,9999,official_key_2024
2177,Заокский,Заокский муниципальный район,Тульская область,70-622-000-000,2018,9999,official_key_2024
2178,Каменский,Каменский муниципальный район,Тульская область,70-624-000-000,2018,9999,official_key_2024
2179,Кимовский,Кимовский муниципальный район,Тульская область,70-626-000-000,2018,9999,official_key_2024
2180,Киреевский,Киреевский муниципальный район,Тульская область,70-628-000-000,2018,9999,official_key_2024
2181,Куркинский,Куркинский муниципальный район,Тульская область,70-630-000-000,2018,9999,official_key_2024
2182,Одоевский,Одоевский муниципальный район,Тульская область,70-636-000-000,2018,9999,official_key_2024
2183,Плавский,Плавский муниципальный район,Тульская область,70-638-000-000,2018,9999,official_key_2024
2184,Суворовский,Суворовский муниципальный район,Тульская область,70-640-000-000,2018,9999,official_key_2024
2185,Тепло-Огаревский,Тепло-Огаревский муниципальный район,Тульская область,70-642-000-000,2018,9999,official_key_2024
2186,Узловский,Узловский муниципальный район,Тульская область,70-644-000-000,2018,9999,official_key_2024
2187,Чернский,Чернский муниципальный район,Тульская область,70-646-000-000,2018,9999,official_key_2024
2188,Щекинский,Щекинский муниципальный район,Тульская область,70-648-000-000,2018,9999,official_key_2024
2189,Ясногорский,Ясногорский муниципальный район,Тульская область,70-650-000-000,2018,9999,official_key_2024
2190,Тюмень,городской округ город Тюмень,Тюменская область,71-701-000-000,2018,9999,official_key_2024
2191,Заводоуковский,городской округ Заводоуковский,Тюменская область,71-703-000-000,2018,9999,official_key_2024
2192,Ишим,городской округ город Ишим,Тюменская область,71-705-000-000,2018,9999,official_key_2024
2193,Тобольск,городской округ город Тобольск,Тюменская область,71-710-000-000,2018,9999,official_key_2024
2194,Ялуторовск,городской округ город Ялуторовск,Тюменская область,71-715-000-000,2018,9999,official_key_2024
2195,Абатский,Абатский муниципальный район,Тюменская область,71-603-000-000,2018,9999,official_key_2024
2196,Армизонский,Армизонский муниципальный район,Тюменская область,71-605-000-000,2018,9999,official_key_2024
2197,Аромашевский,Аромашевский муниципальный район,Тюменская область,71-607-000-000,2018,9999,official_key_2024
2198,Бердюжский,Бердюжский муниципальный район,Тюменская область,71-610-000-000,2018,9999,official_key_2024
2199,Вагайский,Вагайский муниципальный район,Тюменская область,71-613-000-000,2018,9999,official_key_2024
2200,Викуловский,Викуловский муниципальный район,Тюменская область,71-615-000-000,2018,9999,official_key_2024
2201,Голышмановский,городской округ Голышмановский,Тюменская область,71-702-000-000,2020,9999,official_key_2024
2202,Исетский,Исетский муниципальный район,Тюменская область,71-624-000-000,2018,9999,official_key_2024
2203,Ишимский,Ишимский муниципальный район,Тюменская область,71-626-000-000,2018,9999,official_key_2024
2204,Казанский,Казанский муниципальный район,Тюменская область,71-630-000-000,2018,9999,official_key_2024
2205,Нижнетавдинский,Нижнетавдинский муниципальный район,Тюменская область,71-632-000-000,2018,9999,official_key_2024
2206,Омутинский,Омутинский муниципальный район,Тюменская область,71-634-000-000,2018,9999,official_key_2024
2207,Сладковский,Сладковский муниципальный район,Тюменская область,71-636-000-000,2018,9999,official_key_2024
2208,Сорокинский,Сорокинский муниципальный район,Тюменская область,71-638-000-000,2018,9999,official_key_2024
2209,Тобольский,Тобольский муниципальный район,Тюменская область,71-642-000-000,2018,9999,official_key_2024
2210,Тюменский,Тюменский муниципальный район,Тюменская область,71-644-000-000,2018,9999,official_key_2024
2211,Уватский,Уватский муниципальный район,Тюменская область,71-648-000-000,2018,9999,official_key_2024
2212,Упоровский,Упоровский муниципальный район,Тюменская область,71-650-000-000,2018,9999,official_key_2024
2213,Юргинский,Юргинский муниципальный район,Тюменская область,71-653-000-000,2018,9999,official_key_2024
2214,Ялуторовский,Ялуторовский муниципальный район,Тюменская область,71-656-000-000,2018,9999,official_key_2024
2215,Ярковский,Ярковский муниципальный район,Тюменская область,71-658-000-000,2018,9999,official_key_2024
2216,Ханты-Мансийск,городской округ город Ханты-Мансийск,Ханты-Мансийский автономный округ — Югра,71-871-000-000,2018,9999,official_key_2024
2217,Когалым,городской округ город Когалым,Ханты-Мансийский автономный округ — Югра,71-883-000-000,2018,9999,official_key_2024
2218,Лангепас,городской округ город Лангепас,Ханты-Мансийский автономный округ — Югра,71-872-000-000,2018,9999,official_key_2024
2219,Мегион,городской округ город Мегион,Ханты-Мансийский автономный округ — Югра,71-873-000-000,2018,9999,official_key_2024
2220,Нефтеюганск,городской округ город Нефтеюганск,Ханты-Мансийский автономный округ — Югра,71-874-000-000,2018,9999,official_key_2024
2221,Нижневартовск,городской округ город Нижневартовск,Ханты-Мансийский автономный округ — Югра,71-875-000-000,2018,9999,official_key_2024
2222,Нягань,городской округ город Нягань,Ханты-Мансийский автономный округ — Югра,71-879-000-000,2018,9999,official_key_2024
2223,Покачи,городской округ город Покачи,Ханты-Мансийский автономный округ — Югра,71-884-000-000,2018,9999,official_key_2024
2224,Пыть-Ях,городской округ город Пыть-Ях,Ханты-Мансийский автономный округ — Югра,71-885-000-000,2018,9999,official_key_2024
2225,Радужный,городской округ город Радужный,Ханты-Мансийский автономный округ — Югра,71-877-000-000,2018,9999,official_key_2024
2226,Сургут,городской округ город Сургут,Ханты-Мансийский автономный округ — Югра,71-876-000-000,2018,9999,official_key_2024
2227,Урай,городской округ город Урай,Ханты-Мансийский автономный округ — Югра,71-878-000-000,2018,9999,official_key_2024
2228,Югорск,городской округ город Югорск,Ханты-Мансийский автономный округ — Югра,71-887-000-000,2018,9999,official_key_2024
2229,Белоярский,Белоярский муниципальный район,Ханты-Мансийский автономный округ — Югра,71-811-000-000,2018,9999,official_key_2024
2230,Березовский,Березовский муниципальный район,Ханты-Мансийский автономный округ — Югра,71-812-000-000,2018,9999,official_key_2024
2231,Кондинский,Кондинский муниципальный район,Ханты-Мансийский автономный округ — Югра,71-816-000-000,2018,9999,official_key_2024
2232,Нефтеюганский,Нефтеюганский муниципальный район,Ханты-Мансийский автономный округ — Югра,71-818-000-000,2018,9999,official_key_2024
2233,Нижневартовский,Нижневартовский муниципальный район,Ханты-Мансийский автономный округ — Югра,71-819-000-000,2018,9999,official_key_2024
2234,Октябрьский,Октябрьский муниципальный район,Ханты-Мансийский автономный округ — Югра,71-821-000-000,2018,9999,official_key_2024
2235,Советский,Советский муниципальный район,Ханты-Мансийский автономный округ — Югра,71-824-000-000,2018,9999,official_key_2024
2236,Сургутский,Сургутский муниципальный район,Ханты-Мансийский автономный округ — Югра,71-826-000-000,2018,9999,official_key_2024
2237,Ханты-Мансийский,Ханты-Мансийский муниципальный район,Ханты-Мансийский автономный округ — Югра,71-829-000-000,2018,9999,official_key_2024
2238,Салехард,городской округ город Салехард,Ямало-Ненецкий автономный округ,71-951-000-000,2018,9999,official_key_2024
2241,Муравленко,городской округ город Муравленко,Ямало-Ненецкий автономный округ,71-955-000-000,2018,9999,official_key_2024
2242,Новый Уренгой,городской округ город Новый Уренгой,Ямало-Ненецкий автономный округ,71-956-000-000,2018,9999,official_key_2024
2243,Ноябрьск,городской округ город Ноябрьск,Ямало-Ненецкий автономный округ,71-958-000-000,2018,9999,official_key_2024
2244,Красноселькупский,муниципальный округ Красноселькупский район,Ямало-Ненецкий автономный округ,71-933-000-000,2022,9999,official_key_2024
2245,Надымский,муниципальный округ Надымский район,Ямало-Ненецкий автономный округ,71-936-000-000,2021,9999,official_key_2024
2248,Тазовский,муниципальный округ Тазовский район,Ямало-Ненецкий автономный округ,71-943-000-000,2021,9999,official_key_2024
2249,Шурышкарский,муниципальный округ Шурышкарский район,Ямало-Ненецкий автономный округ,71-946-000-000,2023,9999,official_key_2024
2250,Ямальский,муниципальный округ Ямальский район,Ямало-Ненецкий автономный округ,71-948-000-000,2022,9999,official_key_2024
2251,Ульяновск,городской округ город Ульяновск,Ульяновская область,73-701-000-000,2018,9999,official_key_2024
2252,Димитровград,городской округ город Димитровград,Ульяновская область,73-705-000-000,2018,9999,official_key_2024
2253,Новоульяновск,городской округ город Новоульяновск,Ульяновская область,73-715-000-000,2018,9999,official_key_2024
2254,Базарносызганский,Базарносызганский муниципальный район,Ульяновская область,73-602-000-000,2018,9999,official_key_2024
2255,Барышский,Барышский муниципальный район,Ульяновская область,73-604-000-000,2018,9999,official_key_2024
2256,Вешкаймский,Вешкаймский муниципальный район,Ульяновская область,73-607-000-000,2018,9999,official_key_2024
2257,Инзенский,Инзенский муниципальный район,Ульяновская область,73-610-000-000,2018,9999,official_key_2024
2258,Карсунский,Карсунский муниципальный район,Ульяновская область,73-614-000-000,2018,9999,official_key_2024
2259,Кузоватовский,Кузоватовский муниципальный район,Ульяновская область,73-616-000-000,2018,9999,official_key_2024
2260,Майнский,Майнский муниципальный район,Ульяновская область,73-620-000-000,2018,9999,official_key_2024
2261,Мелекесский,Мелекесский муниципальный район,Ульяновская область,73-622-000-000,2018,9999,official_key_2024
2262,Николаевский,Николаевский муниципальный район,Ульяновская область,73-625-000-000,2018,9999,official_key_2024
2263,Новомалыклинский,Новомалыклинский муниципальный район,Ульяновская область,73-627-000-000,2018,9999,official_key_2024
2264,Новоспасский,Новоспасский муниципальный район,Ульяновская область,73-629-000-000,2018,9999,official_key_2024
2265,Павловский,Павловский муниципальный район,Ульяновская область,73-632-000-000,2018,9999,official_key_2024
2266,Радищевский,Радищевский муниципальный район,Ульяновская область,73-634-000-000,2018,9999,official_key_2024
2267,Сенгилеевский,Сенгилеевский муниципальный район,Ульяновская область,73-636-000-000,2018,9999,official_key_2024
2268,Старокулаткинский,Старокулаткинский муниципальный район,Ульяновская область,73-639-000-000,2018,9999,official_key_2024
2269,Старомайнский,Старомайнский муниципальный район,Ульяновская область,73-642-000-000,2018,9999,official_key_2024
2270,Сурский,Сурский муниципальный район,Ульяновская область,73-644-000-000,2018,9999,official_key_2024
2271,Тереньгульский,Тереньгульский муниципальный район,Ульяновская область,73-648-000-000,2018,9999,official_key_2024
2272,Ульяновский,Ульяновский муниципальный район,Ульяновская область,73-652-000-000,2018,9999,official_key_2024
2273,Цильнинский,Цильнинский муниципальный район,Ульяновская область,73-654-000-000,2018,9999,official_key_2024
2274,Чердаклинский,Чердаклинский муниципальный район,Ульяновская область,73-656-000-000,2018,9999,official_key_2024
2275,Челябинский,городской округ Челябинский,Челябинская область,75-701-000-000,2018,9999,official_key_2024
2276,Верхнеуфалейский,городской округ Верхнеуфалейский,Челябинская область,75-706-000-000,2018,9999,official_key_2024
2278,Карабашский,городской округ Карабашский,Челябинская область,75-715-000-000,2018,9999,official_key_2024
2279,Копейский,городской округ Копейский,Челябинская область,75-728-000-000,2018,9999,official_key_2024
2280,Кыштымский,городской округ Кыштымский,Челябинская область,75-734-000-000,2018,9999,official_key_2024
2281,Магнитогорский,городской округ Магнитогорский,Челябинская область,75-738-000-000,2018,9999,official_key_2024
2282,Миасский,городской округ Миасский,Челябинская область,75-742-000-000,2018,9999,official_key_2024
2286,Троицкий,городской округ Троицкий,Челябинская область,75-752-000-000,2018,9999,official_key_2024
2287,Усть-Катавский,городской округ Усть-Катавский,Челябинская область,75-755-000-000,2018,9999,official_key_2024
2288,Чебаркульский,городской округ Чебаркульский,Челябинская область,75-758-000-000,2018,9999,official_key_2024
2289,Южноуральский,городской округ Южноуральский,Челябинская область,75-764-000-000,2018,9999,official_key_2024
2291,Агаповский,Агаповский муниципальный район,Челябинская область,75-603-000-000,2018,9999,official_key_2024
2292,Аргаяшский,Аргаяшский муниципальный район,Челябинская область,75-606-000-000,2018,9999,official_key_2024
2293,Ашинский,Ашинский муниципальный район,Челябинская область,75-609-000-000,2018,9999,official_key_2024
2294,Брединский,Брединский муниципальный район,Челябинская область,75-612-000-000,2018,9999,official_key_2024
2295,Варненский,Варненский муниципальный район,Челябинская область,75-614-000-000,2018,9999,official_key_2024
2296,Верхнеуральский,Верхнеуральский муниципальный район,Челябинская область,75-617-000-000,2018,9999,official_key_2024
2297,Еманжелинский,Еманжелинский муниципальный район,Челябинская область,75-619-000-000,2018,9999,official_key_2024
2298,Еткульский,Еткульский муниципальный район,Челябинская область,75-620-000-000,2018,9999,official_key_2024
2299,Карталинский,Карталинский муниципальный район,Челябинская область,75-623-000-000,2018,9999,official_key_2024
2300,Каслинский,Каслинский муниципальный район,Челябинская область,75-626-000-000,2018,9999,official_key_2024
2301,Катав-Ивановский,Катав-Ивановский муниципальный район,Челябинская область,75-629-000-000,2018,9999,official_key_2024
2302,Кизильский,Кизильский муниципальный район,Челябинская область,75-632-000-000,2018,9999,official_key_2024
2303,Коркинский,Коркинский муниципальный округ,Челябинская область,75-533-000-000,2023,9999,official_key_2024
2304,Красноармейский,Красноармейский муниципальный район,Челябинская область,75-634-000-000,2018,9999,official_key_2024
2305,Кунашакский,Кунашакский муниципальный район,Челябинская область,75-636-000-000,2018,9999,official_key_2024
2307,Нагайбакский,Нагайбакский муниципальный район,Челябинская область,75-642-000-000,2018,9999,official_key_2024
2308,Нязепетровский,Нязепетровский муниципальный район,Челябинская область,75-644-000-000,2018,9999,official_key_2024
2309,Октябрьский,Октябрьский муниципальный район,Челябинская область,75-647-000-000,2018,9999,official_key_2024
2310,Пластовский,Пластовский муниципальный район,Челябинская область,75-648-000-000,2018,9999,official_key_2024
2311,Саткинский,Саткинский муниципальный район,Челябинская область,75-649-000-000,2018,9999,official_key_2024
2312,Сосновский,Сосновский муниципальный район,Челябинская область,75-652-000-000,2018,9999,official_key_2024
2314,Увельский,Увельский муниципальный район,Челябинская область,75-655-000-000,2018,9999,official_key_2024
2315,Уйский,Уйский муниципальный район,Челябинская область,75-656-000-000,2018,9999,official_key_2024
2316,Чебаркульский,Чебаркульский муниципальный район,Челябинская область,75-657-000-000,2018,9999,official_key_2024
2317,Чесменский,Чесменский муниципальный район,Челябинская область,75-659-000-000,2018,9999,official_key_2024
2318,Ярославль,городской округ город Ярославль,Ярославская область,78-701-000-000,2018,9999,official_key_2024
2320,Рыбинск,городской округ город Рыбинск,Ярославская область,78-715-000-000,2018,9999,official_key_2024
2321,Большесельский,Большесельский муниципальный район,Ярославская область,78-603-000-000,2018,9999,official_key_2024
2322,Борисоглебский,Борисоглебский муниципальный район,Ярославская область,78-606-000-000,2018,9999,official_key_2024
2323,Брейтовский,Брейтовский муниципальный район,Ярославская область,78-609-000-000,2018,9999,official_key_2024
2324,Гаврилов-Ямский,Гаврилов-Ямский муниципальный район,Ярославская область,78-612-000-000,2018,9999,official_key_2024
2325,Даниловский,Даниловский муниципальный район,Ярославская область,78-615-000-000,2018,9999,official_key_2024
2326,Любимский,Любимский муниципальный район,Ярославская область,78-618-000-000,2018,9999,official_key_2024
2327,Мышкинский,Мышкинский муниципальный район,Ярославская область,78-621-000-000,2018,9999,official_key_2024
2328,Некоузский,Некоузский муниципальный район,Ярославская область,78-623-000-000,2018,9999,official_key_2024
2329,Некрасовский,Некрасовский муниципальный район,Ярославская область,78-626-000-000,2018,9999,official_key_2024
2330,Первомайский,Первомайский муниципальный район,Ярославская область,78-629-000-000,2018,9999,official_key_2024
2332,Пошехонский,Пошехонский муниципальный район,Ярославская область,78-634-000-000,2018,9999,official_key_2024
2333,Ростовский,Ростовский муниципальный район,Ярославская область,78-637-000-000,2018,9999,official_key_2024
2334,Рыбинский,Рыбинский муниципальный район,Ярославская область,78-640-000-000,2018,9999,official_key_2024
2335,Тутаевский,Тутаевский муниципальный район,Ярославская область,78-643-000-000,2018,9999,official_key_2024
2336,Угличский,Угличский муниципальный район,Ярославская область,78-646-000-000,2018,9999,official_key_2024
2337,Ярославский,Ярославский муниципальный район,Ярославская область,78-650-000-000,2018,9999,official_key_2024
2338,Биробиджан,городской округ город Биробиджан,Еврейская автономная область,99-701-000-000,2018,9999,official_key_2024
2339,Биробиджанский,Биробиджанский муниципальный район,Еврейская автономная область,99-605-000-000,2018,9999,official_key_2024
2340,Ленинский,Ленинский муниципальный район,Еврейская автономная область,99-610-000-000,2018,9999,official_key_2024
2341,Облученский,Облученский муниципальный район,Еврейская автономная область,99-620-000-000,2018,9999,official_key_2024
2342,Октябрьский,Октябрьский муниципальный район,Еврейская автономная область,99-625-000-000,2018,9999,official_key_2024
2343,Смидовичский,Смидовичский муниципальный район,Еврейская автономная область,99-630-000-000,2018,9999,official_key_2024
2344,Анадырь,городской округ Анадырь,Чукотский автономный округ,77-701-000-000,2018,9999,official_key_2024
2345,Эгвекинот,городской округ Эгвекинот,Чукотский автономный округ,77-715-000-000,2018,9999,official_key_2024
2346,Провиденский,городской округ Провиденский,Чукотский автономный округ,77-710-000-000,2018,9999,official_key_2024
2347,Певек,городской округ Певек,Чукотский автономный округ,77-705-000-000,2018,9999,official_key_2024
2348,Анадырский,Анадырский муниципальный район,Чукотский автономный округ,77-603-000-000,2018,9999,official_key_2024
2349,Билибинский,Билибинский муниципальный район,Чукотский автономный округ,77-609-000-000,2018,9999,official_key_2024
2351,Коломна,внутригородская территория города федерального значения муниципальный округ Коломна,Санкт-Петербург,40-301-000-000,2018,9999,official_key_2024
2352,Сенной,внутригородская территория города федерального значения муниципальный округ Сенной округ,Санкт-Петербург,40-302-000-000,2018,9999,official_key_2024
2353,Адмиралтейский,внутригородская территория города федерального значения муниципальный округ Адмиралтейский округ,Санкт-Петербург,40-303-000-000,2018,9999,official_key_2024
2354,Семеновский,внутригородская территория города федерального значения муниципальный округ Семеновский,Санкт-Петербург,40-304-000-000,2018,9999,official_key_2024
2355,Измайловское,внутригородская территория города федерального значения муниципальный округ Измайловское,Санкт-Петербург,40-305-000-000,2018,9999,official_key_2024
2356,Екатерингофский,внутригородская территория города федерального значения муниципальный округ Екатерингофский,Санкт-Петербург,40-306-000-000,2018,9999,official_key_2024
2357,№ 7,внутригородская территория города федерального значения муниципальный округ № 7,Санкт-Петербург,40-307-000-000,2018,9999,official_key_2024
2358,Васильевский,внутригородская территория города федерального значения муниципальный округ Васильевский,Санкт-Петербург,40-308-000-000,2018,9999,official_key_2024
2359,Гавань,внутригородская территория города федерального значения муниципальный округ Гавань,Санкт-Петербург,40-309-000-000,2018,9999,official_key_2024
2360,Морской,внутригородская территория города федерального значения муниципальный округ Морской,Санкт-Петербург,40-310-000-000,2018,9999,official_key_2024
2361,Остров Декабристов,внутригородская территория города федерального значения муниципальный округ Остров Декабристов,Санкт-Петербург,40-311-000-000,2018,9999,official_key_2024
2362,Левашово,внутригородская территория города федерального значения поселок Левашово,Санкт-Петербург,40-312-000-000,2018,9999,official_key_2024
2363,Парголово,внутригородская территория города федерального значения поселок Парголово,Санкт-Петербург,40-313-000-000,2018,9999,official_key_2024
2364,Сампсониевское,внутригородская территория города федерального значения муниципальный округ Сампсониевское,Санкт-Петербург,40-314-000-000,2018,9999,official_key_2024
2365,Светлановское,внутригородская территория города федерального значения муниципальный округ Светлановское,Санкт-Петербург,40-315-000-000,2018,9999,official_key_2024
2366,Сосновское,внутригородская территория города федерального значения муниципальный округ Сосновское,Санкт-Петербург,40-316-000-000,2018,9999,official_key_2024
2367,№ 15,внутригородская территория города федерального значения муниципальный округ № 15,Санкт-Петербург,40-317-000-000,2018,9999,official_key_2024
2368,Сергиевское,внутригородская территория города федерального значения муниципальный округ Сергиевское,Санкт-Петербург,40-318-000-000,2018,9999,official_key_2024
2369,Шувалово-Озерки,внутригородская территория города федерального значения муниципальный округ Шувалово-Озерки,Санкт-Петербург,40-319-000-000,2018,9999,official_key_2024
2370,Лисий Нос,внутригородская территория города федерального значения поселок Лисий Нос,Санкт-Петербург,40-320-000-000,2018,9999,official_key_2024
2371,Лахта-Ольгино,внутригородская территория города федерального значения муниципальный округ Лахта-Ольгино,Санкт-Петербург,40-321-000-000,2018,9999,official_key_2024
2372,№ 65,внутригородская территория города федерального значения муниципальный округ № 65,Санкт-Петербург,40-322-000-000,2018,9999,official_key_2024
2373,Ланское,внутригородская территория города федерального значения муниципальный округ Ланское,Санкт-Петербург,40-323-000-000,2020,9999,official_key_2024
2374,Комендантский аэродром,внутригородская территория города федерального значения муниципальный округ Комендантский аэродром,Санкт-Петербург,40-324-000-000,2018,9999,official_key_2024
2375,Озеро Долгое,внутригородская территория города федерального значения муниципальный округ Озеро Долгое,Санкт-Петербург,40-325-000-000,2018,9999,official_key_2024
2376,Юнтолово,внутригородская территория города федерального значения муниципальный округ Юнтолово,Санкт-Петербург,40-326-000-000,2018,9999,official_key_2024
2377,Коломяги,внутригородская территория города федерального значения муниципальный округ Коломяги,Санкт-Петербург,40-327-000-000,2018,9999,official_key_2024
2378,Гражданка,внутригородская территория города федерального значения муниципальный округ Гражданка,Санкт-Петербург,40-328-000-000,2018,9999,official_key_2024
2379,Академическое,внутригородская территория города федерального значения муниципальный округ Академическое,Санкт-Петербург,40-329-000-000,2018,9999,official_key_2024
2380,Финляндский,внутригородская территория города федерального значения муниципальный округ Финляндский округ,Санкт-Петербург,40-330-000-000,2018,9999,official_key_2024
2381,№ 21,внутригородская территория города федерального значения муниципальный округ № 21,Санкт-Петербург,40-331-000-000,2018,9999,official_key_2024
2382,Пискаревка,внутригородская территория города федерального значения муниципальный округ Пискаревка,Санкт-Петербург,40-332-000-000,2018,9999,official_key_2024
2383,Северный,внутригородская территория города федерального значения муниципальный округ Северный,Санкт-Петербург,40-333-000-000,2018,9999,official_key_2024
2384,Прометей,внутригородская территория города федерального значения муниципальный округ Прометей,Санкт-Петербург,40-334-000-000,2018,9999,official_key_2024
2385,Княжево,внутригородская территория города федерального значения муниципальный округ Княжево,Санкт-Петербург,40-335-000-000,2018,9999,official_key_2024
2386,Ульянка,внутригородская территория города федерального значения муниципальный округ Ульянка,Санкт-Петербург,40-336-000-000,2018,9999,official_key_2024
2387,Дачное,внутригородская территория города федерального значения муниципальный округ Дачное,Санкт-Петербург,40-337-000-000,2018,9999,official_key_2024
2388,Автово,внутригородская территория города федерального значения муниципальный округ Автово,Санкт-Петербург,40-338-000-000,2018,9999,official_key_2024
2389,Нарвский,внутригородская территория города федерального значения муниципальный округ Нарвский округ,Санкт-Петербург,40-339-000-000,2018,9999,official_key_2024
2390,Красненькая речка,внутригородская территория города федерального значения муниципальный округ Красненькая речка,Санкт-Петербург,40-340-000-000,2018,9999,official_key_2024
2391,Морские ворота,внутригородская территория города федерального значения муниципальный округ Морские ворота,Санкт-Петербург,40-341-000-000,2018,9999,official_key_2024
2392,Колпино,внутригородская территория города федерального значения город Колпино,Санкт-Петербург,40-342-000-000,2018,9999,official_key_2024
2393,Металлострой,внутригородская территория города федерального значения поселок Металлострой,Санкт-Петербург,40-343-000-000,2018,9999,official_key_2024
2394,Петро-Славянка,внутригородская территория города федерального значения поселок Петро-Славянка,Санкт-Петербург,40-344-000-000,2018,9999,official_key_2024
2395,Понтонный,внутригородская территория города федерального значения поселок Понтонный,Санкт-Петербург,40-345-000-000,2018,9999,official_key_2024
2397,Усть-Ижора,внутригородская территория города федерального значения поселок Усть-Ижора,Санкт-Петербург,40-347-000-000,2018,9999,official_key_2024
2398,Полюстрово,внутригородская территория города федерального значения муниципальный округ Полюстрово,Санкт-Петербург,40-348-000-000,2018,9999,official_key_2024
2399,Большая Охта,внутригородская территория города федерального значения муниципальный округ Большая Охта,Санкт-Петербург,40-349-000-000,2018,9999,official_key_2024
2400,Малая Охта,внутригородская территория города федерального значения муниципальный округ Малая Охта,Санкт-Петербург,40-350-000-000,2018,9999,official_key_2024
2401,Пороховые,внутригородская территория города федерального значения муниципальный округ Пороховые,Санкт-Петербург,40-351-000-000,2018,9999,official_key_2024
2402,Ржевка,внутригородская территория города федерального значения муниципальный округ Ржевка,Санкт-Петербург,40-352-000-000,2018,9999,official_key_2024
2403,Красное Село,внутригородская территория города федерального значения город Красное Село,Санкт-Петербург,40-353-000-000,2018,9999,official_key_2024
2404,Юго-Запад,внутригородская территория города федерального значения муниципальный округ Юго-Запад,Санкт-Петербург,40-354-000-000,2018,9999,official_key_2024
2405,Южно-Приморский,внутригородская территория города федерального значения муниципальный округ Южно-Приморский,Санкт-Петербург,40-355-000-000,2018,9999,official_key_2024
2406,Сосновая поляна,внутригородская территория города федерального значения муниципальный округ Сосновая поляна,Санкт-Петербург,40-356-000-000,2018,9999,official_key_2024
2407,Урицк,внутригородская территория города федерального значения муниципальный округ Урицк,Санкт-Петербург,40-357-000-000,2018,9999,official_key_2024
2408,Константиновское,внутригородская территория города федерального значения муниципальный округ Константиновское,Санкт-Петербург,40-358-000-000,2018,9999,official_key_2024
2409,Горелово,внутригородская территория города федерального значения муниципальный округ Горелово,Санкт-Петербург,40-359-000-000,2018,9999,official_key_2024
2410,Кронштадт,внутригородская территория города федерального значения город Кронштадт,Санкт-Петербург,40-360-000-000,2018,9999,official_key_2024
2411,Зеленогорск,внутригородская территория города федерального значения город Зеленогорск,Санкт-Петербург,40-361-000-000,2018,9999,official_key_2024
2412,Сестрорецк,внутригородская территория города федерального значения город Сестрорецк,Санкт-Петербург,40-362-000-000,2018,9999,official_key_2024
2416,Песочный,внутригородская территория города федерального значения поселок Песочный,Санкт-Петербург,40-366-000-000,2018,9999,official_key_2024
2422,Ломоносов,внутригородская территория города федерального значения город Ломоносов,Санкт-Петербург,40-372-000-000,2018,9999,official_key_2024
2423,Московская застава,внутригородская территория города федерального значения муниципальный округ Московская застава,Санкт-Петербург,40-373-000-000,2018,9999,official_key_2024
2424,Гагаринское,внутригородская территория города федерального значения муниципальный округ Гагаринское,Санкт-Петербург,40-374-000-000,2018,9999,official_key_2024
2425,Новоизмайловское,внутригородская территория города федерального значения муниципальный округ Новоизмайловское,Санкт-Петербург,40-375-000-000,2018,9999,official_key_2024
2426,Пулковский меридиан,внутригородская территория города федерального значения муниципальный округ Пулковский меридиан,Санкт-Петербург,40-376-000-000,2018,9999,official_key_2024
2427,Звездное,внутригородская территория города федерального значения муниципальный округ Звездное,Санкт-Петербург,40-377-000-000,2018,9999,official_key_2024
2428,Невская застава,внутригородская территория города федерального значения муниципальный округ Невская застава,Санкт-Петербург,40-378-000-000,2018,9999,official_key_2024
2429,Ивановский,внутригородская территория города федерального значения муниципальный округ Ивановский,Санкт-Петербург,40-379-000-000,2018,9999,official_key_2024
2430,Обуховский,внутригородская территория города федерального значения муниципальный округ Обуховский,Санкт-Петербург,40-380-000-000,2018,9999,official_key_2024
2431,Рыбацкое,внутригородская территория города федерального значения муниципальный округ Рыбацкое,Санкт-Петербург,40-381-000-000,2018,9999,official_key_2024
2432,Народный,внутригородская территория города федерального значения муниципальный округ Народный,Санкт-Петербург,40-382-000-000,2018,9999,official_key_2024
2433,№ 54,внутригородская территория города федерального значения муниципальный округ № 54,Санкт-Петербург,40-383-000-000,2018,9999,official_key_2024
2434,Невский,внутригородская территория города федерального значения муниципальный округ Невский округ,Санкт-Петербург,40-384-000-000,2018,9999,official_key_2024
2435,Оккервиль,внутригородская территория города федерального значения муниципальный округ Оккервиль,Санкт-Петербург,40-385-000-000,2018,9999,official_key_2024
2436,Правобережный,внутригородская территория города федерального значения муниципальный округ Правобережный,Санкт-Петербург,40-386-000-000,2018,9999,official_key_2024
2437,Павловск,внутригородская территория города федерального значения город Павловск,Санкт-Петербург,40-387-000-000,2018,9999,official_key_2024
2439,Введенский,внутригородская территория города федерального значения муниципальный округ Введенский,Санкт-Петербург,40-389-000-000,2018,9999,official_key_2024
2440,Кронверкское,внутригородская территория города федерального значения муниципальный округ Кронверкское,Санкт-Петербург,40-390-000-000,2018,9999,official_key_2024
2441,Посадский,внутригородская территория города федерального значения муниципальный округ Посадский,Санкт-Петербург,40-391-000-000,2018,9999,official_key_2024
2442,Аптекарский остров,внутригородская территория города федерального значения муниципальный округ Аптекарский остров,Санкт-Петербург,40-392-000-000,2018,9999,official_key_2024
2443,Петровский,внутригородская территория города федерального значения муниципальный округ округ Петровский,Санкт-Петербург,40-393-000-000,2018,9999,official_key_2024
2444,Чкаловское,внутригородская территория города федерального значения муниципальный округ Чкаловское,Санкт-Петербург,40-394-000-000,2018,9999,official_key_2024
2445,Петергоф,внутригородская территория города федерального значения город Петергоф,Санкт-Петербург,40-395-000-000,2018,9999,official_key_2024
2446,Стрельна,внутригородская территория города федерального значения поселок Стрельна,Санкт-Петербург,40-396-000-000,2018,9999,official_key_2024
2447,Пушкин,внутригородская территория города федерального значения город Пушкин,Санкт-Петербург,40-397-000-000,2018,9999,official_key_2024
2448,Александровская,внутригородская территория города федерального значения поселок Александровская,Санкт-Петербург,40-398-000-000,2018,9999,official_key_2024
2449,Шушары,внутригородская территория города федерального значения поселок Шушары,Санкт-Петербург,40-901-000-000,2018,9999,official_key_2024
2450,Волковское,внутригородская территория города федерального значения муниципальный округ Волковское,Санкт-Петербург,40-902-000-000,2018,9999,official_key_2024
2451,№ 72,внутригородская территория города федерального значения муниципальный округ № 72,Санкт-Петербург,40-903-000-000,2018,9999,official_key_2024
2452,Купчино,внутригородская территория города федерального значения муниципальный округ Купчино,Санкт-Петербург,40-904-000-000,2018,9999,official_key_2024
2453,Георгиевский,внутригородская территория города федерального значения муниципальный округ Георгиевский,Санкт-Петербург,40-905-000-000,2018,9999,official_key_2024
2454,№ 75,внутригородская территория города федерального значения муниципальный округ № 75,Санкт-Петербург,40-906-000-000,2018,9999,official_key_2024
2455,Балканский,внутригородская территория города федерального значения муниципальный округ Балканский,Санкт-Петербург,40-907-000-000,2018,9999,official_key_2024
2456,Дворцовый,внутригородская территория города федерального значения муниципальный округ Дворцовый округ,Санкт-Петербург,40-908-000-000,2018,9999,official_key_2024
2457,№ 78,внутригородская территория города федерального значения муниципальный округ № 78,Санкт-Петербург,40-909-000-000,2018,9999,official_key_2024
2458,Литейный,внутригородская территория города федерального значения муниципальный округ Литейный округ,Санкт-Петербург,40-910-000-000,2018,9999,official_key_2024
2459,Смольнинское,внутригородская территория города федерального значения муниципальный округ Смольнинское,Санкт-Петербург,40-911-000-000,2018,9999,official_key_2024
2460,Лиговка-Ямская,внутригородская территория города федерального значения муниципальный округ Лиговка-Ямская,Санкт-Петербург,40-912-000-000,2018,9999,official_key_2024
2461,Владимирский,внутригородская территория города федерального значения муниципальный округ Владимирский округ,Санкт-Петербург,40-913-000-000,2018,9999,official_key_2024
2462,Богородское,внутригородская территория города федерального значения муниципальный округ Богородское,Москва,45-301-000-000,2018,9999,official_key_2024
2463,Вешняки,внутригородская территория города федерального значения муниципальный округ Вешняки,Москва,45-302-000-000,2018,9999,official_key_2024
2464,Восточное Измайлово,внутригородская территория города федерального значения муниципальный округ Восточное Измайлово,Москва,45-303-000-000,2018,9999,official_key_2024
2465,Восточный,внутригородская территория города федерального значения муниципальный округ Восточный,Москва,45-304-000-000,2018,9999,official_key_2024
2466,Гольяново,внутригородская территория города федерального значения муниципальный округ Гольяново,Москва,45-305-000-000,2018,9999,official_key_2024
2467,Ивановское,внутригородская территория города федерального значения муниципальный округ Ивановское,Москва,45-306-000-000,2018,9999,official_key_2024
2468,Измайлово,внутригородская территория города федерального значения муниципальный округ Измайлово,Москва,45-307-000-000,2018,9999,official_key_2024
2469,Косино-Ухтомский,внутригородская территория города федерального значения муниципальный округ Косино-Ухтомский,Москва,45-308-000-000,2018,9999,official_key_2024
2470,Новогиреево,внутригородская территория города федерального значения муниципальный округ Новогиреево,Москва,45-309-000-000,2018,9999,official_key_2024
2471,Новокосино,внутригородская территория города федерального значения муниципальный округ Новокосино,Москва,45-310-000-000,2018,9999,official_key_2024
2472,Метро,внутригородская территория города федерального значения муниципальный округ Метрогородок,Москва,45-311-000-000,2018,9999,official_key_2024
2473,Перово,внутригородская территория города федерального значения муниципальный округ Перово,Москва,45-312-000-000,2018,9999,official_key_2024
2474,Северное Измайлово,внутригородская территория города федерального значения муниципальный округ Северное Измайлово,Москва,45-313-000-000,2018,9999,official_key_2024
2475,Соколиная гора,внутригородская территория города федерального значения муниципальный округ Соколиная гора,Москва,45-314-000-000,2018,9999,official_key_2024
2476,Сокольники,внутригородская территория города федерального значения муниципальный округ Сокольники,Москва,45-315-000-000,2018,9999,official_key_2024
2477,Преображенское,внутригородская территория города федерального значения муниципальный округ Преображенское,Москва,45-316-000-000,2018,9999,official_key_2024
2478,Внуково,внутригородская территория города федерального значения муниципальный округ Внуково,Москва,45-317-000-000,2018,9999,official_key_2024
2479,Дорогомилово,внутригородская территория города федерального значения муниципальный округ Дорогомилово,Москва,45-318-000-000,2018,9999,official_key_2024
2480,Крылатское,внутригородская территория города федерального значения муниципальный округ Крылатское,Москва,45-319-000-000,2018,9999,official_key_2024
2481,Кунцево,внутригородская территория города федерального значения муниципальный округ Кунцево,Москва,45-320-000-000,2018,9999,official_key_2024
2482,Можайский,внутригородская территория города федерального значения муниципальный округ Можайский,Москва,45-321-000-000,2018,9999,official_key_2024
2483,Ново-Переделкино,внутригородская территория города федерального значения муниципальный округ Ново-Переделкино,Москва,45-322-000-000,2018,9999,official_key_2024
2484,Очаково-Матвеевское,внутригородская территория города федерального значения муниципальный округ Очаково-Матвеевское,Москва,45-323-000-000,2018,9999,official_key_2024
2485,Проспект Вернадского,внутригородская территория города федерального значения муниципальный округ Проспект Вернадского,Москва,45-324-000-000,2018,9999,official_key_2024
2486,Раменки,внутригородская территория города федерального значения муниципальный округ Раменки,Москва,45-325-000-000,2018,9999,official_key_2024
2487,Солнцево,внутригородская территория города федерального значения муниципальный округ Солнцево,Москва,45-326-000-000,2018,9999,official_key_2024
2488,Тропарево-Никулино,внутригородская территория города федерального значения муниципальный округ Тропарево-Никулино,Москва,45-327-000-000,2018,9999,official_key_2024
2489,Филевский парк,внутригородская территория города федерального значения муниципальный округ Филевский парк,Москва,45-328-000-000,2018,9999,official_key_2024
2490,Фили-Давыдково,внутригородская территория города федерального значения муниципальный округ Фили-Давыдково,Москва,45-329-000-000,2018,9999,official_key_2024
2491,Крюково,внутригородская территория города федерального значения муниципальный округ Крюково,Москва,45-330-000-000,2018,9999,official_key_2024
2492,Матушкино,внутригородская территория города федерального значения муниципальный округ Матушкино,Москва,45-331-000-000,2018,9999,official_key_2024
2493,Силино,внутригородская территория города федерального значения муниципальный округ Силино,Москва,45-332-000-000,2018,9999,official_key_2024
2494,Аэропорт,внутригородская территория города федерального значения муниципальный округ Аэропорт,Москва,45-333-000-000,2018,9999,official_key_2024
2495,Беговой,внутригородская территория города федерального значения муниципальный округ Беговой,Москва,45-334-000-000,2018,9999,official_key_2024
2496,Бескудниковский,внутригородская территория города федерального значения муниципальный округ Бескудниковский,Москва,45-335-000-000,2018,9999,official_key_2024
2497,Войковский,внутригородская территория города федерального значения муниципальный округ Войковский,Москва,45-336-000-000,2018,9999,official_key_2024
2498,Восточное Дегунино,внутригородская территория города федерального значения муниципальный округ Восточное Дегунино,Москва,45-337-000-000,2018,9999,official_key_2024
2499,Головинский,внутригородская территория города федерального значения муниципальный округ Головинский,Москва,45-338-000-000,2018,9999,official_key_2024
2500,Дмитровский,внутригородская территория города федерального значения муниципальный округ Дмитровский,Москва,45-339-000-000,2018,9999,official_key_2024
2501,Западное Дегунино,внутригородская территория города федерального значения муниципальный округ Западное Дегунино,Москва,45-340-000-000,2018,9999,official_key_2024
2502,Коптево,внутригородская территория города федерального значения муниципальный округ Коптево,Москва,45-341-000-000,2018,9999,official_key_2024
2503,Левобережный,внутригородская территория города федерального значения муниципальный округ Левобережный,Москва,45-342-000-000,2018,9999,official_key_2024
2504,Молжаниновский,внутригородская территория города федерального значения муниципальный округ Молжаниновский,Москва,45-343-000-000,2018,9999,official_key_2024
2505,Савеловский,внутригородская территория города федерального значения муниципальный округ Савеловский,Москва,45-344-000-000,2018,9999,official_key_2024
2506,Сокол,внутригородская территория города федерального значения муниципальный округ Сокол,Москва,45-345-000-000,2018,9999,official_key_2024
2507,Тимирязевский,внутригородская территория города федерального значения муниципальный округ Тимирязевский,Москва,45-346-000-000,2018,9999,official_key_2024
2508,Ховрино,внутригородская территория города федерального значения муниципальный округ Ховрино,Москва,45-347-000-000,2018,9999,official_key_2024
2509,Хорошевский,внутригородская территория города федерального значения муниципальный округ Хорошевский,Москва,45-348-000-000,2018,9999,official_key_2024
2510,Алексеевский,внутригородская территория города федерального значения муниципальный округ Алексеевский,Москва,45-349-000-000,2018,9999,official_key_2024
2511,Алтуфьевский,внутригородская территория города федерального значения муниципальный округ Алтуфьевский,Москва,45-350-000-000,2018,9999,official_key_2024
2512,Бабушкинский,внутригородская территория города федерального значения муниципальный округ Бабушкинский,Москва,45-351-000-000,2018,9999,official_key_2024
2513,Бибирево,внутригородская территория города федерального значения муниципальный округ Бибирево,Москва,45-352-000-000,2018,9999,official_key_2024
2514,Бутырский,внутригородская территория города федерального значения муниципальный округ Бутырский,Москва,45-353-000-000,2018,9999,official_key_2024
2515,Лианозово,внутригородская территория города федерального значения муниципальный округ Лианозово,Москва,45-354-000-000,2018,9999,official_key_2024
2516,Лосиноостровский,внутригородская территория города федерального значения муниципальный округ Лосиноостровский,Москва,45-355-000-000,2018,9999,official_key_2024
2517,Марфино,внутригородская территория города федерального значения муниципальный округ Марфино,Москва,45-356-000-000,2018,9999,official_key_2024
2518,Марьина роща,внутригородская территория города федерального значения муниципальный округ Марьина роща,Москва,45-357-000-000,2018,9999,official_key_2024
2519,Останкинский,внутригородская территория города федерального значения муниципальный округ Останкинский,Москва,45-358-000-000,2018,9999,official_key_2024
2520,Отрадное,внутригородская территория города федерального значения муниципальный округ Отрадное,Москва,45-359-000-000,2018,9999,official_key_2024
2521,Ростокино,внутригородская территория города федерального значения муниципальный округ Ростокино,Москва,45-360-000-000,2018,9999,official_key_2024
2522,Свиблово,внутригородская территория города федерального значения муниципальный округ Свиблово,Москва,45-361-000-000,2018,9999,official_key_2024
2523,Северное Медведково,внутригородская территория города федерального значения муниципальный округ Северное Медведково,Москва,45-362-000-000,2018,9999,official_key_2024
2524,Северный,внутригородская территория города федерального значения муниципальный округ Северный,Москва,45-363-000-000,2018,9999,official_key_2024
2525,Южное Медведково,внутригородская территория города федерального значения муниципальный округ Южное Медведково,Москва,45-364-000-000,2018,9999,official_key_2024
2526,Ярославский,внутригородская территория города федерального значения муниципальный округ Ярославский,Москва,45-365-000-000,2018,9999,official_key_2024
2527,Куркино,внутригородская территория города федерального значения муниципальный округ Куркино,Москва,45-366-000-000,2018,9999,official_key_2024
2528,Митино,внутригородская территория города федерального значения муниципальный округ Митино,Москва,45-367-000-000,2018,9999,official_key_2024
2529,Покровское-Стрешнево,внутригородская территория города федерального значения муниципальный округ Покровское-Стрешнево,Москва,45-368-000-000,2018,9999,official_key_2024
2530,Северное Тушино,внутригородская территория города федерального значения муниципальный округ Северное Тушино,Москва,45-369-000-000,2018,9999,official_key_2024
2531,Строгино,внутригородская территория города федерального значения муниципальный округ Строгино,Москва,45-370-000-000,2018,9999,official_key_2024
2532,Хорошево-Мневники,внутригородская территория города федерального значения муниципальный округ Хорошево-Мневники,Москва,45-371-000-000,2018,9999,official_key_2024
2533,Щукино,внутригородская территория города федерального значения муниципальный округ Щукино,Москва,45-372-000-000,2018,9999,official_key_2024
2534,Южное Тушино,внутригородская территория города федерального значения муниципальный округ Южное Тушино,Москва,45-373-000-000,2018,9999,official_key_2024
2535,Арбат,внутригородская территория города федерального значения муниципальный округ Арбат,Москва,45-374-000-000,2018,9999,official_key_2024
2536,Басманный,внутригородская территория города федерального значения муниципальный округ Басманный,Москва,45-375-000-000,2018,9999,official_key_2024
2537,Замоскворечье,внутригородская территория города федерального значения муниципальный округ Замоскворечье,Москва,45-376-000-000,2018,9999,official_key_2024
2538,Савелки,внутригородская территория города федерального значения муниципальное образование Савелки,Москва,45-377-000-000,2018,9999,official_key_2024
2539,Красносельский,внутригородская территория города федерального значения муниципальный округ Красносельский,Москва,45-378-000-000,2018,9999,official_key_2024
2540,Мещанский,внутригородская территория города федерального значения муниципальный округ Мещанский,Москва,45-379-000-000,2018,9999,official_key_2024
2541,Пресненский,внутригородская территория города федерального значения муниципальный округ Пресненский,Москва,45-380-000-000,2018,9999,official_key_2024
2542,Таганский,внутригородская территория города федерального значения муниципальный округ Таганский,Москва,45-381-000-000,2018,9999,official_key_2024
2543,Тверской,внутригородская территория города федерального значения муниципальный округ Тверской,Москва,45-382-000-000,2018,9999,official_key_2024
2544,Хамовники,внутригородская территория города федерального значения муниципальный округ Хамовники,Москва,45-383-000-000,2018,9999,official_key_2024
2545,Якиманка,внутригородская территория города федерального значения муниципальный округ Якиманка,Москва,45-384-000-000,2018,9999,official_key_2024
2546,Выхино-Жулебино,внутригородская территория города федерального значения муниципальный округ Выхино-Жулебино,Москва,45-385-000-000,2018,9999,official_key_2024
2547,Капотня,внутригородская территория города федерального значения муниципальный округ Капотня,Москва,45-386-000-000,2018,9999,official_key_2024
2548,Кузьминки,внутригородская территория города федерального значения муниципальный округ Кузьминки,Москва,45-387-000-000,2018,9999,official_key_2024
2549,Лефортово,внутригородская территория города федерального значения муниципальный округ Лефортово,Москва,45-388-000-000,2018,9999,official_key_2024
2550,Люблино,внутригородская территория города федерального значения муниципальный округ Люблино,Москва,45-389-000-000,2018,9999,official_key_2024
2551,Марьино,внутригородская территория города федерального значения муниципальный округ Марьино,Москва,45-390-000-000,2018,9999,official_key_2024
2552,Некрасовка,внутригородская территория города федерального значения муниципальный округ Некрасовка,Москва,45-391-000-000,2018,9999,official_key_2024
2553,Нижегородский,внутригородская территория города федерального значения муниципальный округ Нижегородский,Москва,45-392-000-000,2018,9999,official_key_2024
2554,Печатники,внутригородская территория города федерального значения муниципальный округ Печатники,Москва,45-393-000-000,2018,9999,official_key_2024
2555,Рязанский,внутригородская территория города федерального значения муниципальный округ Рязанский,Москва,45-394-000-000,2018,9999,official_key_2024
2556,Текстильщики,внутригородская территория города федерального значения муниципальный округ Текстильщики,Москва,45-395-000-000,2018,9999,official_key_2024
2557,Южнопортовый,внутригородская территория города федерального значения муниципальный округ Южнопортовый,Москва,45-396-000-000,2018,9999,official_key_2024
2558,Академический,внутригородская территория города федерального значения муниципальный округ Академический,Москва,45-397-000-000,2018,9999,official_key_2024
2559,Гагаринский,внутригородская территория города федерального значения муниципальный округ Гагаринский,Москва,45-398-000-000,2018,9999,official_key_2024
2560,Зюзино,внутригородская территория города федерального значения муниципальный округ Зюзино,Москва,45-901-000-000,2018,9999,official_key_2024
2561,Коньково,внутригородская территория города федерального значения муниципальный округ Коньково,Москва,45-902-000-000,2018,9999,official_key_2024
2562,Котловка,внутригородская территория города федерального значения муниципальный округ Котловка,Москва,45-903-000-000,2018,9999,official_key_2024
2563,Ломоносовский,внутригородская территория города федерального значения муниципальный округ Ломоносовский,Москва,45-904-000-000,2018,9999,official_key_2024
2564,Обручевский,внутригородская территория города федерального значения муниципальный округ Обручевский,Москва,45-905-000-000,2018,9999,official_key_2024
2565,Северное Бутово,внутригородская территория города федерального значения муниципальный округ Северное Бутово,Москва,45-906-000-000,2018,9999,official_key_2024
2566,Теплый Стан,внутригородская территория города федерального значения муниципальный округ Теплый Стан,Москва,45-907-000-000,2018,9999,official_key_2024
2567,Черемушки,внутригородская территория города федерального значения муниципальный округ Черемушки,Москва,45-908-000-000,2018,9999,official_key_2024
2568,Южное Бутово,внутригородская территория города федерального значения муниципальный округ Южное Бутово,Москва,45-909-000-000,2018,9999,official_key_2024
2569,Ясенево,внутригородская территория города федерального значения муниципальный округ Ясенево,Москва,45-910-000-000,2018,9999,official_key_2024
2570,Бирюлево Восточное,внутригородская территория города федерального значения муниципальный округ Бирюлево Восточное,Москва,45-911-000-000,2018,9999,official_key_2024
2571,Бирюлево Западное,внутригородская территория города федерального значения муниципальный округ Бирюлево Западное,Москва,45-912-000-000,2018,9999,official_key_2024
2572,Братеево,внутригородская территория города федерального значения муниципальный округ Братеево,Москва,45-913-000-000,2018,9999,official_key_2024
2573,Даниловский,внутригородская территория города федерального значения муниципальный округ Даниловский,Москва,45-914-000-000,2018,9999,official_key_2024
2574,Донской,внутригородская территория города федерального значения муниципальный округ Донской,Москва,45-915-000-000,2018,9999,official_key_2024
2575,Зябликово,внутригородская территория города федерального значения муниципальный округ Зябликово,Москва,45-916-000-000,2018,9999,official_key_2024
2576,Москворечье-Сабурово,внутригородская территория города федерального значения муниципальный округ Москворечье-Сабурово,Москва,45-917-000-000,2018,9999,official_key_2024
2577,Нагатино-Садовники,внутригородская территория города федерального значения муниципальный округ Нагатино-Садовники,Москва,45-918-000-000,2018,9999,official_key_2024
2578,Нагатинский затон,внутригородская территория города федерального значения муниципальный округ Нагатинский затон,Москва,45-919-000-000,2018,9999,official_key_2024
2579,Нагорный,внутригородская территория города федерального значения муниципальный округ Нагорный,Москва,45-920-000-000,2018,9999,official_key_2024
2580,Орехово-Борисово Северное,внутригородская территория города федерального значения муниципальный округ Орехово-Борисово Северное,Москва,45-921-000-000,2018,9999,official_key_2024
2581,Орехово-Борисово Южное,внутригородская территория города федерального значения муниципальный округ Орехово-Борисово Южное,Москва,45-922-000-000,2018,9999,official_key_2024
2582,Царицыно,внутригородская территория города федерального значения муниципальный округ Царицыно,Москва,45-923-000-000,2018,9999,official_key_2024
2583,Чертаново Северное,внутригородская территория города федерального значения муниципальный округ Чертаново Северное,Москва,45-924-000-000,2018,9999,official_key_2024
2584,Чертаново Центральное,внутригородская территория города федерального значения муниципальный округ Чертаново Центральное,Москва,45-925-000-000,2018,9999,official_key_2024
2585,Чертаново Южное,внутригородская территория города федерального значения муниципальный округ Чертаново Южное,Москва,45-926-000-000,2018,9999,official_key_2024
2586,Старое Крюково,внутригородская территория города федерального значения муниципальный округ Старое Крюково,Москва,45-927-000-000,2018,9999,official_key_2024
2587,Троицк,внутригородская территория города федерального значения городской округ Троицк,Москва,45-931-000-000,2018,9999,official_key_2024
2588,Щербинка,внутригородская территория города федерального значения городской округ Щербинка,Москва,45-932-000-000,2018,9999,official_key_2024
2589,Внуковское,внутригородская территория города федерального значения поселение Внуковское,Москва,45-941-000-000,2018,9999,official_key_2024
2590,Воскресенское,внутригородская территория города федерального значения поселение Воскресенское,Москва,45-942-000-000,2018,9999,official_key_2024
2591,Вороновское,внутригородская территория города федерального значения поселение Вороновское,Москва,45-943-000-000,2018,9999,official_key_2024
2592,Десеновское,внутригородская территория города федерального значения поселение Десеновское,Москва,45-944-000-000,2018,9999,official_key_2024
2593,Киевский,внутригородская территория города федерального значения поселение Киевский,Москва,45-945-000-000,2018,9999,official_key_2024
2594,Кленовское,внутригородская территория города федерального значения поселение Кленовское,Москва,45-946-000-000,2018,9999,official_key_2024
2595,Кокошкино,внутригородская территория города федерального значения поселение Кокошкино,Москва,45-947-000-000,2018,9999,official_key_2024
2596,Краснопахорское,внутригородская территория города федерального значения поселение Краснопахорское,Москва,45-948-000-000,2018,9999,official_key_2024
2597,Марушкинское,внутригородская территория города федерального значения поселение Марушкинское,Москва,45-949-000-000,2018,9999,official_key_2024
2598,Михайлово-Ярцевское,внутригородская территория города федерального значения поселение Михайлово-Ярцевское,Москва,45-951-000-000,2018,9999,official_key_2024
2599,Московский,внутригородская территория города федерального значения поселение Московский,Москва,45-952-000-000,2018,9999,official_key_2024
2600,Мосрентген,"внутригородская территория города федерального значения поселение Мосрентген""""",Москва,45-953-000-000,2018,9999,official_key_2024
2601,Новофедоровское,внутригородская территория города федерального значения поселение Новофедоровское,Москва,45-954-000-000,2018,9999,official_key_2024
2602,Первомайское,внутригородская территория города федерального значения поселение Первомайское,Москва,45-955-000-000,2018,9999,official_key_2024
2603,Роговское,внутригородская территория города федерального значения поселение Роговское,Москва,45-956-000-000,2018,9999,official_key_2024
2604,Рязановское,внутригородская территория города федерального значения поселение Рязановское,Москва,45-957-000-000,2018,9999,official_key_2024
2605,Сосенское,внутригородская территория города федерального значения поселение Сосенское,Москва,45-958-000-000,2018,9999,official_key_2024
2606,Филимонковское,внутригородская территория города федерального значения поселение Филимонковское,Москва,45-959-000-000,2018,9999,official_key_2024
2607,Щаповское,внутригородская территория города федерального значения поселение Щаповское,Москва,45-961-000-000,2018,9999,official_key_2024
2618,Мантуровский,Мантуровский муниципальный округ,Костромская область,34-520-000-000,2024,9999,official_key_2024
2619,Переславль-Залесский,городской округ город Переславль-Залесский,Ярославская область,78-705-000-000,2019,9999,official_key_2024
2620,Соликамский,городской округ Соликамский,Пермский край,57-730-000-000,2019,9999,official_key_2024
2621,Березники,городской округ город Березники,Пермский край,57-708-000-000,2019,9999,official_key_2024
2644,Серпухов,городской округ Серпухов,Московская область,46-770-000-000,2019,9999,official_key_2024
2646,Обнинск,городской округ город Обнинск,Калужская область,29-715-000-000,2019,9999,official_key_2024
2647,Боровский,Боровский муниципальный район,Калужская область,29-606-000-000,2019,9999,official_key_2024
2648,Лосино-Петровский,городской округ Лосино-Петровский,Московская область,46-742-000-000,2019,9999,official_key_2024
2649,Щёлково,городской округ Щёлково,Московская область,46-788-000-000,2020,9999,official_key_2024
2651,Одинцовский,городской округ Одинцовский,Московская область,46-755-000-000,2020,9999,official_key_2024
2652,Орехово-Зуевский,городской округ Орехово-Зуевский,Московская область,46-757-000-000,2020,9999,official_key_2024
2710,Вышневолоцкий,городской округ Вышневолоцкий,Тверская область,28-714-000-000,2020,9999,official_key_2024
2808,Коломна,городской округ Коломна,Московская область,46-738-000-000,2021,9999,official_key_2024
2809,Кунгурский,муниципальный округ Кунгурский,Пермский край,57-530-000-000,2021,9999,official_key_2024
2813,Шатура,городской округ Шатура,Московская область,46-786-000-000,2021,9999,official_key_2024
2814,Пушкинский,городской округ Пушкинский,Московская область,46-758-000-000,2021,9999,official_key_2024
2872,Приуральский,муниципальный округ Приуральский район,Ямало-Ненецкий автономный округ,71-938-000-000,2022,9999,official_key_2024
2876,Кисловодск,городской округ город-курорт Кисловодск,Ставропольский край,07-715-000-000,2022,9999,official_key_2024
2879,Губкинский,городской округ город Губкинский,Ямало-Ненецкий автономный округ,71-952-000-000,2022,9999,official_key_2024
2880,Лабытнанги,городской округ город Лабытнанги,Ямало-Ненецкий автономный округ,71-953-000-000,2022,9999,official_key_2024
2881,Предгорный,Предгорный муниципальный округ,Ставропольский край,07-548-000-000,2022,9999,official_key_2024
2882,Пуровский,муниципальный округ Пуровский район,Ямало-Ненецкий автономный округ,71-940-000-000,2022,9999,official_key_2024
2883,Кимрский,муниципальный округ Кимрский,Тверская область,28-528-000-000,2023,9999,official_key_2024
2884,Ржевский,муниципальный округ Ржевский,Тверская область,28-548-000-000,2023,9999,official_key_2024
2885,Кудымкарский,муниципальный округ Кудымкарский,Пермский край,57-528-000-000,2023,9999,official_key_2024
2886,Губахинский,муниципальный округ Губахинский,Пермский край,57-516-000-000,2023,9999,official_key_2024
2887,Саратов,городской округ город Саратов,Саратовская область,63-701-000-000,2023,9999,official_key_2024
3005,Арзамас,городской округ город Арзамас,Нижегородская область,22-703-000-000,2023,9999,official_key_2024
3007,Прокопьевский,Прокопьевский муниципальный округ,Кемеровская область,32-522-000-000,2023,9999,official_key_2024
3008,Химки,городской округ Химки,Московская область,46-783-000-000,2023,9999,official_key_2024
3009,Тамбов,городской округ город Тамбов,Тамбовская область,68-701-000-000,2023,9999,official_key_2024
3010,Тамбовский,Тамбовский муниципальный округ,Тамбовская область,68-540-000-000,2024,9999,official_key_2024
3011,Златоустовский,городской округ Златоустовский,Челябинская область,75-712-000-000,2023,9999,official_key_2024
3012,Кусинский,Кусинский муниципальный район,Челябинская область,75-638-000-000,2023,9999,official_key_2024
3013,Солнечногорск,городской округ Солнечногорск,Московская область,46-771-000-000,2023,9999,official_key_2024
3014,Павлово-Посадский,городской округ Павлово-Посадский,Московская область,46-759-000-000,2024,9999,official_key_2024
3101,Сасовский,Сасовский муниципальный округ,Рязанская область,61-542-000-000,2024,9999,official_key_2024
