territory_id,municipal_district_name_short,municipal_district_name,region_name,oktmo,year_from,year_to
1,Майкоп,городской округ город Майкоп,Республика Адыгея,79-701-000-000,2018,9999
2,Адыгейск,городской округ город Адыгейск,Республика Адыгея,79-703-000-000,2018,9999
3,Гиагинский,Гиагинский муниципальный район,Республика Адыгея,79-605-000-000,2018,9999
4,Кошехабльский,Кошехабльский муниципальный район,Республика Адыгея,79-615-000-000,2018,9999
5,Красногвардейский,Красногвардейский муниципальный район,Республика Адыгея,79-618-000-000,2018,9999
6,Майкопский,Майкопский муниципальный район,Республика Адыгея,79-622-000-000,2018,9999
7,Тахтамукайский,Тахтамукайский муниципальный район,Республика Адыгея,79-630-000-000,2018,9999
8,Теучежский,Теучежский муниципальный район,Республика Адыгея,79-633-000-000,2018,9999
9,Шовгеновский,Шовгеновский муниципальный район,Республика Адыгея,79-640-000-000,2018,9999
10,Горно-Алтайск,городской округ город Горно-Алтайск,Республика Алтай,84-701-000-000,2018,9999
11,Кош-Агачский,Кош-Агачский муниципальный район,Республика Алтай,84-610-000-000,2018,9999
12,Майминский,Майминский муниципальный район,Республика Алтай,84-615-000-000,2018,9999
13,Онгудайский,Онгудайский муниципальный район,Республика Алтай,84-620-000-000,2018,9999
14,Турочакский,Турочакский муниципальный район,Республика Алтай,84-625-000-000,2018,9999
15,Улаганский,Улаганский муниципальный район,Республика Алтай,84-630-000-000,2018,9999
16,Усть-Канский,Усть-Канский муниципальный район,Республика Алтай,84-635-000-000,2018,9999
17,Усть-Коксинский,Усть-Коксинский муниципальный район,Республика Алтай,84-640-000-000,2018,9999
18,Чемальский,Чемальский муниципальный район,Республика Алтай,84-643-000-000,2018,9999
19,Чойский,Чойский муниципальный район,Республика Алтай,84-645-000-000,2018,9999
20,Шебалинский,Шебалинский муниципальный район,Республика Алтай,84-650-000-000,2018,9999
21,Уфа,городской округ город Уфа,Республика Башкортостан,80-701-000-000,2018,9999
22,Агидель,городской округ город Агидель,Республика Башкортостан,80-703-000-000,2018,9999
23,Кумертау,городской округ город Кумертау,Республика Башкортостан,80-723-000-000,2018,9999
24,Межгорье,городской округ ЗАТО город Межгорье,Республика Башкортостан,80-707-000-000,2018,9999
25,Нефтекамск,городской округ город Нефтекамск,Республика Башкортостан,80-727-000-000,2018,9999
26,Октябрьский,городской округ город Октябрьский,Республика Башкортостан,80-735-000-000,2018,9999
27,Салават,городской округ город Салават,Республика Башкортостан,80-739-000-000,2018,9999
28,Сибай,городской округ город Сибай,Республика Башкортостан,80-743-000-000,2018,9999
29,Стерлитамак,городской округ город Стерлитамак,Республика Башкортостан,80-745-000-000,2018,9999
30,Абзелиловский,Абзелиловский муниципальный район,Республика Башкортостан,80-601-000-000,2018,9999
31,Альшеевский,Альшеевский муниципальный район,Республика Башкортостан,80-602-000-000,2018,9999
32,Архангельский,Архангельский муниципальный район,Республика Башкортостан,80-603-000-000,2018,9999
33,Аскинский,Аскинский муниципальный район,Республика Башкортостан,80-604-000-000,2018,9999
34,Аургазинский,Аургазинский муниципальный район,Республика Башкортостан,80-605-000-000,2018,9999
35,Баймакский,Баймакский муниципальный район,Республика Башкортостан,80-606-000-000,2018,9999
36,Бакалинский,Бакалинский муниципальный район,Республика Башкортостан,80-607-000-000,2018,9999
37,Балтачевский,Балтачевский муниципальный район,Республика Башкортостан,80-608-000-000,2018,9999
38,Белебеевский,Белебеевский муниципальный район,Республика Башкортостан,80-609-000-000,2018,9999
39,Белокатайский,Белокатайский муниципальный район,Республика Башкортостан,80-610-000-000,2018,9999
40,Белорецкий,Белорецкий муниципальный район,Республика Башкортостан,80-611-000-000,2018,9999
41,Бижбулякский,Бижбулякский муниципальный район,Республика Башкортостан,80-612-000-000,2018,9999
42,Бирский,Бирский муниципальный район,Республика Башкортостан,80-613-000-000,2018,9999
43,Благоварский,Благоварский муниципальный район,Республика Башкортостан,80-614-000-000,2018,9999
44,Благовещенский,Благовещенский муниципальный район,Республика Башкортостан,80-615-000-000,2018,9999
45,Буздякский,Буздякский муниципальный район,Республика Башкортостан,80-617-000-000,2018,9999
46,Бураевский,Бураевский муниципальный район,Республика Башкортостан,80-618-000-000,2018,9999
47,Бурзянский,Бурзянский муниципальный район,Республика Башкортостан,80-619-000-000,2018,9999
48,Гафурийский,Гафурийский муниципальный район,Республика Башкортостан,80-621-000-000,2018,9999
49,Давлекановский,Давлекановский муниципальный район,Республика Башкортостан,80-622-000-000,2018,9999
50,Дуванский,Дуванский муниципальный район,Республика Башкортостан,80-623-000-000,2018,9999
51,Дюртюлинский,Дюртюлинский муниципальный район,Республика Башкортостан,80-624-000-000,2018,9999
52,Ермекеевский,Ермекеевский муниципальный район,Республика Башкортостан,80-625-000-000,2018,9999
53,Зианчуринский,Зианчуринский муниципальный район,Республика Башкортостан,80-626-000-000,2018,9999
54,Зилаирский,Зилаирский муниципальный район,Республика Башкортостан,80-627-000-000,2018,9999
55,Иглинский,Иглинский муниципальный район,Республика Башкортостан,80-628-000-000,2018,9999
56,Илишевский,Илишевский муниципальный район,Республика Башкортостан,80-630-000-000,2018,9999
57,Ишимбайский,Ишимбайский муниципальный район,Республика Башкортостан,80-631-000-000,2018,9999
58,Калтасинский,Калтасинский муниципальный район,Республика Башкортостан,80-633-000-000,2018,9999
59,Караидельский,Караидельский муниципальный район,Республика Башкортостан,80-634-000-000,2018,9999
60,Кармаскалинский,Кармаскалинский муниципальный район,Республика Башкортостан,80-635-000-000,2018,9999
61,Кигинский,Кигинский муниципальный район,Республика Башкортостан,80-636-000-000,2018,9999
62,Краснокамский,Краснокамский муниципальный район,Республика Башкортостан,80-637-000-000,2018,9999
63,Кугарчинский,Кугарчинский муниципальный район,Республика Башкортостан,80-638-000-000,2018,9999
64,Куюргазинский,Куюргазинский муниципальный район,Республика Башкортостан,80-639-000-000,2018,9999
65,Кушнаренковский,Кушнаренковский муниципальный район,Республика Башкортостан,80-640-000-000,2018,9999
66,Мелеузовский,Мелеузовский муниципальный район,Республика Башкортостан,80-641-000-000,2018,9999
67,Мечетлинский,Мечетлинский муниципальный район,Республика Башкортостан,80-642-000-000,2018,9999
68,Мишкинский,Мишкинский муниципальный район,Республика Башкортостан,80-643-000-000,2018,9999
69,Миякинский,Миякинский муниципальный район,Республика Башкортостан,80-644-000-000,2018,9999
70,Нуримановский,Нуримановский муниципальный район,Республика Башкортостан,80-645-000-000,2018,9999
71,Салаватский,Салаватский муниципальный район,Республика Башкортостан,80-647-000-000,2018,9999
72,Стерлибашевский,Стерлибашевский муниципальный район,Республика Башкортостан,80-648-000-000,2018,9999
73,Стерлитамакский,Стерлитамакский муниципальный район,Республика Башкортостан,80-649-000-000,2018,9999
74,Татышлинский,Татышлинский муниципальный район,Республика Башкортостан,80-650-000-000,2018,9999
75,Туймазинский,Туймазинский муниципальный район,Республика Башкортостан,80-651-000-000,2018,9999
76,Уфимский,Уфимский муниципальный район,Республика Башкортостан,80-652-000-000,2018,9999
77,Учалинский,Учалинский муниципальный район,Республика Башкортостан,80-653-000-000,2018,9999
78,Федоровский,Федоровский муниципальный район,Республика Башкортостан,80-654-000-000,2018,9999
79,Хайбуллинский,Хайбуллинский муниципальный район,Республика Башкортостан,80-655-000-000,2018,9999
80,Чекмагушевский,Чекмагушевский муниципальный район,Республика Башкортостан,80-656-000-000,2018,9999
81,Чишминский,Чишминский муниципальный район,Республика Башкортостан,80-657-000-000,2018,9999
82,Шаранский,Шаранский муниципальный район,Республика Башкортостан,80-658-000-000,2018,9999
83,Янаульский,Янаульский муниципальный район,Республика Башкортостан,80-659-000-000,2018,9999
84,Улан-Удэ,городской округ город Улан-Удэ,Республика Бурятия,81-701-000-000,2018,9999
85,Северобайкальск,городской округ город Северобайкальск,Республика Бурятия,81-720-000-000,2018,9999
86,Баргузинский,Баргузинский муниципальный район,Республика Бурятия,81-603-000-000,2018,9999
87,Баунтовский,Баунтовский эвенкийский муниципальный район,Республика Бурятия,81-606-000-000,2018,9999
88,Бичурский,Бичурский муниципальный район,Республика Бурятия,81-609-000-000,2018,9999
89,Джидинский,Джидинский муниципальный район,Республика Бурятия,81-612-000-000,2018,9999
90,Еравнинский,Еравнинский муниципальный район,Республика Бурятия,81-615-000-000,2018,9999
91,Заиграевский,Заиграевский муниципальный район,Республика Бурятия,81-618-000-000,2018,9999
92,Закаменский,Закаменский муниципальный район,Республика Бурятия,81-621-000-000,2018,9999
93,Иволгинский,Иволгинский муниципальный район,Республика Бурятия,81-622-000-000,2018,9999
94,Кабанский,Кабанский муниципальный район,Республика Бурятия,81-624-000-000,2018,9999
95,Кижингинский,Кижингинский муниципальный район,Республика Бурятия,81-627-000-000,2018,9999
96,Курумканский,Курумканский муниципальный район,Республика Бурятия,81-630-000-000,2018,9999
97,Кяхтинский,Кяхтинский муниципальный район,Республика Бурятия,81-633-000-000,2018,9999
98,Муйский,Муйский муниципальный район,Республика Бурятия,81-635-000-000,2018,9999
99,Мухоршибирский,Мухоршибирский муниципальный район,Республика Бурятия,81-636-000-000,2018,9999
100,Окинский,Окинский муниципальный район,Республика Бурятия,81-639-000-000,2018,9999
101,Прибайкальский,Прибайкальский муниципальный район,Республика Бурятия,81-642-000-000,2018,9999
102,Северо-Байкальский,Северо-Байкальский муниципальный район,Республика Бурятия,81-645-000-000,2018,9999
103,Селенгинский,Селенгинский муниципальный район,Республика Бурятия,81-648-000-000,2018,9999
104,Тарбагатайский,Тарбагатайский муниципальный район,Республика Бурятия,81-650-000-000,2018,9999
105,Тункинский,Тункинский муниципальный район,Республика Бурятия,81-651-000-000,2018,9999
106,Хоринский,Хоринский муниципальный район,Республика Бурятия,81-657-000-000,2018,9999
107,Махачкала,городской округ город Махачкала,Республика Дагестан,82-701-000-000,2018,9999
108,Буйнакск,городской округ город Буйнакск,Республика Дагестан,82-705-000-000,2018,9999
109,Дагестанские Огни,городской округ город Дагестанские Огни,Республика Дагестан,82-708-000-000,2018,9999
110,Дербент,городской округ город Дербент,Республика Дагестан,82-710-000-000,2018,9999
111,Избербаш,городской округ город Избербаш,Республика Дагестан,82-715-000-000,2018,9999
112,Каспийск,городской округ город Каспийск,Республика Дагестан,82-720-000-000,2018,9999
113,Кизилюрт,городской округ город Кизилюрт,Республика Дагестан,82-725-000-000,2018,9999
114,Кизляр,городской округ город Кизляр,Республика Дагестан,82-730-000-000,2018,9999
115,Хасавюрт,городской округ город Хасавюрт,Республика Дагестан,82-735-000-000,2018,9999
116,Южно-Сухокумск,городской округ город Южно-Сухокумск,Республика Дагестан,82-738-000-000,2018,9999
117,Агульский,Агульский муниципальный район,Республика Дагестан,82-601-000-000,2018,9999
118,Акушинский,Акушинский муниципальный район,Республика Дагестан,82-603-000-000,2018,9999
119,Ахвахский,Ахвахский муниципальный район,Республика Дагестан,82-605-000-000,2018,9999
120,Ахтынский,Ахтынский муниципальный район,Республика Дагестан,82-606-000-000,2018,9999
121,Бабаюртовский,Бабаюртовский муниципальный район,Республика Дагестан,82-607-000-000,2018,9999
122,Ботлихский,Ботлихский муниципальный район,Республика Дагестан,82-609-000-000,2018,9999
123,Буйнакский,Буйнакский муниципальный район,Республика Дагестан,82-611-000-000,2018,9999
124,Гергебильский,Гергебильский муниципальный район,Республика Дагестан,82-613-000-000,2018,9999
125,Гумбетовский,Гумбетовский муниципальный район,Республика Дагестан,82-615-000-000,2018,9999
126,Гунибский,Гунибский муниципальный район,Республика Дагестан,82-616-000-000,2018,9999
127,Дахадаевский,Дахадаевский муниципальный район,Республика Дагестан,82-618-000-000,2018,9999
128,Дербентский,Дербентский муниципальный район,Республика Дагестан,82-620-000-000,2018,9999
129,Докузпаринский,Докузпаринский муниципальный район,Республика Дагестан,82-621-000-000,2018,9999
130,Казбековский,Казбековский муниципальный район,Республика Дагестан,82-622-000-000,2018,9999
131,Кайтагский,Кайтагский муниципальный район,Республика Дагестан,82-623-000-000,2018,9999
132,Каякентский,Каякентский муниципальный район,Республика Дагестан,82-624-000-000,2018,9999
133,Кизилюртовский,Кизилюртовский муниципальный район,Республика Дагестан,82-626-000-000,2018,9999
134,Кизлярский,Кизлярский муниципальный район,Республика Дагестан,82-627-000-000,2018,9999
135,Кулинский,Кулинский муниципальный район,Республика Дагестан,82-629-000-000,2018,9999
136,Курахский,Курахский муниципальный район,Республика Дагестан,82-630-000-000,2018,9999
137,Лакский,Лакский муниципальный район,Республика Дагестан,82-632-000-000,2018,9999
138,Левашинский,Левашинский муниципальный район,Республика Дагестан,82-634-000-000,2018,9999
139,Карабудахкентский,Карабудахкентский муниципальный район,Республика Дагестан,82-635-000-000,2018,9999
140,Кумторкалинский,Кумторкалинский муниципальный район,Республика Дагестан,82-636-000-000,2018,9999
141,Магарамкентский,Магарамкентский муниципальный район,Республика Дагестан,82-637-000-000,2018,9999
142,Новолакский,Новолакский муниципальный район,Республика Дагестан,82-639-000-000,2018,9999
143,Ногайский,Ногайский муниципальный район,Республика Дагестан,82-640-000-000,2018,9999
144,Рутульский,Рутульский муниципальный район,Республика Дагестан,82-642-000-000,2018,9999
145,Сергокалинский,Сергокалинский муниципальный район,Республика Дагестан,82-644-000-000,2018,9999
146,Шамильский,Шамильский муниципальный район,Республика Дагестан,82-646-000-000,2018,9999
147,Сулейман-Стальский,Сулейман-Стальский муниципальный район,Республика Дагестан,82-647-000-000,2018,9999
148,Табасаранский,Табасаранский муниципальный район,Республика Дагестан,82-648-000-000,2018,9999
149,Тарумовский,Тарумовский муниципальный район,Республика Дагестан,82-649-000-000,2018,9999
150,Тляратинский,Тляратинский муниципальный район,Республика Дагестан,82-651-000-000,2018,9999
151,Унцукульский,Унцукульский муниципальный район,Республика Дагестан,82-653-000-000,2018,9999
152,Хасавюртовский,Хасавюртовский муниципальный район,Республика Дагестан,82-654-000-000,2018,9999
153,Хивский,Хивский муниципальный район,Республика Дагестан,82-655-000-000,2018,9999
154,Хунзахский,Хунзахский муниципальный район,Республика Дагестан,82-656-000-000,2018,9999
155,Цумадинский,Цумадинский муниципальный район,Республика Дагестан,82-657-000-000,2018,9999
156,Цунтинский,Цунтинский муниципальный район,Республика Дагестан,82-658-000-000,2018,9999
157,Чародинский,Чародинский муниципальный район,Республика Дагестан,82-659-000-000,2018,9999
158,Магас,городской округ город Магас,Республика Ингушетия,26-701-000-000,2018,9999
159,Малгобек,городской округ город Малгобек,Республика Ингушетия,26-715-000-000,2018,9999
160,Назрань,городской округ город Назрань,Республика Ингушетия,26-706-000-000,2018,9999
161,Карабулак,городской округ город Карабулак,Республика Ингушетия,26-710-000-000,2018,9999
162,Сунжа,городской округ город Сунжа,Республика Ингушетия,26-720-000-000,2018,9999
163,Джейрахский,Джейрахский муниципальный район,Республика Ингушетия,26-620-000-000,2018,9999
164,Малгобекский,Малгобекский муниципальный район,Республика Ингушетия,26-615-000-000,2018,9999
165,Назрановский,Назрановский муниципальный район,Республика Ингушетия,26-605-000-000,2018,9999
166,Сунженский,Сунженский муниципальный район,Республика Ингушетия,26-610-000-000,2018,9999
167,Нальчик,городской округ Нальчик,Кабардино-Балкарская Республика,83-701-000-000,2018,9999
168,Баксан,городской округ Баксан,Кабардино-Балкарская Республика,83-703-000-000,2018,9999
169,Прохладный,городской округ Прохладный,Кабардино-Балкарская Республика,83-710-000-000,2018,9999
170,Баксанский,Баксанский муниципальный район,Кабардино-Балкарская Республика,83-610-000-000,2018,9999
171,Зольский,Зольский муниципальный район,Кабардино-Балкарская Республика,83-615-000-000,2018,9999
172,Лескенский,Лескенский муниципальный район,Кабардино-Балкарская Республика,83-618-000-000,2018,9999
173,Майский,Майский муниципальный район,Кабардино-Балкарская Республика,83-620-000-000,2018,9999
174,Прохладненский,Прохладненский муниципальный район,Кабардино-Балкарская Республика,83-625-000-000,2018,9999
175,Черекский,Черекский муниципальный район,Кабардино-Балкарская Республика,83-630-000-000,2018,9999
176,Терский,Терский муниципальный район,Кабардино-Балкарская Республика,83-635-000-000,2018,9999
177,Урванский,Урванский муниципальный район,Кабардино-Балкарская Республика,83-640-000-000,2018,9999
178,Чегемский,Чегемский муниципальный район,Кабардино-Балкарская Республика,83-645-000-000,2018,9999
179,Эльбрусский,Эльбрусский муниципальный район,Кабардино-Балкарская Республика,83-648-000-000,2018,9999
180,Элиста,городской округ город Элиста,Республика Калмыкия,85-701-000-000,2018,9999
181,Городовиковский,Городовиковский муниципальный район,Республика Калмыкия,85-605-000-000,2018,9999
182,Ики-Бурульский,Ики-Бурульский муниципальный район,Республика Калмыкия,85-610-000-000,2018,9999
183,Кетченеровский,Кетченеровский муниципальный район,Республика Калмыкия,85-625-000-000,2018,9999
184,Лаганский,Лаганский муниципальный район,Республика Калмыкия,85-615-000-000,2018,9999
185,Малодербетовский,Малодербетовский муниципальный район,Республика Калмыкия,85-620-000-000,2018,9999
186,Октябрьский,Октябрьский муниципальный район,Республика Калмыкия,85-623-000-000,2018,9999
187,Приютненский,Приютненский муниципальный район,Республика Калмыкия,85-628-000-000,2018,9999
188,Сарпинский,Сарпинский муниципальный район,Республика Калмыкия,85-632-000-000,2018,9999
189,Целинный,Целинный муниципальный район,Республика Калмыкия,85-637-000-000,2018,9999
190,Черноземельский,Черноземельский муниципальный район,Республика Калмыкия,85-642-000-000,2018,9999
191,Юстинский,Юстинский муниципальный район,Республика Калмыкия,85-646-000-000,2018,9999
192,Яшалтинский,Яшалтинский муниципальный район,Республика Калмыкия,85-650-000-000,2018,9999
193,Яшкульский,Яшкульский муниципальный район,Республика Калмыкия,85-654-000-000,2018,9999
194,Черкесский,городской округ Черкесский,Карачаево-Черкесская Республика,91-701-000-000,2018,9999
195,Карачаевский,городской округ Карачаевский,Карачаево-Черкесская Республика,91-705-000-000,2018,9999
196,Абазинский,Абазинский муниципальный район,Карачаево-Черкесская Республика,91-601-000-000,2018,9999
197,Адыге-Хабльский,Адыге-Хабльский муниципальный район,Карачаево-Черкесская Республика,91-603-000-000,2018,9999
198,Зеленчукский,Зеленчукский муниципальный район,Карачаево-Черкесская Республика,91-610-000-000,2018,9999
199,Карачаевский,Карачаевский муниципальный район,Карачаево-Черкесская Республика,91-615-000-000,2018,9999
200,Малокарачаевский,Малокарачаевский муниципальный район,Карачаево-Черкесская Республика,91-620-000-000,2018,9999
201,Ногайский,Ногайский муниципальный район,Карачаево-Черкесская Республика,91-623-000-000,2018,9999
202,Прикубанский,Прикубанский муниципальный район,Карачаево-Черкесская Республика,91-625-000-000,2018,9999
203,Урупский,Урупский муниципальный район,Карачаево-Черкесская Республика,91-630-000-000,2018,9999
204,Усть-Джегутинский,Усть-Джегутинский муниципальный район,Карачаево-Черкесская Республика,91-635-000-000,2018,9999
205,Хабезский,Хабезский муниципальный район,Карачаево-Черкесская Республика,91-640-000-000,2018,9999
206,Петрозаводский,городской округ Петрозаводский,Республика Карелия,86-701-000-000,2018,9999
207,Костомукшский,городской округ Костомукшский,Республика Карелия,86-706-000-000,2018,9999
208,Беломорский,Беломорский муниципальный район,Республика Карелия,86-604-000-000,2018,2024
209,Калевальский,Калевальский муниципальный район,Республика Карелия,86-609-000-000,2018,9999
210,Кемский,Кемский муниципальный район,Республика Карелия,86-612-000-000,2018,9999
211,Кондопожский,Кондопожский муниципальный район,Республика Карелия,86-615-000-000,2018,9999
212,Лахденпохский,Лахденпохский муниципальный район,Республика Карелия,86-618-000-000,2018,9999
213,Лоухский,Лоухский муниципальный район,Республика Карелия,86-621-000-000,2018,9999
214,Медвежьегорский,Медвежьегорский муниципальный район,Республика Карелия,86-624-000-000,2018,9999
215,Муезерский,Муезерский муниципальный район,Республика Карелия,86-627-000-000,2018,9999
216,Олонецкий,Олонецкий муниципальный район,Республика Карелия,86-630-000-000,2018,9999
217,Питкярантский,Питкярантский муниципальный район,Республика Карелия,86-633-000-000,2018,2024
218,Прионежский,Прионежский муниципальный район,Республика Карелия,86-636-000-000,2018,9999
219,Пряжинский,Пряжинский муниципальный район,Республика Карелия,86-639-000-000,2018,9999
220,Пудожский,Пудожский муниципальный район,Республика Карелия,86-642-000-000,2018,9999
221,Сегежский,Сегежский муниципальный район,Республика Карелия,86-645-000-000,2018,2024
222,Сортавальский,Сортавальский муниципальный район,Республика Карелия,86-610-000-000,2018,9999
223,Суоярвский,Суоярвский муниципальный район,Республика Карелия,86-650-000-000,2018,2023
224,Сыктывкар,городской округ Сыктывкар,Республика Коми,87-701-000-000,2018,9999
225,Воркута,городской округ Воркута,Республика Коми,87-710-000-000,2018,9999
226,Вуктыл,городской округ Вуктыл,Республика Коми,87-712-000-000,2018,2024
227,Инта,городской округ Инта,Республика Коми,87-715-000-000,2018,9999
228,Усинск,городской округ Усинск,Республика Коми,87-723-000-000,2018,2024
229,Ухта,городской округ Ухта,Республика Коми,87-725-000-000,2018,9999
230,Ижемский,Ижемский муниципальный район,Республика Коми,87-604-000-000,2018,9999
231,Княжпогостский,Княжпогостский муниципальный район,Республика Коми,87-608-000-000,2018,9999
232,Койгородский,Койгородский муниципальный район,Республика Коми,87-612-000-000,2018,9999
233,Корткеросский,Корткеросский муниципальный район,Республика Коми,87-616-000-000,2018,9999
234,Печора,муниципальный район Печора,Республика Коми,87-620-000-000,2018,9999
235,Прилузский,Прилузский муниципальный район,Республика Коми,87-624-000-000,2018,9999
236,Сосногорск,муниципальный район Сосногорск,Республика Коми,87-626-000-000,2018,9999
237,Сыктывдинский,Сыктывдинский муниципальный район,Республика Коми,87-628-000-000,2018,9999
238,Сысольский,Сысольский муниципальный район,Республика Коми,87-632-000-000,2018,9999
239,Троицко-Печорский,Троицко-Печорский муниципальный район,Республика Коми,87-636-000-000,2018,9999
240,Удорский,Удорский муниципальный район,Республика Коми,87-640-000-000,2018,9999
241,Усть-Вымский,Усть-Вымский муниципальный район,Республика Коми,87-644-000-000,2018,9999
242,Усть-Куломский,Усть-Куломский муниципальный район,Республика Коми,87-648-000-000,2018,9999
243,Усть-Цилемский,Усть-Цилемский муниципальный район,Республика Коми,87-652-000-000,2018,9999
244,Симферополь,городской округ Симферополь,Республика Крым,35-701-000-000,2018,9999
245,Алушта,городской округ Алушта,Республика Крым,35-703-000-000,2018,9999
246,Армянск,городской округ Армянск,Республика Крым,35-706-000-000,2018,9999
247,Джанкой,городской округ Джанкой,Республика Крым,35-709-000-000,2018,9999
248,Евпатория,городской округ Евпатория,Республика Крым,35-712-000-000,2018,9999
249,Керчь,городской округ Керчь,Республика Крым,35-715-000-000,2018,9999
250,Красноперекопск,городской округ Красноперекопск,Республика Крым,35-718-000-000,2018,9999
251,Саки,городской округ Саки,Республика Крым,35-721-000-000,2018,9999
252,Судак,городской округ Судак,Республика Крым,35-723-000-000,2018,9999
253,Феодосия,городской округ Феодосия,Республика Крым,35-726-000-000,2018,9999
254,Ялта,городской округ Ялта,Республика Крым,35-729-000-000,2018,9999
255,Бахчисарайский,Бахчисарайский муниципальный район,Республика Крым,35-604-000-000,2018,9999
256,Белогорский,Белогорский муниципальный район,Республика Крым,35-607-000-000,2018,9999
257,Джанкойский,Джанкойский муниципальный район,Республика Крым,35-611-000-000,2018,9999
258,Кировский,Кировский муниципальный район,Республика Крым,35-616-000-000,2018,9999
259,Красногвардейский,Красногвардейский муниципальный район,Республика Крым,35-620-000-000,2018,9999
260,Красноперекопский,Красноперекопский муниципальный район,Республика Крым,35-623-000-000,2018,9999
261,Ленинский,Ленинский муниципальный район,Республика Крым,35-627-000-000,2018,9999
262,Нижнегорский,Нижнегорский муниципальный район,Республика Крым,35-631-000-000,2018,9999
263,Первомайский,Первомайский муниципальный район,Республика Крым,35-635-000-000,2018,9999
264,Раздольненский,Раздольненский муниципальный район,Республика Крым,35-639-000-000,2018,9999
265,Сакский,Сакский муниципальный район,Республика Крым,35-643-000-000,2018,9999
266,Симферопольский,Симферопольский муниципальный район,Республика Крым,35-647-000-000,2018,9999
267,Советский,Советский муниципальный район,Республика Крым,35-652-000-000,2018,9999
268,Черноморский,Черноморский муниципальный район,Республика Крым,35-656-000-000,2018,9999
269,Йошкар-Ола,городской округ город Йошкар-Ола,Республика Марий Эл,88-701-000-000,2018,9999
270,Волжск,городской округ город Волжск,Республика Марий Эл,88-705-000-000,2018,9999
271,Козьмодемьянск,городской округ город Козьмодемьянск,Республика Марий Эл,88-715-000-000,2018,9999
272,Волжский,Волжский муниципальный район,Республика Марий Эл,88-604-000-000,2018,9999
273,Горномарийский,Горномарийский муниципальный район,Республика Марий Эл,88-608-000-000,2018,9999
274,Звениговский,Звениговский муниципальный район,Республика Марий Эл,88-612-000-000,2018,9999
275,Килемарский,Килемарский муниципальный район,Республика Марий Эл,88-616-000-000,2018,9999
276,Куженерский,Куженерский муниципальный район,Республика Марий Эл,88-620-000-000,2018,9999
277,Мари-Турекский,Мари-Турекский муниципальный район,Республика Марий Эл,88-624-000-000,2018,9999
278,Медведевский,Медведевский муниципальный район,Республика Марий Эл,88-628-000-000,2018,9999
279,Моркинский,Моркинский муниципальный район,Республика Марий Эл,88-632-000-000,2018,9999
280,Новоторъяльский,Новоторъяльский муниципальный район,Республика Марий Эл,88-636-000-000,2018,9999
281,Оршанский,Оршанский муниципальный район,Республика Марий Эл,88-640-000-000,2018,9999
282,Параньгинский,Параньгинский муниципальный район,Республика Марий Эл,88-644-000-000,2018,9999
283,Сернурский,Сернурский муниципальный район,Республика Марий Эл,88-648-000-000,2018,9999
284,Советский,Советский муниципальный район,Республика Марий Эл,88-652-000-000,2018,9999
285,Юринский,Юринский муниципальный район,Республика Марий Эл,88-656-000-000,2018,9999
286,Саранск,городской округ Саранск,Республика Мордовия,89-701-000-000,2018,9999
287,Ардатовский,Ардатовский муниципальный район,Республика Мордовия,89-603-000-000,2018,9999
288,Атюрьевский,Атюрьевский муниципальный район,Республика Мордовия,89-605-000-000,2018,9999
289,Атяшевский,Атяшевский муниципальный район,Республика Мордовия,89-607-000-000,2018,9999
290,Большеберезниковский,Большеберезниковский муниципальный район,Республика Мордовия,89-610-000-000,2018,9999
291,Большеигнатовский,Большеигнатовский муниципальный район,Республика Мордовия,89-613-000-000,2018,9999
292,Дубенский,Дубенский муниципальный район,Республика Мордовия,89-616-000-000,2018,9999
293,Ельниковский,Ельниковский муниципальный район,Республика Мордовия,89-618-000-000,2018,9999
294,Зубово-Полянский,Зубово-Полянский муниципальный район,Республика Мордовия,89-621-000-000,2018,9999
295,Инсарский,Инсарский муниципальный район,Республика Мордовия,89-624-000-000,2018,9999
296,Ичалковский,Ичалковский муниципальный район,Республика Мордовия,89-626-000-000,2018,9999
297,Кадошкинский,Кадошкинский муниципальный район,Республика Мордовия,89-628-000-000,2018,9999
298,Ковылкинский,Ковылкинский муниципальный район,Республика Мордовия,89-629-000-000,2018,9999
299,Кочкуровский,Кочкуровский муниципальный район,Республика Мордовия,89-631-000-000,2018,9999
300,Краснослободский,Краснослободский муниципальный район,Республика Мордовия,89-634-000-000,2018,9999
301,Лямбирский,Лямбирский муниципальный район,Республика Мордовия,89-637-000-000,2018,9999
302,Ромодановский,Ромодановский муниципальный район,Республика Мордовия,89-640-000-000,2018,9999
303,Рузаевский,Рузаевский муниципальный район,Республика Мордовия,89-643-000-000,2018,9999
304,Старошайговский,Старошайговский муниципальный район,Республика Мордовия,89-646-000-000,2018,9999
305,Темниковский,Темниковский муниципальный район,Республика Мордовия,89-649-000-000,2018,9999
306,Теньгушевский,Теньгушевский муниципальный район,Республика Мордовия,89-651-000-000,2018,9999
307,Торбеевский,Торбеевский муниципальный район,Республика Мордовия,89-654-000-000,2018,9999
308,Чамзинский,Чамзинский муниципальный район,Республика Мордовия,89-657-000-000,2018,9999
309,Якутск,городской округ город Якутск,Республика Саха (Якутия),98-701-000-000,2018,9999
310,Жатай,городской округ Жатай,Республика Саха (Якутия),98-702-000-000,2018,9999
311,Абыйский,Абыйский муниципальный район,Республика Саха (Якутия),98-601-000-000,2018,9999
312,Алданский,Алданский муниципальный район,Республика Саха (Якутия),98-603-000-000,2018,9999
313,Аллаиховский,Аллаиховский муниципальный район,Республика Саха (Якутия),98-606-000-000,2018,9999
314,Амгинский,Амгинский муниципальный район,Республика Саха (Якутия),98-608-000-000,2018,9999
315,Анабарский,Анабарский национальный (долгано-эвенкийский) муниципальный район,Республика Саха (Якутия),98-610-000-000,2018,9999
316,Булунский,Булунский муниципальный район,Республика Саха (Якутия),98-612-000-000,2018,9999
317,Верхневилюйский,Верхневилюйский муниципальный район,Республика Саха (Якутия),98-614-000-000,2018,9999
318,Верхнеколымский,Верхнеколымский муниципальный район,Республика Саха (Якутия),98-615-000-000,2018,9999
319,Верхоянский,Верхоянский муниципальный район,Республика Саха (Якутия),98-616-000-000,2018,9999
320,Вилюйский,Вилюйский муниципальный район,Республика Саха (Якутия),98-618-000-000,2018,9999
321,Горный,Горный муниципальный район,Республика Саха (Якутия),98-620-000-000,2018,9999
322,Жиганский,Жиганский муниципальный район,Республика Саха (Якутия),98-622-000-000,2018,9999
323,Кобяйский,Кобяйский муниципальный район,Республика Саха (Якутия),98-624-000-000,2018,9999
324,Нюрбинский,Нюрбинский муниципальный район,Республика Саха (Якутия),98-626-000-000,2018,9999
325,Ленский,Ленский муниципальный район,Республика Саха (Якутия),98-627-000-000,2018,9999
326,Мегино-Кангаласский,Мегино-Кангаласский муниципальный район,Республика Саха (Якутия),98-629-000-000,2018,9999
327,Мирнинский,Мирнинский муниципальный район,Республика Саха (Якутия),98-631-000-000,2018,9999
328,Момский,Момский муниципальный район,Республика Саха (Якутия),98-633-000-000,2018,9999
329,Намский,Намский муниципальный район,Республика Саха (Якутия),98-635-000-000,2018,9999
330,Нерюнгринский,Нерюнгринский муниципальный район,Республика Саха (Якутия),98-660-000-000,2018,9999
331,Нижнеколымский,Нижнеколымский муниципальный район,Республика Саха (Якутия),98-637-000-000,2018,9999
332,Оймяконский,Оймяконский муниципальный район,Республика Саха (Якутия),98-639-000-000,2018,9999
333,Олекминский,Олекминский муниципальный район,Республика Саха (Якутия),98-641-000-000,2018,9999
334,Оленекский,Оленекский эвенкийский национальный муниципальный район,Республика Саха (Якутия),98-642-000-000,2018,9999
335,Среднеколымский,Среднеколымский муниципальный район,Республика Саха (Якутия),98-646-000-000,2018,9999
336,Сунтарский,Сунтарский муниципальный район,Республика Саха (Якутия),98-648-000-000,2018,9999
337,Таттинский,Таттинский муниципальный район,Республика Саха (Якутия),98-604-000-000,2018,9999
338,Томпонский,Томпонский муниципальный район,Республика Саха (Якутия),98-650-000-000,2018,9999
339,Усть-Алданский,Усть-Алданский муниципальный район,Республика Саха (Якутия),98-652-000-000,2018,9999
340,Усть-Майский,Усть-Майский муниципальный район,Республика Саха (Якутия),98-654-000-000,2018,9999
341,Усть-Янский,Усть-Янский муниципальный район,Республика Саха (Якутия),98-656-000-000,2018,9999
342,Хангаласский,Хангаласский муниципальный район,Республика Саха (Якутия),98-644-000-000,2018,9999
343,Чурапчинский,Чурапчинский муниципальный район,Республика Саха (Якутия),98-658-000-000,2018,9999
344,Эвено-Бытантайский,Эвено-Бытантайский национальный муниципальный район,Республика Саха (Якутия),98-659-000-000,2018,9999
345,Владикавказ,городской округ город Владикавказ,Республика Северная Осетия — Алания,90-701-000-000,2018,9999
346,Алагирский,Алагирский муниципальный район,Республика Северная Осетия — Алания,90-605-000-000,2018,9999
347,Ардонский,Ардонский муниципальный район,Республика Северная Осетия — Алания,90-610-000-000,2018,9999
348,Дигорский,Дигорский муниципальный район,Республика Северная Осетия — Алания,90-615-000-000,2018,9999
349,Ирафский,Ирафский муниципальный район,Республика Северная Осетия — Алания,90-620-000-000,2018,9999
350,Кировский,Кировский муниципальный район,Республика Северная Осетия — Алания,90-625-000-000,2018,9999
351,Моздокский,Моздокский муниципальный район,Республика Северная Осетия — Алания,90-630-000-000,2018,9999
352,Правобережный,Правобережный муниципальный район,Республика Северная Осетия — Алания,90-635-000-000,2018,9999
353,Пригородный,Пригородный муниципальный район,Республика Северная Осетия — Алания,90-640-000-000,2018,9999
354,Казань,городской округ город Казань,Республика Татарстан,92-701-000-000,2018,9999
355,Набережные Челны,городской округ город Набережные Челны,Республика Татарстан,92-730-000-000,2018,9999
356,Агрызский,Агрызский муниципальный район,Республика Татарстан,92-601-000-000,2018,9999
357,Азнакаевский,Азнакаевский муниципальный район,Республика Татарстан,92-602-000-000,2018,9999
358,Аксубаевский,Аксубаевский муниципальный район,Республика Татарстан,92-604-000-000,2018,9999
359,Актанышский,Актанышский муниципальный район,Республика Татарстан,92-605-000-000,2018,9999
360,Алексеевский,Алексеевский муниципальный район,Республика Татарстан,92-606-000-000,2018,9999
361,Алькеевский,Алькеевский муниципальный район,Республика Татарстан,92-607-000-000,2018,9999
362,Альметьевский,Альметьевский муниципальный район,Республика Татарстан,92-608-000-000,2018,9999
363,Апастовский,Апастовский муниципальный район,Республика Татарстан,92-610-000-000,2018,9999
364,Арский,Арский муниципальный район,Республика Татарстан,92-612-000-000,2018,9999
365,Атнинский,Атнинский муниципальный район,Республика Татарстан,92-613-000-000,2018,9999
366,Бавлинский,Бавлинский муниципальный район,Республика Татарстан,92-614-000-000,2018,9999
367,Балтасинский,Балтасинский муниципальный район,Республика Татарстан,92-615-000-000,2018,9999
368,Бугульминский,Бугульминский муниципальный район,Республика Татарстан,92-617-000-000,2018,9999
369,Буинский,Буинский муниципальный район,Республика Татарстан,92-618-000-000,2018,9999
370,Верхнеуслонский,Верхнеуслонский муниципальный район,Республика Татарстан,92-620-000-000,2018,9999
371,Высокогорский,Высокогорский муниципальный район,Республика Татарстан,92-622-000-000,2018,9999
372,Дрожжановский,Дрожжановский муниципальный район,Республика Татарстан,92-624-000-000,2018,9999
373,Елабужский,Елабужский муниципальный район,Республика Татарстан,92-626-000-000,2018,9999
374,Заинский,Заинский муниципальный район,Республика Татарстан,92-627-000-000,2018,9999
375,Зеленодольский,Зеленодольский муниципальный район,Республика Татарстан,92-628-000-000,2018,9999
376,Кайбицкий,Кайбицкий муниципальный район,Республика Татарстан,92-629-000-000,2018,9999
377,Камско-Устьинский,Камско-Устьинский муниципальный район,Республика Татарстан,92-630-000-000,2018,9999
378,Кукморский,Кукморский муниципальный район,Республика Татарстан,92-633-000-000,2018,9999
379,Лаишевский,Лаишевский муниципальный район,Республика Татарстан,92-634-000-000,2018,9999
380,Лениногорский,Лениногорский муниципальный район,Республика Татарстан,92-636-000-000,2018,9999
381,Мамадышский,Мамадышский муниципальный район,Республика Татарстан,92-638-000-000,2018,9999
382,Менделеевский,Менделеевский муниципальный район,Республика Татарстан,92-639-000-000,2018,9999
383,Мензелинский,Мензелинский муниципальный район,Республика Татарстан,92-640-000-000,2018,9999
384,Муслюмовский,Муслюмовский муниципальный район,Республика Татарстан,92-642-000-000,2018,9999
385,Нижнекамский,Нижнекамский муниципальный район,Республика Татарстан,92-644-000-000,2018,9999
386,Новошешминский,Новошешминский муниципальный район,Республика Татарстан,92-645-000-000,2018,9999
387,Нурлатский,Нурлатский муниципальный район,Республика Татарстан,92-646-000-000,2018,9999
388,Пестречинский,Пестречинский муниципальный район,Республика Татарстан,92-648-000-000,2018,9999
389,Рыбно-Слободский,Рыбно-Слободский муниципальный район,Республика Татарстан,92-650-000-000,2018,9999
390,Сабинский,Сабинский муниципальный район,Республика Татарстан,92-652-000-000,2018,9999
391,Сармановский,Сармановский муниципальный район,Республика Татарстан,92-653-000-000,2018,9999
392,Спасский,Спасский муниципальный район,Республика Татарстан,92-632-000-000,2018,9999
393,Тетюшский,Тетюшский муниципальный район,Республика Татарстан,92-655-000-000,2018,9999
394,Тукаевский,Тукаевский муниципальный район,Республика Татарстан,92-657-000-000,2018,9999
395,Тюлячинский,Тюлячинский муниципальный район,Республика Татарстан,92-656-000-000,2018,9999
396,Черемшанский,Черемшанский муниципальный район,Республика Татарстан,92-658-000-000,2018,9999
397,Чистопольский,Чистопольский муниципальный район,Республика Татарстан,92-659-000-000,2018,9999
398,Ютазинский,Ютазинский муниципальный район,Республика Татарстан,92-654-000-000,2018,9999
399,Кызыл,городской округ город Кызыл,Республика Тыва,93-701-000-000,2018,9999
400,Ак-Довурак,городской округ город Ак-Довурак,Республика Тыва,93-703-000-000,2018,9999
401,Бай-Тайгинский,Бай-Тайгинский муниципальный район,Республика Тыва,93-605-000-000,2018,9999
402,Барун-Хемчикский,Барун-Хемчикский муниципальный район,Республика Тыва,93-610-000-000,2018,9999
403,Дзун-Хемчикский,Дзун-Хемчикский муниципальный район,Республика Тыва,93-615-000-000,2018,9999
404,Каа-Хемский,Каа-Хемский муниципальный район,Республика Тыва,93-620-000-000,2018,9999
405,Кызылский,Кызылский муниципальный район,Республика Тыва,93-622-000-000,2018,9999
406,Монгун-Тайгинский,Монгун-Тайгинский муниципальный район,Республика Тыва,93-625-000-000,2018,9999
407,Овюрский,Овюрский муниципальный район,Республика Тыва,93-630-000-000,2018,9999
408,Пий-Хемский,Пий-Хемский муниципальный район,Республика Тыва,93-635-000-000,2018,9999
409,Сут-Хольский,Сут-Хольский муниципальный район,Республика Тыва,93-638-000-000,2018,9999
410,Тандинский,Тандинский муниципальный район,Республика Тыва,93-640-000-000,2018,9999
411,Тере-Хольский,Тере-Хольский муниципальный район,Республика Тыва,93-643-000-000,2018,9999
412,Тес-Хемский,Тес-Хемский муниципальный район,Республика Тыва,93-645-000-000,2018,9999
413,Тоджинский,Тоджинский муниципальный район,Республика Тыва,93-650-000-000,2018,9999
414,Улуг-Хемский,Улуг-Хемский муниципальный район,Республика Тыва,93-654-000-000,2018,9999
415,Чаа-Хольский,Чаа-Хольский муниципальный район,Республика Тыва,93-656-000-000,2018,9999
416,Чеди-Хольский,Чеди-Хольский муниципальный район,Республика Тыва,93-657-000-000,2018,9999
417,Эрзинский,Эрзинский муниципальный район,Республика Тыва,93-658-000-000,2018,9999
418,Ижевск,городской округ город Ижевск,Удмуртская Республика,94-701-000-000,2018,9999
419,Воткинск,городской округ город Воткинск,Удмуртская Республика,94-710-000-000,2018,9999
420,Глазов,городской округ город Глазов,Удмуртская Республика,94-720-000-000,2018,9999
421,Можга,городской округ город Можга,Удмуртская Республика,94-730-000-000,2018,9999
422,Сарапул,городской округ город Сарапул,Удмуртская Республика,94-740-000-000,2018,9999
423,Алнашский,Алнашский муниципальный район,Удмуртская Республика,94-602-000-000,2018,2022
424,Балезинский,Балезинский муниципальный район,Удмуртская Республика,94-604-000-000,2018,2022
425,Вавожский,Вавожский муниципальный район,Удмуртская Республика,94-606-000-000,2018,2022
426,Воткинский,Воткинский муниципальный район,Удмуртская Республика,94-608-000-000,2018,2022
427,Глазовский,Глазовский муниципальный район,Удмуртская Республика,94-610-000-000,2018,2022
428,Граховский,Граховский муниципальный район,Удмуртская Республика,94-612-000-000,2018,2022
429,Дебёсский,Дебёсский муниципальный район,Удмуртская Республика,94-614-000-000,2018,2022
430,Завьяловский,Завьяловский муниципальный район,Удмуртская Республика,94-616-000-000,2018,2022
431,Игринский,Игринский муниципальный район,Удмуртская Республика,94-618-000-000,2018,2022
432,Камбарский,Камбарский муниципальный район,Удмуртская Республика,94-620-000-000,2018,2022
433,Каракулинский,Каракулинский муниципальный район,Удмуртская Республика,94-622-000-000,2018,2022
434,Кезский,Кезский муниципальный район,Удмуртская Республика,94-624-000-000,2018,2022
435,Кизнерский,Кизнерский муниципальный район,Удмуртская Республика,94-626-000-000,2018,2022
436,Киясовский,Киясовский муниципальный район,Удмуртская Республика,94-628-000-000,2018,2022
437,Красногорский,Красногорский муниципальный район,Удмуртская Республика,94-630-000-000,2018,2022
438,Малопургинский,Малопургинский муниципальный район,Удмуртская Республика,94-633-000-000,2018,2022
439,Можгинский,Можгинский муниципальный район,Удмуртская Республика,94-635-000-000,2018,2022
440,Сарапульский,Сарапульский муниципальный район,Удмуртская Республика,94-637-000-000,2018,2022
441,Селтинский,Селтинский муниципальный район,Удмуртская Республика,94-639-000-000,2018,2022
442,Сюмсинский,Сюмсинский муниципальный район,Удмуртская Республика,94-641-000-000,2018,2022
443,Увинский,Увинский муниципальный район,Удмуртская Республика,94-644-000-000,2018,2022
444,Шарканский,Шарканский муниципальный район,Удмуртская Республика,94-646-000-000,2018,2022
445,Юкаменский,Юкаменский муниципальный район,Удмуртская Республика,94-648-000-000,2018,2022
446,Якшур-Бодьинский,Якшур-Бодьинский муниципальный район,Удмуртская Республика,94-650-000-000,2018,2022
447,Ярский,Ярский муниципальный район,Удмуртская Республика,94-652-000-000,2018,2022
448,Абакан,городской округ город Абакан,Республика Хакасия,95-701-000-000,2018,9999
449,Абаза,городской округ город Абаза,Республика Хакасия,95-702-000-000,2018,9999
450,Саяногорск,городской округ город Саяногорск,Республика Хакасия,95-708-000-000,2018,9999
451,Сорск,городской округ город Сорск,Республика Хакасия,95-709-000-000,2018,9999
452,Черногорск,городской округ город Черногорск,Республика Хакасия,95-715-000-000,2018,9999
453,Алтайский,Алтайский муниципальный район,Республика Хакасия,95-605-000-000,2018,9999
454,Аскизский,Аскизский муниципальный район,Республика Хакасия,95-608-000-000,2018,9999
455,Бейский,Бейский муниципальный район,Республика Хакасия,95-612-000-000,2018,9999
456,Боградский,Боградский муниципальный район,Республика Хакасия,95-615-000-000,2018,9999
457,Орджоникидзевский,Орджоникидзевский муниципальный район,Республика Хакасия,95-620-000-000,2018,9999
458,Таштыпский,Таштыпский муниципальный район,Республика Хакасия,95-625-000-000,2018,9999
459,Усть-Абаканский,Усть-Абаканский муниципальный район,Республика Хакасия,95-630-000-000,2018,9999
460,Ширинский,Ширинский муниципальный район,Республика Хакасия,95-635-000-000,2018,9999
461,Грозный,городской округ город Грозный,Чеченская Республика,96-701-000-000,2018,9999
462,Аргун,городской округ город Аргун,Чеченская Республика,96-702-000-000,2018,9999
463,Ачхой-Мартановский,Ачхой-Мартановский муниципальный район,Чеченская Республика,96-602-000-000,2018,9999
464,Веденский,Веденский муниципальный район,Чеченская Республика,96-604-000-000,2018,9999
465,Грозненский,Грозненский муниципальный район,Чеченская Республика,96-607-000-000,2018,9999
466,Гудермесский,Гудермесский муниципальный район,Чеченская Республика,96-610-000-000,2018,9999
467,Итум-Калинский,Итум-Калинский муниципальный район,Чеченская Республика,96-611-000-000,2018,9999
468,Курчалоевский,Курчалоевский муниципальный район,Чеченская Республика,96-612-000-000,2018,9999
469,Надтеречный,Надтеречный муниципальный район,Чеченская Республика,96-616-000-000,2018,9999
470,Наурский,Наурский муниципальный район,Чеченская Республика,96-622-000-000,2018,9999
471,Ножай-Юртовский,Ножай-Юртовский муниципальный район,Чеченская Республика,96-625-000-000,2018,9999
472,Шатойский,Шатойский муниципальный район,Чеченская Республика,96-628-000-000,2018,9999
473,Сунженский,Сунженский муниципальный район,Чеченская Республика,96-631-000-000,2018,2020
474,Урус-Мартановский,Урус-Мартановский муниципальный район,Чеченская Республика,96-634-000-000,2018,9999
475,Шалинский,Шалинский муниципальный район,Чеченская Республика,96-637-000-000,2018,9999
476,Шелковской,Шелковской муниципальный район,Чеченская Республика,96-640-000-000,2018,9999
477,Шаройский,Шаройский муниципальный район,Чеченская Республика,96-691-000-000,2018,9999
478,Чебоксары,городской округ город Чебоксары,Чувашская Республика,97-701-000-000,2018,9999
479,Алатырь,городской округ город Алатырь,Чувашская Республика,97-704-000-000,2018,9999
480,Канаш,городской округ город Канаш,Чувашская Республика,97-707-000-000,2018,9999
481,Новочебоксарск,городской округ город Новочебоксарск,Чувашская Республика,97-710-000-000,2018,9999
482,Шумерля,городской округ город Шумерля,Чувашская Республика,97-713-000-000,2018,9999
483,Алатырский,Алатырский муниципальный район,Чувашская Республика,97-603-000-000,2018,2023
484,Аликовский,Аликовский муниципальный район,Чувашская Республика,97-605-000-000,2018,2023
485,Батыревский,Батыревский муниципальный район,Чувашская Республика,97-607-000-000,2018,2023
486,Вурнарский,Вурнарский муниципальный район,Чувашская Республика,97-610-000-000,2018,2023
487,Ибресинский,Ибресинский муниципальный район,Чувашская Республика,97-613-000-000,2018,2023
488,Канашский,Канашский муниципальный район,Чувашская Республика,97-616-000-000,2018,2023
489,Козловский,Козловский муниципальный район,Чувашская Республика,97-619-000-000,2018,2023
490,Комсомольский,Комсомольский муниципальный район,Чувашская Республика,97-621-000-000,2018,2023
491,Красноармейский,Красноармейский муниципальный район,Чувашская Республика,97-624-000-000,2018,2022
492,Красночетайский,Красночетайский муниципальный район,Чувашская Республика,97-626-000-000,2018,2023
493,Мариинско-Посадский,Мариинско-Посадский муниципальный район,Чувашская Республика,97-629-000-000,2018,2023
494,Моргаушский,Моргаушский муниципальный район,Чувашская Республика,97-632-000-000,2018,2023
495,Порецкий,Порецкий муниципальный район,Чувашская Республика,97-635-000-000,2018,2023
496,Урмарский,Урмарский муниципальный район,Чувашская Республика,97-638-000-000,2018,2023
497,Цивильский,Цивильский муниципальный район,Чувашская Республика,97-641-000-000,2018,2023
498,Чебоксарский,Чебоксарский муниципальный район,Чувашская Республика,97-644-000-000,2018,2023
499,Шемуршинский,Шемуршинский муниципальный район,Чувашская Республика,97-647-000-000,2018,2023
500,Шумерлинский,Шумерлинский муниципальный район,Чувашская Республика,97-650-000-000,2018,2022
501,Ядринский,Ядринский муниципальный район,Чувашская Республика,97-653-000-000,2018,2023
502,Яльчикский,Яльчикский муниципальный район,Чувашская Республика,97-655-000-000,2018,2023
503,Янтиковский,Янтиковский муниципальный район,Чувашская Республика,97-658-000-000,2018,2023
504,Барнаул,городской округ город Барнаул,Алтайский край,01-701-000-000,2018,9999
505,Алейск,городской округ город Алейск,Алтайский край,01-703-000-000,2018,9999
506,Белокуриха,городской округ город Белокуриха,Алтайский край,01-704-000-000,2018,9999
507,Бийск,городской округ город Бийск,Алтайский край,01-705-000-000,2018,9999
508,Заринск,городской округ город Заринск,Алтайский край,01-706-000-000,2018,9999
509,Новоалтайск,городской округ город Новоалтайск,Алтайский край,01-713-000-000,2018,9999
510,Рубцовск,городской округ город Рубцовск,Алтайский край,01-716-000-000,2018,9999
511,Славгород,городской округ город Славгород,Алтайский край,01-719-000-000,2018,2023
512,Яровое,городской округ город Яровое,Алтайский край,01-730-000-000,2018,9999
513,Сибирский,городской округ ЗАТО Сибирский,Алтайский край,01-755-000-000,2018,9999
514,Алейский,Алейский муниципальный район,Алтайский край,01-601-000-000,2018,9999
515,Алтайский,Алтайский муниципальный район,Алтайский край,01-602-000-000,2018,9999
516,Баевский,Баевский муниципальный район,Алтайский край,01-603-000-000,2018,9999
517,Бийский,Бийский муниципальный район,Алтайский край,01-604-000-000,2018,9999
518,Благовещенский,Благовещенский муниципальный район,Алтайский край,01-605-000-000,2018,9999
519,Бурлинский,Бурлинский муниципальный район,Алтайский край,01-606-000-000,2018,9999
520,Быстроистокский,Быстроистокский муниципальный район,Алтайский край,01-607-000-000,2018,9999
521,Волчихинский,Волчихинский муниципальный район,Алтайский край,01-608-000-000,2018,9999
522,Егорьевский,Егорьевский муниципальный район,Алтайский край,01-609-000-000,2018,9999
523,Ельцовский,Ельцовский муниципальный район,Алтайский край,01-610-000-000,2018,9999
524,Завьяловский,Завьяловский муниципальный район,Алтайский край,01-611-000-000,2018,9999
525,Залесовский,Залесовский муниципальный район,Алтайский край,01-612-000-000,2018,2022
526,Заринский,Заринский муниципальный район,Алтайский край,01-613-000-000,2018,9999
527,Змеиногорский,Змеиногорский муниципальный район,Алтайский край,01-614-000-000,2018,9999
528,Калманский,Калманский муниципальный район,Алтайский край,01-615-000-000,2018,9999
529,Каменский,Каменский муниципальный район,Алтайский край,01-616-000-000,2018,9999
530,Ключевский,Ключевский муниципальный район,Алтайский край,01-617-000-000,2018,9999
531,Косихинский,Косихинский муниципальный район,Алтайский край,01-618-000-000,2018,9999
532,Красногорский,Красногорский муниципальный район,Алтайский край,01-619-000-000,2018,9999
533,Краснощёковский,Краснощёковский муниципальный район,Алтайский край,01-620-000-000,2018,9999
534,Крутихинский,Крутихинский муниципальный район,Алтайский край,01-621-000-000,2018,9999
535,Кулундинский,Кулундинский муниципальный район,Алтайский край,01-622-000-000,2018,9999
536,Курьинский,Курьинский муниципальный район,Алтайский край,01-623-000-000,2018,9999
537,Кытмановский,Кытмановский муниципальный район,Алтайский край,01-624-000-000,2018,9999
538,Локтевский,Локтевский муниципальный район,Алтайский край,01-625-000-000,2018,9999
539,Мамонтовский,Мамонтовский муниципальный район,Алтайский край,01-626-000-000,2018,9999
540,Михайловский,Михайловский муниципальный район,Алтайский край,01-627-000-000,2018,9999
541,Новичихинский,Новичихинский муниципальный район,Алтайский край,01-628-000-000,2018,9999
542,Зональный,Зональный муниципальный район,Алтайский край,01-629-000-000,2018,9999
543,Павловский,Павловский муниципальный район,Алтайский край,01-630-000-000,2018,9999
544,Панкрушихинский,Панкрушихинский муниципальный район,Алтайский край,01-631-000-000,2018,9999
545,Первомайский,Первомайский муниципальный район,Алтайский край,01-632-000-000,2018,9999
546,Петропавловский,Петропавловский муниципальный район,Алтайский край,01-633-000-000,2018,9999
547,Поспелихинский,Поспелихинский муниципальный район,Алтайский край,01-634-000-000,2018,9999
548,Ребрихинский,Ребрихинский муниципальный район,Алтайский край,01-635-000-000,2018,9999
549,Родинский,Родинский муниципальный район,Алтайский край,01-636-000-000,2018,9999
550,Романовский,Романовский муниципальный район,Алтайский край,01-637-000-000,2018,9999
551,Рубцовский,Рубцовский муниципальный район,Алтайский край,01-638-000-000,2018,9999
552,Смоленский,Смоленский муниципальный район,Алтайский край,01-640-000-000,2018,9999
553,Суетский,Суетский муниципальный район,Алтайский край,01-641-000-000,2018,2023
554,Советский,Советский муниципальный район,Алтайский край,01-642-000-000,2018,9999
555,Солонешенский,Солонешенский муниципальный район,Алтайский край,01-643-000-000,2018,9999
556,Солтонский,Солтонский муниципальный район,Алтайский край,01-644-000-000,2018,9999
557,Шелаболихинский,Шелаболихинский муниципальный район,Алтайский край,01-645-000-000,2018,9999
558,Табунский,Табунский муниципальный район,Алтайский край,01-646-000-000,2018,9999
559,Тальменский,Тальменский муниципальный район,Алтайский край,01-647-000-000,2018,9999
560,Тогульский,Тогульский муниципальный район,Алтайский край,01-648-000-000,2018,9999
561,Топчихинский,Топчихинский муниципальный район,Алтайский край,01-649-000-000,2018,9999
562,Третьяковский,Третьяковский муниципальный район,Алтайский край,01-650-000-000,2018,9999
563,Троицкий,Троицкий муниципальный район,Алтайский край,01-651-000-000,2018,9999
564,Тюменцевский,Тюменцевский муниципальный район,Алтайский край,01-652-000-000,2018,9999
565,Угловский,Угловский муниципальный район,Алтайский край,01-653-000-000,2018,9999
566,Усть-Калманский,Усть-Калманский муниципальный район,Алтайский край,01-654-000-000,2018,9999
567,Усть-Пристанский,Усть-Пристанский муниципальный район,Алтайский край,01-655-000-000,2018,9999
568,Хабарский,Хабарский муниципальный район,Алтайский край,01-656-000-000,2018,9999
569,Целинный,Целинный муниципальный район,Алтайский край,01-657-000-000,2018,9999
570,Чарышский,Чарышский муниципальный район,Алтайский край,01-658-000-000,2018,2023
571,Шипуновский,Шипуновский муниципальный район,Алтайский край,01-659-000-000,2018,9999
572,Немецкий,Немецкий национальный муниципальный район,Алтайский край,01-660-000-000,2018,9999
573,Чита,городской округ город Чита,Забайкальский край,76-701-000-000,2018,9999
574,Петровск-Забайкальский,городской округ город Петровск-Забайкальский,Забайкальский край,76-715-000-000,2018,9999
575,Горный,городской округ ЗАТО поселок Горный,Забайкальский край,76-785-000-000,2018,9999
576,Акшинский,Акшинский муниципальный район,Забайкальский край,76-603-000-000,2018,9999
577,Александрово-Заводский,Александрово-Заводский муниципальный район,Забайкальский край,76-604-000-000,2018,9999
578,Балейский,Балейский муниципальный район,Забайкальский край,76-606-000-000,2018,9999
579,Борзинский,Борзинский муниципальный район,Забайкальский край,76-609-000-000,2018,9999
580,Газимуро-Заводский,Газимуро-Заводский муниципальный район,Забайкальский край,76-610-000-000,2018,2024
581,Забайкальский,Забайкальский муниципальный район,Забайкальский край,76-612-000-000,2018,9999
582,Каларский,Каларский муниципальный район,Забайкальский край,76-615-000-000,2018,2021
583,Калганский,Калганский муниципальный район,Забайкальский край,76-618-000-000,2018,2024
584,Карымский,Карымский муниципальный район,Забайкальский край,76-620-000-000,2018,9999
585,Краснокаменск и Краснокаменский,муниципальный район Город Краснокаменск и Краснокаменский район,Забайкальский край,76-621-000-000,2018,9999
586,Красночикойский,Красночикойский муниципальный район,Забайкальский край,76-622-000-000,2018,9999
587,Кыринский,Кыринский муниципальный район,Забайкальский край,76-624-000-000,2018,9999
588,Могочинский,Могочинский муниципальный район,Забайкальский край,76-626-000-000,2018,2024
589,Нерчинский,Нерчинский муниципальный район,Забайкальский край,76-628-000-000,2018,9999
590,Нерчинско-Заводский,Нерчинско-Заводский муниципальный район,Забайкальский край,76-630-000-000,2018,9999
591,Оловяннинский,Оловяннинский муниципальный район,Забайкальский край,76-632-000-000,2018,9999
592,Ононский,Ононский муниципальный район,Забайкальский край,76-634-000-000,2018,2024
593,Петровск-Забайкальский,Петровск-Забайкальский муниципальный район,Забайкальский край,76-636-000-000,2018,9999
594,Приаргунский,Приаргунский муниципальный район,Забайкальский край,76-638-000-000,2018,2021
595,Сретенский,Сретенский муниципальный район,Забайкальский край,76-640-000-000,2018,9999
596,Тунгиро-Олёкминский,Тунгиро-Олёкминский муниципальный район,Забайкальский край,76-642-000-000,2018,9999
597,Тунгокоченский,Тунгокоченский муниципальный район,Забайкальский край,76-644-000-000,2018,9999
598,Улётовский,Улётовский муниципальный район,Забайкальский край,76-646-000-000,2018,9999
599,Хилокский,Хилокский муниципальный район,Забайкальский край,76-647-000-000,2018,9999
600,Чернышевский,Чернышевский муниципальный район,Забайкальский край,76-648-000-000,2018,9999
601,Читинский,Читинский муниципальный район,Забайкальский край,76-650-000-000,2018,9999
602,Шелопугинский,Шелопугинский муниципальный район,Забайкальский край,76-652-000-000,2018,9999
603,Шилкинский,Шилкинский муниципальный район,Забайкальский край,76-654-000-000,2018,9999
604,Агинское,городской округ поселок Агинское,Забайкальский край,76-702-000-000,2018,9999
605,Агинский,Агинский муниципальный район,Забайкальский край,76-602-000-000,2018,9999
606,Дульдургинский,Дульдургинский муниципальный район,Забайкальский край,76-611-000-000,2018,9999
607,Могойтуйский,Могойтуйский муниципальный район,Забайкальский край,76-625-000-000,2018,9999
608,Петропавловск-Камчатский,городской округ Петропавловск-Камчатский,Камчатский край,30-701-000-000,2018,9999
609,Вилючинский,городской округ Вилючинский ЗАТО,Камчатский край,30-735-000-000,2018,9999
610,Алеутский,Алеутский муниципальный район,Камчатский край,30-601-000-000,2018,2021
611,Быстринский,Быстринский муниципальный район,Камчатский край,30-604-000-000,2018,9999
612,Елизовский,Елизовский муниципальный район,Камчатский край,30-607-000-000,2018,9999
613,Мильковский,Мильковский муниципальный район,Камчатский край,30-610-000-000,2018,2024
614,Соболевский,Соболевский муниципальный район,Камчатский край,30-613-000-000,2018,9999
615,Усть-Большерецкий,Усть-Большерецкий муниципальный район,Камчатский край,30-616-000-000,2018,9999
616,Усть-Камчатский,Усть-Камчатский муниципальный район,Камчатский край,30-619-000-000,2018,9999
617,Палана,городской округ поселок Палана,Камчатский край,30-851-000-000,2018,9999
618,Карагинский,Карагинский муниципальный район,Камчатский край,30-824-000-000,2018,9999
619,Олюторский,Олюторский муниципальный район,Камчатский край,30-827-000-000,2018,9999
620,Пенжинский,Пенжинский муниципальный район,Камчатский край,30-829-000-000,2018,9999
621,Тигильский,Тигильский муниципальный район,Камчатский край,30-832-000-000,2018,9999
622,Краснодар,городской округ город Краснодар,Краснодарский край,03-701-000-000,2018,9999
623,Анапа,городской округ город-курорт Анапа,Краснодарский край,03-703-000-000,2018,9999
624,Армавир,городской округ город Армавир,Краснодарский край,03-705-000-000,2018,9999
625,Геленджик,городской округ город-курорт Геленджик,Краснодарский край,03-708-000-000,2018,9999
626,Горячий Ключ,городской округ город Горячий Ключ,Краснодарский край,03-709-000-000,2018,9999
627,Новороссийск,городской округ город Новороссийск,Краснодарский край,03-720-000-000,2018,9999
628,Сочи,городской округ город-курорт Сочи,Краснодарский край,03-726-000-000,2018,2021
629,Абинский,Абинский муниципальный район,Краснодарский край,03-601-000-000,2018,9999
630,Апшеронский,Апшеронский муниципальный район,Краснодарский край,03-605-000-000,2018,9999
631,Белоглинский,Белоглинский муниципальный район,Краснодарский край,03-607-000-000,2018,9999
632,Белореченский,Белореченский муниципальный район,Краснодарский край,03-608-000-000,2018,9999
633,Брюховецкий,Брюховецкий муниципальный район,Краснодарский край,03-610-000-000,2018,9999
634,Выселковский,Выселковский муниципальный район,Краснодарский край,03-612-000-000,2018,9999
635,Гулькевичский,Гулькевичский муниципальный район,Краснодарский край,03-613-000-000,2018,9999
636,Динской,Динской муниципальный район,Краснодарский край,03-614-000-000,2018,9999
637,Ейский,Ейский муниципальный район,Краснодарский край,03-616-000-000,2018,9999
638,Кавказский,Кавказский муниципальный район,Краснодарский край,03-618-000-000,2018,9999
639,Калининский,Калининский муниципальный район,Краснодарский край,03-619-000-000,2018,9999
640,Каневской,Каневской муниципальный район,Краснодарский край,03-620-000-000,2018,9999
641,Кореновский,Кореновский муниципальный район,Краснодарский край,03-621-000-000,2018,9999
642,Красноармейский,Красноармейский муниципальный район,Краснодарский край,03-623-000-000,2018,9999
643,Крыловский,Крыловский муниципальный район,Краснодарский край,03-624-000-000,2018,9999
644,Крымский,Крымский муниципальный район,Краснодарский край,03-625-000-000,2018,9999
645,Курганинский,Курганинский муниципальный район,Краснодарский край,03-627-000-000,2018,9999
646,Кущевский,Кущевский муниципальный район,Краснодарский край,03-628-000-000,2018,9999
647,Лабинский,Лабинский муниципальный район,Краснодарский край,03-630-000-000,2018,9999
648,Ленинградский,Ленинградский муниципальный район,Краснодарский край,03-632-000-000,2018,9999
649,Мостовский,Мостовский муниципальный район,Краснодарский край,03-633-000-000,2018,9999
650,Новокубанский,Новокубанский муниципальный район,Краснодарский край,03-634-000-000,2018,9999
651,Новопокровский,Новопокровский муниципальный район,Краснодарский край,03-635-000-000,2018,9999
652,Отрадненский,Отрадненский муниципальный район,Краснодарский край,03-637-000-000,2018,9999
653,Павловский,Павловский муниципальный район,Краснодарский край,03-639-000-000,2018,9999
654,Приморско-Ахтарский,Приморско-Ахтарский муниципальный район,Краснодарский край,03-641-000-000,2018,9999
655,Северский,Северский муниципальный район,Краснодарский край,03-643-000-000,2018,9999
656,Славянский,Славянский муниципальный район,Краснодарский край,03-645-000-000,2018,9999
657,Староминский,Староминский муниципальный район,Краснодарский край,03-647-000-000,2018,9999
658,Тбилисский,Тбилисский муниципальный район,Краснодарский край,03-649-000-000,2018,9999
659,Темрюкский,Темрюкский муниципальный район,Краснодарский край,03-651-000-000,2018,9999
660,Тимашевский,Тимашевский муниципальный район,Краснодарский край,03-653-000-000,2018,9999
661,Тихорецкий,Тихорецкий муниципальный район,Краснодарский край,03-654-000-000,2018,9999
662,Туапсинский,Туапсинский муниципальный район,Краснодарский край,03-655-000-000,2018,9999
663,Успенский,Успенский муниципальный район,Краснодарский край,03-656-000-000,2018,9999
664,Усть-Лабинский,Усть-Лабинский муниципальный район,Краснодарский край,03-657-000-000,2018,9999
665,Щербиновский,Щербиновский муниципальный район,Краснодарский край,03-659-000-000,2018,9999
666,Красноярск,городской округ город Красноярск,Красноярский край,04-701-000-000,2018,9999
667,Ачинск,городской округ город Ачинск,Красноярский край,04-703-000-000,2018,9999
668,Боготол,городской округ город Боготол,Красноярский край,04-706-000-000,2018,9999
669,Бородино,городской округ город Бородино,Красноярский край,04-707-000-000,2018,9999
670,Дивногорск,городской округ город Дивногорск,Красноярский край,04-709-000-000,2018,9999
671,Енисейск,городской округ город Енисейск,Красноярский край,04-712-000-000,2018,9999
672,Железногорск,городской округ ЗАТО город Железногорск,Красноярский край,04-735-000-000,2018,9999
673,Зеленогорск,городской округ ЗАТО город Зеленогорск,Красноярский край,04-737-000-000,2018,9999
674,Канск,городской округ город Канск,Красноярский край,04-720-000-000,2018,9999
675,Лесосибирск,городской округ город Лесосибирск,Красноярский край,04-722-000-000,2018,9999
676,Минусинск,городской округ город Минусинск,Красноярский край,04-723-000-000,2018,9999
677,Назарово,городской округ город Назарово,Красноярский край,04-726-000-000,2018,9999
678,Норильск,городской округ город Норильск,Красноярский край,04-729-000-000,2018,9999
679,Сосновоборск,городской округ город Сосновоборск,Красноярский край,04-733-000-000,2018,9999
680,Шарыпово,городской округ город Шарыпово,Красноярский край,04-740-000-000,2018,9999
681,Кедровый,городской округ поселок Кедровый,Красноярский край,04-775-000-000,2018,9999
682,Солнечный,городской округ ЗАТО поселок Солнечный,Красноярский край,04-780-000-000,2018,9999
683,Абанский,Абанский муниципальный район,Красноярский край,04-601-000-000,2018,9999
684,Ачинский,Ачинский муниципальный район,Красноярский край,04-603-000-000,2018,9999
685,Балахтинский,Балахтинский муниципальный район,Красноярский край,04-604-000-000,2018,9999
686,Березовский,Березовский муниципальный район,Красноярский край,04-605-000-000,2018,9999
687,Бирилюсский,Бирилюсский муниципальный район,Красноярский край,04-606-000-000,2018,9999
688,Боготольский,Боготольский муниципальный район,Красноярский край,04-608-000-000,2018,9999
689,Богучанский,Богучанский муниципальный район,Красноярский край,04-609-000-000,2018,9999
690,Большемуртинский,Большемуртинский муниципальный район,Красноярский край,04-610-000-000,2018,9999
691,Большеулуйский,Большеулуйский муниципальный район,Красноярский край,04-611-000-000,2018,9999
692,Дзержинский,Дзержинский муниципальный район,Красноярский край,04-613-000-000,2018,9999
693,Емельяновский,Емельяновский муниципальный район,Красноярский край,04-614-000-000,2018,9999
694,Енисейский,Енисейский муниципальный район,Красноярский край,04-615-000-000,2018,9999
695,Ермаковский,Ермаковский муниципальный район,Красноярский край,04-616-000-000,2018,9999
696,Идринский,Идринский муниципальный район,Красноярский край,04-617-000-000,2018,9999
697,Иланский,Иланский муниципальный район,Красноярский край,04-618-000-000,2018,9999
698,Ирбейский,Ирбейский муниципальный район,Красноярский край,04-619-000-000,2018,9999
699,Казачинский,Казачинский муниципальный район,Красноярский край,04-620-000-000,2018,9999
700,Канский,Канский муниципальный район,Красноярский край,04-621-000-000,2018,9999
701,Каратузский,Каратузский муниципальный район,Красноярский край,04-622-000-000,2018,9999
702,Кежемский,Кежемский муниципальный район,Красноярский край,04-624-000-000,2018,9999
703,Козульский,Козульский муниципальный район,Красноярский край,04-626-000-000,2018,9999
704,Краснотуранский,Краснотуранский муниципальный район,Красноярский край,04-628-000-000,2018,9999
705,Курагинский,Курагинский муниципальный район,Красноярский край,04-630-000-000,2018,9999
706,Манский,Манский муниципальный район,Красноярский край,04-631-000-000,2018,9999
707,Минусинский,Минусинский муниципальный район,Красноярский край,04-633-000-000,2018,9999
708,Мотыгинский,Мотыгинский муниципальный район,Красноярский край,04-635-000-000,2018,9999
709,Назаровский,Назаровский муниципальный район,Красноярский край,04-637-000-000,2018,9999
710,Нижнеингашский,Нижнеингашский муниципальный район,Красноярский край,04-639-000-000,2018,9999
711,Новоселовский,Новоселовский муниципальный район,Красноярский край,04-641-000-000,2018,9999
712,Партизанский,Партизанский муниципальный район,Красноярский край,04-643-000-000,2018,9999
713,Пировский,Пировский муниципальный район,Красноярский край,04-645-000-000,2018,2020
714,Рыбинский,Рыбинский муниципальный район,Красноярский край,04-647-000-000,2018,9999
715,Саянский,Саянский муниципальный район,Красноярский край,04-648-000-000,2018,9999
716,Северо-Енисейский,Северо-Енисейский муниципальный район,Красноярский край,04-649-000-000,2018,9999
717,Сухобузимский,Сухобузимский муниципальный район,Красноярский край,04-651-000-000,2018,9999
718,Таймырский Долгано-Ненецкий,Таймырский Долгано-Ненецкий муниципальный район,Красноярский край,04-653-000-000,2018,9999
719,Тасеевский,Тасеевский муниципальный район,Красноярский край,04-652-000-000,2018,9999
720,Туруханский,Туруханский муниципальный район,Красноярский край,04-654-000-000,2018,9999
721,Тюхтетский,Тюхтетский муниципальный район,Красноярский край,04-655-000-000,2018,2021
722,Ужурский,Ужурский муниципальный район,Красноярский край,04-656-000-000,2018,9999
723,Уярский,Уярский муниципальный район,Красноярский край,04-657-000-000,2018,9999
724,Шарыповский,Шарыповский муниципальный район,Красноярский край,04-658-000-000,2018,2020
725,Шушенский,Шушенский муниципальный район,Красноярский край,04-659-000-000,2018,9999
726,Эвенкийский,Эвенкийский муниципальный район,Красноярский край,04-650-000-000,2018,9999
727,Пермский,городской округ Пермский,Пермский край,57-701-000-000,2018,9999
728,Березниковский,городской округ Березниковский,Пермский край,57-708-000-000,2018,2019
729,Губахинский,городской округ Губахинский,Пермский край,57-717-000-000,2018,2023
730,Кунгур,городской округ город Кунгур,Пермский край,57-722-000-000,2018,2021
731,Лысьвенский,городской округ Лысьвенский,Пермский край,57-726-000-000,2018,9999
732,Соликамский,городской округ Соликамский,Пермский край,57-730-000-000,2018,2019
733,Звёздный,городской округ ЗАТО Звёздный,Пермский край,57-763-000-000,2018,9999
734,Александровский,Александровский муниципальный район,Пермский край,57-605-000-000,2018,2020
735,Бардымский,Бардымский муниципальный район,Пермский край,57-604-000-000,2018,2021
736,Березовский,Березовский муниципальный район,Пермский край,57-606-000-000,2018,2020
737,Большесосновский,Большесосновский муниципальный район,Пермский край,57-608-000-000,2018,2022
738,Верещагинский,Верещагинский муниципальный район,Пермский край,57-612-000-000,2018,2020
739,Горнозаводский,Горнозаводский муниципальный район,Пермский край,57-614-000-000,2018,2019
740,Гремячинский,Гремячинский муниципальный район,Пермский край,57-615-000-000,2018,2019
741,Добрянский,Добрянский муниципальный район,Пермский край,57-616-000-000,2018,2020
742,Еловский,Еловский муниципальный район,Пермский край,57-618-000-000,2018,2021
743,Ильинский,Ильинский муниципальный район,Пермский край,57-620-000-000,2018,2020
744,Карагайский,Карагайский муниципальный район,Пермский край,57-622-000-000,2018,2021
745,Кизеловский,Кизеловский муниципальный район,Пермский край,57-623-000-000,2018,2019
746,Кишертский,Кишертский муниципальный район,Пермский край,57-624-000-000,2018,2021
747,Красновишерский,Красновишерский муниципальный район,Пермский край,57-626-000-000,2018,2020
748,Краснокамский,Краснокамский муниципальный район,Пермский край,57-627-000-000,2018,2019
749,Куединский,Куединский муниципальный район,Пермский край,57-628-000-000,2018,2021
750,Кунгурский,Кунгурский муниципальный район,Пермский край,57-630-000-000,2018,2021
751,Нытвенский,Нытвенский муниципальный район,Пермский край,57-634-000-000,2018,2020
752,Октябрьский,Октябрьский муниципальный район,Пермский край,57-636-000-000,2018,2020
753,Ординский,Ординский муниципальный район,Пермский край,57-638-000-000,2018,2020
754,Осинский,Осинский муниципальный район,Пермский край,57-640-000-000,2018,2020
755,Оханский,Оханский муниципальный район,Пермский край,57-642-000-000,2018,2019
756,Очерский,Очерский муниципальный район,Пермский край,57-644-000-000,2018,2020
757,Пермский,Пермский муниципальный район,Пермский край,57-646-000-000,2018,2023
758,Сивинский,Сивинский муниципальный район,Пермский край,57-648-000-000,2018,2021
759,Соликамский,Соликамский муниципальный район,Пермский край,57-650-000-000,2018,2019
760,Суксунский,Суксунский муниципальный район,Пермский край,57-651-000-000,2018,2020
761,Уинский,Уинский муниципальный район,Пермский край,57-652-000-000,2018,2020
762,Усольский,Усольский муниципальный район,Пермский край,57-653-000-000,2018,2019
763,Чайковский,Чайковский муниципальный район,Пермский край,57-654-000-000,2018,2019
764,Частинский,Частинский муниципальный район,Пермский край,57-655-000-000,2018,2021
765,Чердынский,Чердынский муниципальный район,Пермский край,57-656-000-000,2018,2020
766,Чернушинский,Чернушинский муниципальный район,Пермский край,57-657-000-000,2018,2020
767,Чусовской,Чусовской муниципальный район,Пермский край,57-658-000-000,2018,2020
768,Кудымкар,городской округ город Кудымкар,Пермский край,57-851-000-000,2018,2020
769,Гайнский,Гайнский муниципальный район,Пермский край,57-814-000-000,2018,2020
770,Косинский,Косинский муниципальный район,Пермский край,57-817-000-000,2018,2020
771,Кочевский,Кочевский муниципальный район,Пермский край,57-819-000-000,2018,2020
772,Кудымкарский,Кудымкарский муниципальный район,Пермский край,57-821-000-000,2018,2020
773,Юрлинский,Юрлинский муниципальный район,Пермский край,57-825-000-000,2018,2020
774,Юсьвинский,Юсьвинский муниципальный район,Пермский край,57-827-000-000,2018,2020
775,Владивостокский,городской округ Владивостокский,Приморский край,05-701-000-000,2018,9999
776,Арсеньевский,городской округ Арсеньевский,Приморский край,05-703-000-000,2018,9999
777,Артемовский,городской округ Артемовский,Приморский край,05-705-000-000,2018,9999
778,Большой Камень,городской округ Большой Камень,Приморский край,05-706-000-000,2018,9999
779,Дальнегорский,городской округ Дальнегорский,Приморский край,05-707-000-000,2018,9999
780,Дальнереченский,городской округ Дальнереченский,Приморский край,05-708-000-000,2018,9999
781,Лесозаводский,городской округ Лесозаводский,Приморский край,05-711-000-000,2018,9999
782,Находкинский,городской округ Находкинский,Приморский край,05-714-000-000,2018,9999
783,Партизанский,городской округ Партизанский,Приморский край,05-717-000-000,2018,9999
784,Спасск-Дальний,городской округ Спасск-Дальний,Приморский край,05-720-000-000,2018,9999
785,Уссурийский,городской округ Уссурийский,Приморский край,05-723-000-000,2018,9999
786,Фокино,городской округ ЗАТО Фокино,Приморский край,05-747-000-000,2018,9999
787,Анучинский,Анучинский муниципальный район,Приморский край,05-602-000-000,2018,2020
788,Дальнереченский,Дальнереченский муниципальный район,Приморский край,05-607-000-000,2018,9999
789,Кавалеровский,Кавалеровский муниципальный район,Приморский край,05-610-000-000,2018,2023
790,Кировский,Кировский муниципальный район,Приморский край,05-612-000-000,2018,9999
791,Красноармейский,Красноармейский муниципальный район,Приморский край,05-614-000-000,2018,2024
792,Лазовский,Лазовский муниципальный район,Приморский край,05-617-000-000,2018,2021
793,Михайловский,Михайловский муниципальный район,Приморский край,05-620-000-000,2018,9999
794,Надеждинский,Надеждинский муниципальный район,Приморский край,05-623-000-000,2018,9999
795,Октябрьский,Октябрьский муниципальный район,Приморский край,05-626-000-000,2018,2021
796,Ольгинский,Ольгинский муниципальный район,Приморский край,05-628-000-000,2018,2023
797,Партизанский,Партизанский муниципальный район,Приморский край,05-630-000-000,2018,2024
798,Пограничный,Пограничный муниципальный район,Приморский край,05-632-000-000,2018,2020
799,Пожарский,Пожарский муниципальный район,Приморский край,05-634-000-000,2018,2023
800,Спасский,Спасский муниципальный район,Приморский край,05-637-000-000,2018,9999
801,Тернейский,Тернейский муниципальный район,Приморский край,05-640-000-000,2018,2021
802,Ханкайский,Ханкайский муниципальный район,Приморский край,05-646-000-000,2018,2021
803,Хасанский,Хасанский муниципальный район,Приморский край,05-648-000-000,2018,2023
804,Хорольский,Хорольский муниципальный район,Приморский край,05-650-000-000,2018,2021
805,Черниговский,Черниговский муниципальный район,Приморский край,05-653-000-000,2018,2024
806,Чугуевский,Чугуевский муниципальный район,Приморский край,05-655-000-000,2018,2020
807,Шкотовский,Шкотовский муниципальный район,Приморский край,05-657-000-000,2018,2024
808,Яковлевский,Яковлевский муниципальный район,Приморский край,05-659-000-000,2018,2024
809,Ставрополь,городской округ город Ставрополь,Ставропольский край,07-701-000-000,2018,9999
810,Благодарненский,городской округ Благодарненский,Ставропольский край,07-705-000-000,2018,2024
811,Георгиевский,городской округ Георгиевский,Ставропольский край,07-707-000-000,2018,2024
812,Ессентуки,городской округ город-курорт Ессентуки,Ставропольский край,07-710-000-000,2018,9999
813,Железноводск,городской округ город-курорт Железноводск,Ставропольский край,07-712-000-000,2018,9999
814,Изобильненский,городской округ Изобильненский,Ставропольский край,07-713-000-000,2018,2024
815,Ипатовский,городской округ Ипатовский,Ставропольский край,07-714-000-000,2018,2024
816,Кисловодск,городской округ город-курорт Кисловодск,Ставропольский край,07-715-000-000,2018,2022
817,Кировский,городской округ Кировский,Ставропольский край,07-716-000-000,2018,2024
818,Лермонтов,городской округ город Лермонтов,Ставропольский край,07-718-000-000,2018,9999
819,Минераловодский,городской округ Минераловодский,Ставропольский край,07-721-000-000,2018,2024
820,Невинномысск,городской округ город Невинномысск,Ставропольский край,07-724-000-000,2018,9999
821,Нефтекумский,городской округ Нефтекумский,Ставропольский край,07-725-000-000,2018,2024
822,Новоалександровский,городской округ Новоалександровский,Ставропольский край,07-726-000-000,2018,2024
823,Петровский,городской округ Петровский,Ставропольский край,07-731-000-000,2018,2024
824,Пятигорск,городской округ город-курорт Пятигорск,Ставропольский край,07-727-000-000,2018,9999
825,Советский,городской округ Советский,Ставропольский край,07-735-000-000,2018,2024
826,Александровский,Александровский муниципальный район,Ставропольский край,07-602-000-000,2018,2021
827,Андроповский,Андроповский муниципальный район,Ставропольский край,07-632-000-000,2018,2021
828,Апанасенковский,Апанасенковский муниципальный район,Ставропольский край,07-605-000-000,2018,2021
829,Арзгирский,Арзгирский муниципальный район,Ставропольский край,07-607-000-000,2018,2021
830,Будённовский,Будённовский муниципальный район,Ставропольский край,07-612-000-000,2018,2021
831,Грачёвский,Грачёвский муниципальный район,Ставропольский край,07-617-000-000,2018,2021
832,Кочубеевский,Кочубеевский муниципальный район,Ставропольский край,07-628-000-000,2018,2021
833,Красногвардейский,Красногвардейский муниципальный район,Ставропольский край,07-630-000-000,2018,2021
834,Курский,Курский муниципальный район,Ставропольский край,07-633-000-000,2018,2021
835,Левокумский,Левокумский муниципальный район,Ставропольский край,07-636-000-000,2018,2021
836,Новоселицкий,Новоселицкий муниципальный район,Ставропольский край,07-644-000-000,2018,2021
837,Предгорный,Предгорный муниципальный район,Ставропольский край,07-648-000-000,2018,2021
838,Степновский,Степновский муниципальный район,Ставропольский край,07-652-000-000,2018,2021
839,Труновский,Труновский муниципальный район,Ставропольский край,07-654-000-000,2018,2021
840,Туркменский,Туркменский муниципальный район,Ставропольский край,07-656-000-000,2018,2021
841,Шпаковский,Шпаковский муниципальный район,Ставропольский край,07-658-000-000,2018,2021
842,Хабаровск,городской округ город Хабаровск,Хабаровский край,08-701-000-000,2018,9999
843,Комсомольск-на-Амуре,городской округ город Комсомольск-на-Амуре,Хабаровский край,08-709-000-000,2018,9999
844,Амурский,Амурский муниципальный район,Хабаровский край,08-603-000-000,2018,9999
845,Аяно-Майский,Аяно-Майский муниципальный район,Хабаровский край,08-606-000-000,2018,9999
846,Бикинский,Бикинский муниципальный район,Хабаровский край,08-609-000-000,2018,9999
847,Ванинский,Ванинский муниципальный район,Хабаровский край,08-612-000-000,2018,9999
848,Верхнебуреинский,Верхнебуреинский муниципальный район,Хабаровский край,08-614-000-000,2018,9999
849,Вяземский,Вяземский муниципальный район,Хабаровский край,08-617-000-000,2018,9999
850,Комсомольский,Комсомольский муниципальный район,Хабаровский край,08-620-000-000,2018,9999
851,Лазо,муниципальный район имени Лазо,Хабаровский край,08-624-000-000,2018,9999
852,Нанайский,Нанайский муниципальный район,Хабаровский край,08-628-000-000,2018,9999
853,Николаевский,Николаевский муниципальный район,Хабаровский край,08-631-000-000,2018,9999
854,Охотский,Охотский муниципальный район,Хабаровский край,08-634-000-000,2018,2024
855,Полины Осипенко,муниципальный район имени Полины Осипенко,Хабаровский край,08-637-000-000,2018,9999
856,Советско-Гаванский,Советско-Гаванский муниципальный район,Хабаровский край,08-642-000-000,2018,9999
857,Солнечный,Солнечный муниципальный район,Хабаровский край,08-644-000-000,2018,9999
858,Тугуро-Чумиканский,Тугуро-Чумиканский муниципальный район,Хабаровский край,08-646-000-000,2018,9999
859,Ульчский,Ульчский муниципальный район,Хабаровский край,08-650-000-000,2018,9999
860,Хабаровский,Хабаровский муниципальный район,Хабаровский край,08-655-000-000,2018,9999
861,Благовещенск,городской округ город Благовещенск,Амурская область,10-701-000-000,2018,9999
862,Белогорск,городской округ город Белогорск,Амурская область,10-710-000-000,2018,9999
863,Зея,городской округ город Зея,Амурская область,10-712-000-000,2018,9999
864,Райчихинск,городской округ город Райчихинск,Амурская область,10-720-000-000,2018,9999
865,Свободный,городской округ город Свободный,Амурская область,10-730-000-000,2018,9999
866,Тында,городской округ город Тында,Амурская область,10-732-000-000,2018,9999
867,Шимановск,городской округ город Шимановск,Амурская область,10-740-000-000,2018,9999
868,Прогресс,городской округ рабочий поселок (поселок городского типа) Прогресс,Амурская область,10-775-000-000,2018,9999
869,Циолковский,городской округ ЗАТО Циолковский,Амурская область,10-770-000-000,2018,9999
870,Архаринский,Архаринский муниципальный район,Амурская область,10-605-000-000,2018,2023
871,Белогорский,Белогорский муниципальный район,Амурская область,10-608-000-000,2018,2021
872,Благовещенский,Благовещенский муниципальный район,Амурская область,10-611-000-000,2018,2023
873,Бурейский,Бурейский муниципальный район,Амурская область,10-615-000-000,2018,2021
874,Завитинский,Завитинский муниципальный район,Амурская область,10-621-000-000,2018,2021
875,Зейский,Зейский муниципальный район,Амурская область,10-625-000-000,2018,2024
876,Ивановский,Ивановский муниципальный район,Амурская область,10-628-000-000,2018,2021
877,Константиновский,Константиновский муниципальный район,Амурская область,10-630-000-000,2018,9999
878,Магдагачинский,Магдагачинский муниципальный район,Амурская область,10-631-000-000,2018,9999
879,Мазановский,Мазановский муниципальный район,Амурская область,10-632-000-000,2018,9999
880,Михайловский,Михайловский муниципальный район,Амурская область,10-635-000-000,2018,9999
881,Октябрьский,Октябрьский муниципальный район,Амурская область,10-638-000-000,2018,9999
882,Ромненский,Ромненский муниципальный район,Амурская область,10-640-000-000,2018,2021
883,Свободненский,Свободненский муниципальный район,Амурская область,10-642-000-000,2018,9999
884,Селемджинский,Селемджинский муниципальный район,Амурская область,10-645-000-000,2018,9999
885,Серышевский,Серышевский муниципальный район,Амурская область,10-647-000-000,2018,2023
886,Сковородинский,Сковородинский муниципальный район,Амурская область,10-649-000-000,2018,2023
887,Тамбовский,Тамбовский муниципальный район,Амурская область,10-651-000-000,2018,2023
888,Тындинский,Тындинский муниципальный район,Амурская область,10-654-000-000,2018,2021
889,Шимановский,Шимановский муниципальный район,Амурская область,10-655-000-000,2018,2023
890,Архангельск,городской округ город Архангельск,Архангельская область,11-701-000-000,2018,9999
891,Коряжма,городской округ город Коряжма,Архангельская область,11-708-000-000,2018,9999
892,Котлас,городской округ Котлас,Архангельская область,11-710-000-000,2018,9999
893,Мирный,городской округ ЗАТО Мирный,Архангельская область,11-725-000-000,2018,9999
894,Новая Земля,городской округ Новая Земля,Архангельская область,11-712-000-000,2018,9999
895,Новодвинск,городской округ город Новодвинск,Архангельская область,11-715-000-000,2018,9999
896,Северодвинск,городской округ Северодвинск,Архангельская область,11-730-000-000,2018,9999
897,Вельский,Вельский муниципальный район,Архангельская область,11-605-000-000,2018,9999
898,Верхнетоемский,Верхнетоемский муниципальный район,Архангельская область,11-608-000-000,2018,2022
899,Вилегодский,Вилегодский муниципальный район,Архангельская область,11-611-000-000,2018,2021
900,Виноградовский,Виноградовский муниципальный район,Архангельская область,11-614-000-000,2018,2022
901,Каргопольский,Каргопольский муниципальный район,Архангельская область,11-618-000-000,2018,2021
902,Коношский,Коношский муниципальный район,Архангельская область,11-622-000-000,2018,9999
903,Котласский,Котласский муниципальный район,Архангельская область,11-627-000-000,2018,2023
904,Красноборский,Красноборский муниципальный район,Архангельская область,11-630-000-000,2018,2024
905,Ленский,Ленский муниципальный район,Архангельская область,11-635-000-000,2018,9999
906,Лешуконский,Лешуконский муниципальный район,Архангельская область,11-638-000-000,2018,2023
907,Мезенский,Мезенский муниципальный район,Архангельская область,11-642-000-000,2018,2023
908,Няндомский,Няндомский муниципальный район,Архангельская область,11-644-000-000,2018,2023
909,Онежский,Онежский муниципальный район,Архангельская область,11-646-000-000,2018,9999
910,Пинежский,Пинежский муниципальный район,Архангельская область,11-648-000-000,2018,2024
911,Плесецкий,Плесецкий муниципальный район,Архангельская область,11-650-000-000,2018,2022
912,Приморский,Приморский муниципальный район,Архангельская область,11-652-000-000,2018,2024
913,Устьянский,Устьянский муниципальный район,Архангельская область,11-654-000-000,2018,2023
914,Холмогорский,Холмогорский муниципальный район,Архангельская область,11-656-000-000,2018,2023
915,Шенкурский,Шенкурский муниципальный район,Архангельская область,11-658-000-000,2018,2023
916,Нарьян-Мар,городской округ город Нарьян-Мар,Ненецкий автономный округ,11-851-000-000,2018,9999
917,Заполярный,муниципальный район Заполярный район,Ненецкий автономный округ,11-811-000-000,2018,9999
918,Астрахань,городской округ город Астрахань,Астраханская область,12-701-000-000,2018,9999
919,Знаменск,городской округ ЗАТО Знаменск,Астраханская область,12-719-000-000,2018,9999
920,Ахтубинский,Ахтубинский муниципальный район,Астраханская область,12-605-000-000,2018,9999
921,Володарский,Володарский муниципальный район,Астраханская область,12-610-000-000,2018,9999
922,Енотаевский,Енотаевский муниципальный район,Астраханская область,12-615-000-000,2018,9999
923,Икрянинский,Икрянинский муниципальный район,Астраханская область,12-620-000-000,2018,9999
924,Камызякский,Камызякский муниципальный район,Астраханская область,12-625-000-000,2018,9999
925,Красноярский,Красноярский муниципальный район,Астраханская область,12-630-000-000,2018,9999
926,Лиманский,Лиманский муниципальный район,Астраханская область,12-635-000-000,2018,9999
927,Наримановский,Наримановский муниципальный район,Астраханская область,12-640-000-000,2018,9999
928,Приволжский,Приволжский муниципальный район,Астраханская область,12-642-000-000,2018,9999
929,Харабалинский,Харабалинский муниципальный район,Астраханская область,12-645-000-000,2018,9999
930,Черноярский,Черноярский муниципальный район,Астраханская область,12-650-000-000,2018,9999
931,Белгород,городской округ город Белгород,Белгородская область,14-701-000-000,2018,9999
932,Губкинский,городской округ Губкинский,Белгородская область,14-730-000-000,2018,9999
933,Старооскольский,городской округ Старооскольский,Белгородская область,14-740-000-000,2018,9999
934,Алексеевский  и  Алексеевка,муниципальный район Алексеевский район и город Алексеевка,Белгородская область,14-605-000-000,2018,2019
935,Белгородский,Белгородский муниципальный район,Белгородская область,14-610-000-000,2018,9999
936,Борисовский,Борисовский муниципальный район,Белгородская область,14-615-000-000,2018,9999
937,Валуйки и Валуйский,муниципальный район Город Валуйки и Валуйский район,Белгородская область,14-620-000-000,2018,2019
938,Вейделевский,Вейделевский муниципальный район,Белгородская область,14-625-000-000,2018,9999
939,Волоконовский,Волоконовский муниципальный район,Белгородская область,14-630-000-000,2018,9999
940,Грайворонский,Грайворонский муниципальный район,Белгородская область,14-632-000-000,2018,2019
941,Ивнянский,Ивнянский муниципальный район,Белгородская область,14-638-000-000,2018,9999
942,Корочанский,Корочанский муниципальный район,Белгородская область,14-640-000-000,2018,9999
943,Красненский,Красненский муниципальный район,Белгородская область,14-641-000-000,2018,9999
944,Красногвардейский,Красногвардейский муниципальный район,Белгородская область,14-642-000-000,2018,9999
945,Краснояружский,Краснояружский муниципальный район,Белгородская область,14-643-000-000,2018,9999
946,Новооскольский,Новооскольский муниципальный район,Белгородская область,14-644-000-000,2018,2019
947,Прохоровский,Прохоровский муниципальный район,Белгородская область,14-646-000-000,2018,9999
948,Ракитянский,Ракитянский муниципальный район,Белгородская область,14-648-000-000,2018,9999
949,Ровеньский,Ровеньский муниципальный район,Белгородская область,14-650-000-000,2018,9999
950,Чернянский,Чернянский муниципальный район,Белгородская область,14-654-000-000,2018,9999
951,Шебекинский  и  Шебекино,муниципальный район Шебекинский район и город Шебекино,Белгородская область,14-656-000-000,2018,2019
952,Яковлевский,Яковлевский муниципальный район,Белгородская область,14-658-000-000,2018,2019
953,Брянск,городской округ город Брянск,Брянская область,15-701-000-000,2018,9999
954,Клинцы,городской округ город Клинцы,Брянская область,15-715-000-000,2018,9999
955,Новозыбков,городской округ город Новозыбков,Брянская область,15-720-000-000,2018,2020
956,Сельцо,городской округ город Сельцо,Брянская область,15-725-000-000,2018,9999
957,Фокино,городской округ город Фокино,Брянская область,15-710-000-000,2018,9999
958,Стародуб,городской округ город Стародуб,Брянская область,15-750-000-000,2018,2021
959,Брасовский,Брасовский муниципальный район,Брянская область,15-604-000-000,2018,9999
960,Брянский,Брянский муниципальный район,Брянская область,15-608-000-000,2018,9999
961,Выгоничский,Выгоничский муниципальный район,Брянская область,15-610-000-000,2018,9999
962,Гордеевский,Гордеевский муниципальный район,Брянская область,15-611-000-000,2018,9999
963,Дубровский,Дубровский муниципальный район,Брянская область,15-612-000-000,2018,9999
964,Дятьковский,Дятьковский муниципальный район,Брянская область,15-616-000-000,2018,9999
965,Жирятинский,Жирятинский муниципальный район,Брянская область,15-620-000-000,2018,9999
966,Жуковский,Жуковский муниципальный район,Брянская область,15-622-000-000,2018,2021
967,Злынковский,Злынковский муниципальный район,Брянская область,15-623-000-000,2018,9999
968,Карачевский,Карачевский муниципальный район,Брянская область,15-624-000-000,2018,9999
969,Клетнянский,Клетнянский муниципальный район,Брянская область,15-626-000-000,2018,9999
970,Климовский,Климовский муниципальный район,Брянская область,15-628-000-000,2018,9999
971,Клинцовский,Клинцовский муниципальный район,Брянская область,15-630-000-000,2018,9999
972,Комаричский,Комаричский муниципальный район,Брянская область,15-632-000-000,2018,9999
973,Красногорский,Красногорский муниципальный район,Брянская область,15-634-000-000,2018,9999
974,Мглинский,Мглинский муниципальный район,Брянская область,15-636-000-000,2018,9999
975,Навлинский,Навлинский муниципальный район,Брянская область,15-638-000-000,2018,9999
976,Новозыбковский,Новозыбковский муниципальный район,Брянская область,15-640-000-000,2018,2020
977,Погарский,Погарский муниципальный район,Брянская область,15-642-000-000,2018,9999
978,Почепский,Почепский муниципальный район,Брянская область,15-644-000-000,2018,9999
979,Рогнединский,Рогнединский муниципальный район,Брянская область,15-646-000-000,2018,9999
980,Севский,Севский муниципальный район,Брянская область,15-648-000-000,2018,9999
981,Стародубский,Стародубский муниципальный район,Брянская область,15-650-000-000,2018,2021
982,Суземский,Суземский муниципальный район,Брянская область,15-652-000-000,2018,9999
983,Суражский,Суражский муниципальный район,Брянская область,15-654-000-000,2018,9999
984,Трубчевский,Трубчевский муниципальный район,Брянская область,15-656-000-000,2018,9999
985,Унечский,Унечский муниципальный район,Брянская область,15-658-000-000,2018,9999
986,Владимир,городской округ город Владимир,Владимирская область,17-701-000-000,2018,9999
987,Гусь-Хрустальный,городской округ город Гусь-Хрустальный,Владимирская область,17-720-000-000,2018,9999
988,Ковров,городской округ город Ковров,Владимирская область,17-725-000-000,2018,9999
989,Муром,городской округ округ Муром,Владимирская область,17-735-000-000,2018,9999
990,Радужный,городской округ ЗАТО город Радужный,Владимирская область,17-737-000-000,2018,9999
991,Александровский,Александровский муниципальный район,Владимирская область,17-605-000-000,2018,9999
992,Вязниковский,Вязниковский муниципальный район,Владимирская область,17-610-000-000,2018,9999
993,Гороховецкий,Гороховецкий муниципальный район,Владимирская область,17-615-000-000,2018,9999
994,Гусь-Хрустальный,Гусь-Хрустальный муниципальный район,Владимирская область,17-620-000-000,2018,9999
995,Камешковский,Камешковский муниципальный район,Владимирская область,17-625-000-000,2018,9999
996,Киржачский,Киржачский муниципальный район,Владимирская область,17-630-000-000,2018,9999
997,Ковровский,Ковровский муниципальный район,Владимирская область,17-635-000-000,2018,9999
998,Кольчугинский,Кольчугинский муниципальный район,Владимирская область,17-640-000-000,2018,9999
999,Меленковский,Меленковский муниципальный район,Владимирская область,17-642-000-000,2018,9999
1000,Муромский,Муромский муниципальный район,Владимирская область,17-644-000-000,2018,9999
1001,Петушинский,Петушинский муниципальный район,Владимирская область,17-646-000-000,2018,9999
1002,Селивановский,Селивановский муниципальный район,Владимирская область,17-648-000-000,2018,9999
1003,Собинский,Собинский муниципальный район,Владимирская область,17-650-000-000,2018,9999
1004,Судогодский,Судогодский муниципальный район,Владимирская область,17-652-000-000,2018,9999
1005,Суздальский,Суздальский муниципальный район,Владимирская область,17-654-000-000,2018,9999
1006,Юрьев-Польский,Юрьев-Польский муниципальный район,Владимирская область,17-656-000-000,2018,9999
1007,Волгоград,городской округ город-герой Волгоград,Волгоградская область,18-701-000-000,2018,9999
1008,Волжский,городской округ город Волжский,Волгоградская область,18-710-000-000,2018,9999
1009,Камышин,городской округ город Камышин,Волгоградская область,18-715-000-000,2018,9999
1010,Михайловка,городской округ город Михайловка,Волгоградская область,18-720-000-000,2018,9999
1011,Урюпинск,городской округ город Урюпинск,Волгоградская область,18-725-000-000,2018,9999
1012,Фролово,городской округ город Фролово,Волгоградская область,18-728-000-000,2018,9999
1013,Алексеевский,Алексеевский муниципальный район,Волгоградская область,18-602-000-000,2018,9999
1014,Быковский,Быковский муниципальный район,Волгоградская область,18-604-000-000,2018,9999
1015,Городищенский,Городищенский муниципальный район,Волгоградская область,18-605-000-000,2018,9999
1016,Даниловский,Даниловский муниципальный район,Волгоградская область,18-606-000-000,2018,9999
1017,Дубовский,Дубовский муниципальный район,Волгоградская область,18-608-000-000,2018,9999
1018,Еланский,Еланский муниципальный район,Волгоградская область,18-610-000-000,2018,9999
1019,Жирновский,Жирновский муниципальный район,Волгоградская область,18-612-000-000,2018,9999
1020,Иловлинский,Иловлинский муниципальный район,Волгоградская область,18-614-000-000,2018,9999
1021,Калачевский,Калачевский муниципальный район,Волгоградская область,18-616-000-000,2018,9999
1022,Камышинский,Камышинский муниципальный район,Волгоградская область,18-618-000-000,2018,9999
1023,Киквидзенский,Киквидзенский муниципальный район,Волгоградская область,18-620-000-000,2018,9999
1024,Клетский,Клетский муниципальный район,Волгоградская область,18-622-000-000,2018,9999
1025,Котельниковский,Котельниковский муниципальный район,Волгоградская область,18-624-000-000,2018,9999
1026,Котовский,Котовский муниципальный район,Волгоградская область,18-626-000-000,2018,9999
1027,Кумылженский,Кумылженский муниципальный район,Волгоградская область,18-646-000-000,2018,9999
1028,Ленинский,Ленинский муниципальный район,Волгоградская область,18-630-000-000,2018,9999
1029,Нехаевский,Нехаевский муниципальный район,Волгоградская область,18-634-000-000,2018,9999
1030,Николаевский,Николаевский муниципальный район,Волгоградская область,18-636-000-000,2018,9999
1031,Новоаннинский,Новоаннинский муниципальный район,Волгоградская область,18-638-000-000,2018,9999
1032,Новониколаевский,Новониколаевский муниципальный район,Волгоградская область,18-640-000-000,2018,9999
1033,Октябрьский,Октябрьский муниципальный район,Волгоградская область,18-642-000-000,2018,9999
1034,Ольховский,Ольховский муниципальный район,Волгоградская область,18-643-000-000,2018,9999
1035,Палласовский,Палласовский муниципальный район,Волгоградская область,18-645-000-000,2018,9999
1036,Руднянский,Руднянский муниципальный район,Волгоградская область,18-647-000-000,2018,9999
1037,Светлоярский,Светлоярский муниципальный район,Волгоградская область,18-649-000-000,2018,9999
1038,Серафимовичский,Серафимовичский муниципальный район,Волгоградская область,18-650-000-000,2018,9999
1039,Среднеахтубинский,Среднеахтубинский муниципальный район,Волгоградская область,18-651-000-000,2018,9999
1040,Старополтавский,Старополтавский муниципальный район,Волгоградская область,18-652-000-000,2018,9999
1041,Суровикинский,Суровикинский муниципальный район,Волгоградская область,18-653-000-000,2018,9999
1042,Урюпинский,Урюпинский муниципальный район,Волгоградская область,18-654-000-000,2018,9999
1043,Фроловский,Фроловский муниципальный район,Волгоградская область,18-656-000-000,2018,9999
1044,Чернышковский,Чернышковский муниципальный район,Волгоградская область,18-658-000-000,2018,9999
1045,Вологда,городской округ город Вологда,Вологодская область,19-701-000-000,2018,9999
1046,Череповец,городской округ город Череповец,Вологодская область,19-730-000-000,2018,9999
1047,Бабаевский,Бабаевский муниципальный район,Вологодская область,19-605-000-000,2018,2023
1048,Бабушкинский,Бабушкинский муниципальный район,Вологодская область,19-608-000-000,2018,2023
1049,Белозерский,Белозерский муниципальный район,Вологодская область,19-610-000-000,2018,2023
1050,Вашкинский,Вашкинский муниципальный район,Вологодская область,19-612-000-000,2018,2024
1051,Великоустюгский,Великоустюгский муниципальный район,Вологодская область,19-614-000-000,2018,2023
1052,Верховажский,Верховажский муниципальный район,Вологодская область,19-616-000-000,2018,2023
1053,Вожегодский,Вожегодский муниципальный район,Вологодская область,19-618-000-000,2018,2023
1054,Вологодский,Вологодский муниципальный район,Вологодская область,19-620-000-000,2018,2023
1055,Вытегорский,Вытегорский муниципальный район,Вологодская область,19-622-000-000,2018,9999
1056,Грязовецкий,Грязовецкий муниципальный район,Вологодская область,19-624-000-000,2018,2023
1057,Кадуйский,Кадуйский муниципальный район,Вологодская область,19-626-000-000,2018,2023
1058,Кирилловский,Кирилловский муниципальный район,Вологодская область,19-628-000-000,2018,2024
1059,Кичменгско-Городецкий,Кичменгско-Городецкий муниципальный район,Вологодская область,19-630-000-000,2018,2023
1060,Междуреченский,Междуреченский муниципальный район,Вологодская область,19-632-000-000,2018,2023
1061,Никольский,Никольский муниципальный район,Вологодская область,19-634-000-000,2018,2024
1062,Нюксенский,Нюксенский муниципальный район,Вологодская область,19-636-000-000,2018,2023
1063,Сокольский,Сокольский муниципальный район,Вологодская область,19-638-000-000,2018,2023
1064,Сямженский,Сямженский муниципальный район,Вологодская область,19-640-000-000,2018,2023
1065,Тарногский,Тарногский муниципальный район,Вологодская область,19-642-000-000,2018,2023
1066,Тотемский,Тотемский муниципальный район,Вологодская область,19-646-000-000,2018,2023
1067,Усть-Кубинский,Усть-Кубинский муниципальный район,Вологодская область,19-648-000-000,2018,2023
1068,Устюженский,Устюженский муниципальный район,Вологодская область,19-650-000-000,2018,2023
1069,Харовский,Харовский муниципальный район,Вологодская область,19-652-000-000,2018,2023
1070,Чагодощенский,Чагодощенский муниципальный район,Вологодская область,19-654-000-000,2018,2023
1071,Череповецкий,Череповецкий муниципальный район,Вологодская область,19-656-000-000,2018,9999
1072,Шекснинский,Шекснинский муниципальный район,Вологодская область,19-658-000-000,2018,9999
1073,Воронеж,городской округ город Воронеж,Воронежская область,20-701-000-000,2018,9999
1074,Борисоглебский,городской округ Борисоглебский,Воронежская область,20-710-000-000,2018,9999
1075,Нововоронеж,городской округ город Нововоронеж,Воронежская область,20-727-000-000,2018,9999
1076,Аннинский,Аннинский муниципальный район,Воронежская область,20-602-000-000,2018,9999
1077,Бобровский,Бобровский муниципальный район,Воронежская область,20-604-000-000,2018,9999
1078,Богучарский,Богучарский муниципальный район,Воронежская область,20-605-000-000,2018,9999
1079,Бутурлиновский,Бутурлиновский муниципальный район,Воронежская область,20-608-000-000,2018,9999
1080,Верхнемамонский,Верхнемамонский муниципальный район,Воронежская область,20-610-000-000,2018,9999
1081,Верхнехавский,Верхнехавский муниципальный район,Воронежская область,20-611-000-000,2018,9999
1082,Воробьёвский,Воробьёвский муниципальный район,Воронежская область,20-612-000-000,2018,9999
1083,Грибановский,Грибановский муниципальный район,Воронежская область,20-613-000-000,2018,9999
1084,Калачеевский,Калачеевский муниципальный район,Воронежская область,20-615-000-000,2018,9999
1085,Каменский,Каменский муниципальный район,Воронежская область,20-617-000-000,2018,9999
1086,Кантемировский,Кантемировский муниципальный район,Воронежская область,20-619-000-000,2018,9999
1087,Каширский,Каширский муниципальный район,Воронежская область,20-620-000-000,2018,9999
1088,Лискинский,Лискинский муниципальный район,Воронежская область,20-621-000-000,2018,9999
1089,Нижнедевицкий,Нижнедевицкий муниципальный район,Воронежская область,20-623-000-000,2018,9999
1090,Новоусманский,Новоусманский муниципальный район,Воронежская область,20-625-000-000,2018,9999
1091,Новохопёрский,Новохопёрский муниципальный район,Воронежская область,20-627-000-000,2018,9999
1092,Ольховатский,Ольховатский муниципальный район,Воронежская область,20-629-000-000,2018,9999
1093,Острогожский,Острогожский муниципальный район,Воронежская область,20-631-000-000,2018,9999
1094,Павловский,Павловский муниципальный район,Воронежская область,20-633-000-000,2018,9999
1095,Панинский,Панинский муниципальный район,Воронежская область,20-635-000-000,2018,9999
1096,Петропавловский,Петропавловский муниципальный район,Воронежская область,20-637-000-000,2018,9999
1097,Поворинский,Поворинский муниципальный район,Воронежская область,20-639-000-000,2018,9999
1098,Подгоренский,Подгоренский муниципальный район,Воронежская область,20-641-000-000,2018,9999
1099,Рамонский,Рамонский муниципальный район,Воронежская область,20-643-000-000,2018,9999
1100,Репьёвский,Репьёвский муниципальный район,Воронежская область,20-645-000-000,2018,9999
1101,Россошанский,Россошанский муниципальный район,Воронежская область,20-647-000-000,2018,9999
1102,Семилукский,Семилукский муниципальный район,Воронежская область,20-649-000-000,2018,9999
1103,Таловский,Таловский муниципальный район,Воронежская область,20-651-000-000,2018,9999
1104,Терновский,Терновский муниципальный район,Воронежская область,20-654-000-000,2018,9999
1105,Хохольский,Хохольский муниципальный район,Воронежская область,20-656-000-000,2018,9999
1106,Эртильский,Эртильский муниципальный район,Воронежская область,20-658-000-000,2018,9999
1107,Иваново,городской округ Иваново,Ивановская область,24-701-000-000,2018,9999
1108,Вичуга,городской округ Вичуга,Ивановская область,24-703-000-000,2018,9999
1109,Кинешма,городской округ Кинешма,Ивановская область,24-705-000-000,2018,9999
1110,Кохма,городской округ Кохма,Ивановская область,24-706-000-000,2018,9999
1111,Тейково,городской округ Тейково,Ивановская область,24-707-000-000,2018,9999
1112,Шуя,городской округ Шуя,Ивановская область,24-711-000-000,2018,9999
1113,Вичугский,Вичугский муниципальный район,Ивановская область,24-601-000-000,2018,9999
1114,Верхнеландеховский,Верхнеландеховский муниципальный район,Ивановская область,24-602-000-000,2018,9999
1115,Гаврилово-Посадский,Гаврилово-Посадский муниципальный район,Ивановская область,24-603-000-000,2018,9999
1116,Заволжский,Заволжский муниципальный район,Ивановская область,24-605-000-000,2018,9999
1117,Ивановский,Ивановский муниципальный район,Ивановская область,24-607-000-000,2018,9999
1118,Ильинский,Ильинский муниципальный район,Ивановская область,24-609-000-000,2018,9999
1119,Кинешемский,Кинешемский муниципальный район,Ивановская область,24-611-000-000,2018,9999
1120,Комсомольский,Комсомольский муниципальный район,Ивановская область,24-613-000-000,2018,9999
1121,Лежневский,Лежневский муниципальный район,Ивановская область,24-614-000-000,2018,9999
1122,Лухский,Лухский муниципальный район,Ивановская область,24-615-000-000,2018,9999
1123,Палехский,Палехский муниципальный район,Ивановская область,24-617-000-000,2018,9999
1124,Пестяковский,Пестяковский муниципальный район,Ивановская область,24-619-000-000,2018,9999
1125,Приволжский,Приволжский муниципальный район,Ивановская область,24-620-000-000,2018,9999
1126,Пучежский,Пучежский муниципальный район,Ивановская область,24-621-000-000,2018,9999
1127,Родниковский,Родниковский муниципальный район,Ивановская область,24-623-000-000,2018,9999
1128,Савинский,Савинский муниципальный район,Ивановская область,24-625-000-000,2018,9999
1129,Тейковский,Тейковский муниципальный район,Ивановская область,24-629-000-000,2018,9999
1130,Фурмановский,Фурмановский муниципальный район,Ивановская область,24-631-000-000,2018,9999
1131,Шуйский,Шуйский муниципальный район,Ивановская область,24-633-000-000,2018,9999
1132,Южский,Южский муниципальный район,Ивановская область,24-635-000-000,2018,9999
1133,Юрьевецкий,Юрьевецкий муниципальный район,Ивановская область,24-637-000-000,2018,9999
1134,Иркутск,городской округ город Иркутск,Иркутская область,25-701-000-000,2018,9999
1135,Ангарский,городской округ Ангарский,Иркутская область,25-703-000-000,2018,9999
1136,Братск,городской округ город Братск,Иркутская область,25-714-000-000,2018,9999
1137,Зима,городской округ Зима,Иркутская область,25-720-000-000,2018,9999
1138,Саянск,городской округ город Саянск,Иркутская область,25-726-000-000,2018,9999
1139,Тулун,городской округ город Тулун,Иркутская область,25-732-000-000,2018,9999
1140,Усолье-Сибирское,городской округ город Усолье-Сибирское,Иркутская область,25-736-000-000,2018,9999
1141,Усть-Илимск,городской округ город Усть-Илимск,Иркутская область,25-738-000-000,2018,9999
1142,Черемхово,городской округ город Черемхово,Иркутская область,25-745-000-000,2018,9999
1143,Свирск,городской округ город Свирск,Иркутская область,25-746-000-000,2018,9999
1144,Балаганский,Балаганский муниципальный район,Иркутская область,25-601-000-000,2018,9999
1145,Бодайбинский,Бодайбинский муниципальный район,Иркутская область,25-602-000-000,2018,9999
1146,Братский,Братский муниципальный район,Иркутская область,25-604-000-000,2018,9999
1147,Жигаловский,Жигаловский муниципальный район,Иркутская область,25-606-000-000,2018,9999
1148,Заларинский,Заларинский муниципальный район,Иркутская область,25-608-000-000,2018,9999
1149,Зиминский,Зиминский муниципальный район,Иркутская область,25-610-000-000,2018,9999
1150,Иркутский,Иркутский муниципальный район,Иркутская область,25-612-000-000,2018,9999
1151,Казачинско-Ленский,Казачинско-Ленский муниципальный район,Иркутская область,25-614-000-000,2018,9999
1152,Катангский,Катангский муниципальный район,Иркутская область,25-616-000-000,2018,9999
1153,Качугский,Качугский муниципальный район,Иркутская область,25-618-000-000,2018,9999
1154,Киренский,Киренский муниципальный район,Иркутская область,25-620-000-000,2018,9999
1155,Куйтунский,Куйтунский муниципальный район,Иркутская область,25-622-000-000,2018,9999
1156,Мамско-Чуйский,Мамско-Чуйский муниципальный район,Иркутская область,25-624-000-000,2018,9999
1157,Нижнеилимский,Нижнеилимский муниципальный район,Иркутская область,25-626-000-000,2018,9999
1158,Нижнеудинский,Нижнеудинский муниципальный район,Иркутская область,25-628-000-000,2018,9999
1159,Ольхонский,Ольхонский муниципальный район,Иркутская область,25-630-000-000,2018,9999
1160,Слюдянский,Слюдянский муниципальный район,Иркутская область,25-634-000-000,2018,9999
1161,Тайшетский,Тайшетский муниципальный район,Иркутская область,25-636-000-000,2018,9999
1162,Тулунский,Тулунский муниципальный район,Иркутская область,25-638-000-000,2018,9999
1163,Усольский,Усольский муниципальный район,Иркутская область,25-640-000-000,2018,9999
1164,Усть-Илимский,Усть-Илимский муниципальный район,Иркутская область,25-642-000-000,2018,9999
1165,Усть-Кутский,Усть-Кутский муниципальный район,Иркутская область,25-644-000-000,2018,9999
1166,Усть-Удинский,Усть-Удинский муниципальный район,Иркутская область,25-646-000-000,2018,9999
1167,Черемховский,Черемховский муниципальный район,Иркутская область,25-648-000-000,2018,9999
1168,Чунский,Чунский муниципальный район,Иркутская область,25-650-000-000,2018,9999
1169,Шелеховский,Шелеховский муниципальный район,Иркутская область,25-655-000-000,2018,9999
1170,Аларский,Аларский муниципальный район,Иркутская область,25-605-000-000,2018,9999
1171,Баяндаевский,Баяндаевский муниципальный район,Иркутская область,25-607-000-000,2018,9999
1172,Боханский,Боханский муниципальный район,Иркутская область,25-609-000-000,2018,9999
1173,Нукутский,Нукутский муниципальный район,Иркутская область,25-629-000-000,2018,9999
1174,Осинский,Осинский муниципальный район,Иркутская область,25-631-000-000,2018,9999
1175,Эхирит-Булагатский,Эхирит-Булагатский муниципальный район,Иркутская область,25-657-000-000,2018,9999
1176,Калининград,городской округ город Калининград,Калининградская область,27-701-000-000,2018,9999
1177,Ладушкинский,городской округ Ладушкинский,Калининградская область,27-711-000-000,2018,9999
1178,Мамоновский,городской округ Мамоновский,Калининградская область,27-712-000-000,2018,9999
1179,Пионерский,городской округ Пионерский,Калининградская область,27-717-000-000,2018,9999
1180,Светловский,городской округ Светловский,Калининградская область,27-725-000-000,2018,9999
1181,Советский,городской округ Советский,Калининградская область,27-730-000-000,2018,9999
1182,Янтарный,городской округ Янтарный,Калининградская область,27-740-000-000,2018,9999
1183,Багратионовский,городской округ Багратионовский,Калининградская область,27-703-000-000,2018,2021
1184,Балтийский,Балтийский муниципальный район,Калининградская область,27-605-000-000,2018,2019
1185,Гвардейский,городской округ Гвардейский,Калининградская область,27-706-000-000,2018,2021
1186,Гурьевский,городской округ Гурьевский,Калининградская область,27-707-000-000,2018,2021
1187,Гусевский,городской округ Гусевский,Калининградская область,27-709-000-000,2018,9999
1188,Зеленоградский,городской округ Зеленоградский,Калининградская область,27-710-000-000,2018,2021
1189,Краснознаменский,городской округ Краснознаменский,Калининградская область,27-713-000-000,2018,2021
1190,Светлогорский,Светлогорский муниципальный район,Калининградская область,27-634-000-000,2018,2019
1191,Неманский,городской округ Неманский,Калининградская область,27-714-000-000,2018,2021
1192,Нестеровский,Нестеровский муниципальный район,Калининградская область,27-624-000-000,2018,2019
1193,Озерский,городской округ Озерский,Калининградская область,27-716-000-000,2018,2021
1194,Полесский,городской округ Полесский,Калининградская область,27-718-000-000,2018,2021
1195,Правдинский,городской округ Правдинский,Калининградская область,27-719-000-000,2018,2021
1196,Славский,городской округ Славский,Калининградская область,27-727-000-000,2018,2021
1197,Черняховский,городской округ Черняховский,Калининградская область,27-739-000-000,2018,2021
1198,Калуга,городской округ город Калуга,Калужская область,29-701-000-000,2018,9999
1199,Обнинск,городской округ город Обнинск,Калужская область,29-715-000-000,2018,2019
1200,Бабынинский,Бабынинский муниципальный район,Калужская область,29-602-000-000,2018,9999
1201,Барятинский,Барятинский муниципальный район,Калужская область,29-604-000-000,2018,9999
1202,Боровский,Боровский муниципальный район,Калужская область,29-606-000-000,2018,2019
1203,Дзержинский,Дзержинский муниципальный район,Калужская область,29-608-000-000,2018,9999
1204,Думиничский,Думиничский муниципальный район,Калужская область,29-610-000-000,2018,9999
1205,Жиздринский,Жиздринский муниципальный район,Калужская область,29-612-000-000,2018,9999
1206,Жуковский,Жуковский муниципальный район,Калужская область,29-613-000-000,2018,9999
1207,Кировский,Кировский муниципальный район,Калужская область,29-614-000-000,2018,9999
1208,Износковский,Износковский муниципальный район,Калужская область,29-615-000-000,2018,9999
1209,Козельский,Козельский муниципальный район,Калужская область,29-616-000-000,2018,9999
1210,Куйбышевский,Куйбышевский муниципальный район,Калужская область,29-618-000-000,2018,9999
1211,Людиновский,Людиновский муниципальный район,Калужская область,29-620-000-000,2018,9999
1212,Малоярославецкий,Малоярославецкий муниципальный район,Калужская область,29-623-000-000,2018,9999
1213,Медынский,Медынский муниципальный район,Калужская область,29-625-000-000,2018,9999
1214,Мещовский,Мещовский муниципальный район,Калужская область,29-627-000-000,2018,9999
1215,Мосальский,Мосальский муниципальный район,Калужская область,29-629-000-000,2018,9999
1216,Перемышльский,Перемышльский муниципальный район,Калужская область,29-632-000-000,2018,9999
1217,Спас-Деменский,Спас-Деменский муниципальный район,Калужская область,29-634-000-000,2018,9999
1218,Сухиничский,Сухиничский муниципальный район,Калужская область,29-636-000-000,2018,9999
1219,Тарусский,Тарусский муниципальный район,Калужская область,29-638-000-000,2018,9999
1220,Ульяновский,Ульяновский муниципальный район,Калужская область,29-642-000-000,2018,9999
1221,Ферзиковский,Ферзиковский муниципальный район,Калужская область,29-644-000-000,2018,9999
1222,Хвастовичский,Хвастовичский муниципальный район,Калужская область,29-646-000-000,2018,9999
1223,Юхновский,Юхновский муниципальный район,Калужская область,29-650-000-000,2018,9999
1224,Кемеровский,городской округ Кемеровский,Кемеровская область,32-701-000-000,2018,9999
1225,Анжеро-Судженский,городской округ Анжеро-Судженский,Кемеровская область,32-704-000-000,2018,9999
1226,Беловский,городской округ Беловский,Кемеровская область,32-707-000-000,2018,9999
1227,Березовский,городской округ Березовский,Кемеровская область,32-710-000-000,2018,9999
1228,Калтанский,городской округ Калтанский,Кемеровская область,32-715-000-000,2018,9999
1229,Киселевский,городской округ Киселевский,Кемеровская область,32-716-000-000,2018,9999
1230,Ленинск-Кузнецкий,городской округ Ленинск-Кузнецкий,Кемеровская область,32-719-000-000,2018,9999
1231,Междуреченский,городской округ Междуреченский,Кемеровская область,32-725-000-000,2018,9999
1232,Мысковский,городской округ Мысковский,Кемеровская область,32-728-000-000,2018,9999
1233,Новокузнецкий,городской округ Новокузнецкий,Кемеровская область,32-731-000-000,2018,9999
1234,Осинниковский,городской округ Осинниковский,Кемеровская область,32-734-000-000,2018,9999
1235,Полысаевский,городской округ Полысаевский,Кемеровская область,32-732-000-000,2018,9999
1236,Прокопьевский,городской округ Прокопьевский,Кемеровская область,32-737-000-000,2018,9999
1237,Тайгинский,городской округ Тайгинский,Кемеровская область,32-740-000-000,2018,9999
1238,Юргинский,городской округ Юргинский,Кемеровская область,32-749-000-000,2018,9999
1239,Краснобродский,городской округ Краснобродский,Кемеровская область,32-751-000-000,2018,2023
1240,Беловский,Беловский муниципальный район,Кемеровская область,32-601-000-000,2018,2022
1241,Гурьевский,Гурьевский муниципальный район,Кемеровская область,32-602-000-000,2018,2020
1242,Ижморский,Ижморский муниципальный район,Кемеровская область,32-604-000-000,2018,2020
1243,Кемеровский,Кемеровский муниципальный район,Кемеровская область,32-607-000-000,2018,2020
1244,Крапивинский,Крапивинский муниципальный район,Кемеровская область,32-610-000-000,2018,2020
1245,Ленинск-Кузнецкий,Ленинск-Кузнецкий муниципальный район,Кемеровская область,32-613-000-000,2018,2020
1246,Мариинский,Мариинский муниципальный район,Кемеровская область,32-616-000-000,2018,2022
1247,Новокузнецкий,Новокузнецкий муниципальный район,Кемеровская область,32-619-000-000,2018,2023
1248,Прокопьевский,Прокопьевский муниципальный район,Кемеровская область,32-622-000-000,2018,2020
1249,Промышленновский,Промышленновский муниципальный район,Кемеровская область,32-625-000-000,2018,2020
1250,Таштагольский,Таштагольский муниципальный район,Кемеровская область,32-627-000-000,2018,9999
1251,Тисульский,Тисульский муниципальный район,Кемеровская область,32-628-000-000,2018,2021
1252,Топкинский,Топкинский муниципальный район,Кемеровская область,32-631-000-000,2018,2020
1253,Тяжинский,Тяжинский муниципальный район,Кемеровская область,32-634-000-000,2018,2020
1254,Чебулинский,Чебулинский муниципальный район,Кемеровская область,32-637-000-000,2018,2020
1255,Юргинский,Юргинский муниципальный район,Кемеровская область,32-640-000-000,2018,2020
1256,Яйский,Яйский муниципальный район,Кемеровская область,32-643-000-000,2018,2020
1257,Яшкинский,Яшкинский муниципальный район,Кемеровская область,32-646-000-000,2018,2020
1258,Киров,городской округ город Киров,Кировская область,33-701-000-000,2018,9999
1259,Вятские Поляны,городской округ город Вятские Поляны,Кировская область,33-704-000-000,2018,9999
1260,Кирово-Чепецк,городской округ город Кирово-Чепецк,Кировская область,33-707-000-000,2018,9999
1261,Котельнич,городской округ город Котельнич,Кировская область,33-710-000-000,2018,9999
1262,Слободской,городской округ город Слободской,Кировская область,33-713-000-000,2018,9999
1263,Первомайский,городской округ ЗАТО Первомайский,Кировская область,33-787-000-000,2018,9999
1264,Арбажский,Арбажский муниципальный район,Кировская область,33-602-000-000,2018,2021
1265,Афанасьевский,Афанасьевский муниципальный район,Кировская область,33-603-000-000,2018,2023
1266,Белохолуницкий,Белохолуницкий муниципальный район,Кировская область,33-605-000-000,2018,9999
1267,Богородский,Богородский муниципальный район,Кировская область,33-606-000-000,2018,2020
1268,Верхнекамский,Верхнекамский муниципальный район,Кировская область,33-607-000-000,2018,2022
1269,Верхошижемский,Верхошижемский муниципальный район,Кировская область,33-608-000-000,2018,9999
1270,Вятскополянский,Вятскополянский муниципальный район,Кировская область,33-610-000-000,2018,9999
1271,Даровской,Даровской муниципальный район,Кировская область,33-612-000-000,2018,9999
1272,Зуевский,Зуевский муниципальный район,Кировская область,33-614-000-000,2018,9999
1273,Кикнурский,Кикнурский муниципальный район,Кировская область,33-616-000-000,2018,2021
1274,Кильмезский,Кильмезский муниципальный район,Кировская область,33-617-000-000,2018,9999
1275,Кирово-Чепецкий,Кирово-Чепецкий муниципальный район,Кировская область,33-618-000-000,2018,9999
1276,Котельничский,Котельничский муниципальный район,Кировская область,33-619-000-000,2018,9999
1277,Куменский,Куменский муниципальный район,Кировская область,33-620-000-000,2018,9999
1278,Лебяжский,Лебяжский муниципальный район,Кировская область,33-621-000-000,2018,2022
1279,Лузский,Лузский муниципальный район,Кировская область,33-622-000-000,2018,2022
1280,Малмыжский,Малмыжский муниципальный район,Кировская область,33-623-000-000,2018,9999
1281,Мурашинский,Мурашинский муниципальный район,Кировская область,33-624-000-000,2018,2022
1282,Нагорский,Нагорский муниципальный район,Кировская область,33-625-000-000,2018,9999
1283,Немский,Немский муниципальный район,Кировская область,33-626-000-000,2018,2022
1284,Нолинский,Нолинский муниципальный район,Кировская область,33-627-000-000,2018,9999
1285,Омутнинский,Омутнинский муниципальный район,Кировская область,33-628-000-000,2018,9999
1286,Опаринский,Опаринский муниципальный район,Кировская область,33-629-000-000,2018,2022
1287,Оричевский,Оричевский муниципальный район,Кировская область,33-630-000-000,2018,9999
1288,Орловский,Орловский муниципальный район,Кировская область,33-645-000-000,2018,9999
1289,Пижанский,Пижанский муниципальный район,Кировская область,33-631-000-000,2018,2022
1290,Подосиновский,Подосиновский муниципальный район,Кировская область,33-632-000-000,2018,9999
1291,Санчурский,Санчурский муниципальный район,Кировская область,33-633-000-000,2018,2020
1292,Свечинский,Свечинский муниципальный район,Кировская область,33-634-000-000,2018,2021
1293,Слободской,Слободской муниципальный район,Кировская область,33-635-000-000,2018,9999
1294,Советский,Советский муниципальный район,Кировская область,33-636-000-000,2018,9999
1295,Сунский,Сунский муниципальный район,Кировская область,33-637-000-000,2018,9999
1296,Тужинский,Тужинский муниципальный район,Кировская область,33-638-000-000,2018,9999
1297,Унинский,Унинский муниципальный район,Кировская область,33-640-000-000,2018,2022
1298,Уржумский,Уржумский муниципальный район,Кировская область,33-641-000-000,2018,9999
1299,Фаленский,Фаленский муниципальный район,Кировская область,33-643-000-000,2018,2021
1300,Шабалинский,Шабалинский муниципальный район,Кировская область,33-647-000-000,2018,9999
1301,Юрьянский,Юрьянский муниципальный район,Кировская область,33-649-000-000,2018,9999
1302,Яранский,Яранский муниципальный район,Кировская область,33-650-000-000,2018,9999
1303,Кострома,городской округ город Кострома,Костромская область,34-701-000-000,2018,9999
1304,Буй,городской округ город Буй,Костромская область,34-705-000-000,2018,9999
1305,Волгореченск,городской округ город Волгореченск,Костромская область,34-706-000-000,2018,9999
1306,Галич,городской округ город Галич,Костромская область,34-708-000-000,2018,9999
1307,Мантурово,городской округ город Мантурово,Костромская область,34-714-000-000,2018,2019
1308,Шарья,городской округ город Шарья,Костромская область,34-730-000-000,2018,9999
1309,Антроповский,Антроповский муниципальный район,Костромская область,34-602-000-000,2018,9999
1310,Буйский,Буйский муниципальный район,Костромская область,34-604-000-000,2018,9999
1311,Вохомский,Вохомский муниципальный район,Костромская область,34-606-000-000,2018,9999
1312,Галичский,Галичский муниципальный район,Костромская область,34-608-000-000,2018,9999
1313,Кадыйский,Кадыйский муниципальный район,Костромская область,34-610-000-000,2018,9999
1314,Кологривский,Кологривский муниципальный район,Костромская область,34-612-000-000,2018,2022
1315,Костромской,Костромской муниципальный район,Костромская область,34-614-000-000,2018,9999
1316,Красносельский,Красносельский муниципальный район,Костромская область,34-616-000-000,2018,9999
1317,Макарьевский,Макарьевский муниципальный район,Костромская область,34-618-000-000,2018,9999
1318,Мантуровский,Мантуровский муниципальный район,Костромская область,34-620-000-000,2018,2019
1319,Межевской,Межевской муниципальный район,Костромская область,34-622-000-000,2018,2022
1320,Нея и Нейский,муниципальный район город Нея и Нейский район,Костромская область,34-624-000-000,2018,2022
1321,Нерехта и Нерехтский,муниципальный район город Нерехта и Нерехтский район,Костромская область,34-626-000-000,2018,9999
1322,Октябрьский,Октябрьский муниципальный район,Костромская область,34-628-000-000,2018,9999
1323,Островский,Островский муниципальный район,Костромская область,34-630-000-000,2018,2024
1324,Павинский,Павинский муниципальный район,Костромская область,34-632-000-000,2018,2024
1325,Парфеньевский,Парфеньевский муниципальный район,Костромская область,34-634-000-000,2018,2022
1326,Поназыревский,Поназыревский муниципальный район,Костромская область,34-636-000-000,2018,2023
1327,Пыщугский,Пыщугский муниципальный район,Костромская область,34-638-000-000,2018,2023
1328,Солигаличский,Солигаличский муниципальный район,Костромская область,34-640-000-000,2018,2024
1329,Судиславский,Судиславский муниципальный район,Костромская область,34-642-000-000,2018,9999
1330,Сусанинский,Сусанинский муниципальный район,Костромская область,34-644-000-000,2018,9999
1331,Чухломский,Чухломский муниципальный район,Костромская область,34-646-000-000,2018,9999
1332,Шарьинский,Шарьинский муниципальный район,Костромская область,34-648-000-000,2018,9999
1333,Курган,городской округ город Курган,Курганская область,37-701-000-000,2018,9999
1334,Шадринск,городской округ город Шадринск,Курганская область,37-705-000-000,2018,9999
1335,Альменевский,Альменевский муниципальный район,Курганская область,37-602-000-000,2018,2022
1336,Белозерский,Белозерский муниципальный район,Курганская область,37-604-000-000,2018,2023
1337,Варгашинский,Варгашинский муниципальный район,Курганская область,37-606-000-000,2018,2024
1338,Далматовский,Далматовский муниципальный район,Курганская область,37-608-000-000,2018,2024
1339,Звериноголовский,Звериноголовский муниципальный район,Курганская область,37-609-000-000,2018,2023
1340,Каргапольский,Каргапольский муниципальный район,Курганская область,37-610-000-000,2018,2023
1341,Катайский,Катайский муниципальный район,Курганская область,37-612-000-000,2018,2024
1342,Кетовский,Кетовский муниципальный район,Курганская область,37-614-000-000,2018,2023
1343,Куртамышский,Куртамышский муниципальный район,Курганская область,37-616-000-000,2018,2022
1344,Лебяжьевский,Лебяжьевский муниципальный район,Курганская область,37-618-000-000,2018,2022
1345,Макушинский,Макушинский муниципальный район,Курганская область,37-620-000-000,2018,2021
1346,Мишкинский,Мишкинский муниципальный район,Курганская область,37-622-000-000,2018,2023
1347,Мокроусовский,Мокроусовский муниципальный район,Курганская область,37-624-000-000,2018,2023
1348,Петуховский,Петуховский муниципальный район,Курганская область,37-626-000-000,2018,2022
1349,Половинский,Половинский муниципальный район,Курганская область,37-628-000-000,2018,2023
1350,Притобольный,Притобольный муниципальный район,Курганская область,37-630-000-000,2018,2024
1351,Сафакулевский,Сафакулевский муниципальный район,Курганская область,37-632-000-000,2018,2023
1352,Целинный,Целинный муниципальный район,Курганская область,37-634-000-000,2018,2022
1353,Частоозерский,Частоозерский муниципальный район,Курганская область,37-636-000-000,2018,2023
1354,Шадринский,Шадринский муниципальный район,Курганская область,37-638-000-000,2018,2023
1355,Шатровский,Шатровский муниципальный район,Курганская область,37-640-000-000,2018,2022
1356,Шумихинский,Шумихинский муниципальный район,Курганская область,37-642-000-000,2018,2021
1357,Щучанский,Щучанский муниципальный район,Курганская область,37-644-000-000,2018,2023
1358,Юргамышский,Юргамышский муниципальный район,Курганская область,37-646-000-000,2018,2023
1359,Курск,городской округ город Курск,Курская область,38-701-000-000,2018,9999
1360,Железногорск,городской округ город Железногорск,Курская область,38-705-000-000,2018,9999
1361,Курчатов,городской округ город Курчатов,Курская область,38-708-000-000,2018,9999
1362,Льгов,городской округ город Льгов,Курская область,38-710-000-000,2018,9999
1363,Щигры,городской округ город Щигры,Курская область,38-715-000-000,2018,9999
1364,Беловский,Беловский муниципальный район,Курская область,38-602-000-000,2018,9999
1365,Большесолдатский,Большесолдатский муниципальный район,Курская область,38-603-000-000,2018,9999
1366,Глушковский,Глушковский муниципальный район,Курская область,38-604-000-000,2018,9999
1367,Горшеченский,Горшеченский муниципальный район,Курская область,38-606-000-000,2018,9999
1368,Дмитриевский,Дмитриевский муниципальный район,Курская область,38-608-000-000,2018,9999
1369,Железногорский,Железногорский муниципальный район,Курская область,38-610-000-000,2018,9999
1370,Золотухинский,Золотухинский муниципальный район,Курская область,38-612-000-000,2018,9999
1371,Касторенский,Касторенский муниципальный район,Курская область,38-614-000-000,2018,9999
1372,Конышевский,Конышевский муниципальный район,Курская область,38-616-000-000,2018,9999
1373,Кореневский,Кореневский муниципальный район,Курская область,38-618-000-000,2018,9999
1374,Курский,Курский муниципальный район,Курская область,38-620-000-000,2018,9999
1375,Курчатовский,Курчатовский муниципальный район,Курская область,38-621-000-000,2018,9999
1376,Льговский,Льговский муниципальный район,Курская область,38-622-000-000,2018,9999
1377,Мантуровский,Мантуровский муниципальный район,Курская область,38-623-000-000,2018,9999
1378,Медвенский,Медвенский муниципальный район,Курская область,38-624-000-000,2018,9999
1379,Обоянский,Обоянский муниципальный район,Курская область,38-626-000-000,2018,9999
1380,Октябрьский,Октябрьский муниципальный район,Курская область,38-628-000-000,2018,9999
1381,Поныровский,Поныровский муниципальный район,Курская область,38-630-000-000,2018,9999
1382,Пристенский,Пристенский муниципальный район,Курская область,38-632-000-000,2018,9999
1383,Рыльский,Рыльский муниципальный район,Курская область,38-634-000-000,2018,9999
1384,Советский,Советский муниципальный район,Курская область,38-636-000-000,2018,9999
1385,Солнцевский,Солнцевский муниципальный район,Курская область,38-638-000-000,2018,9999
1386,Суджанский,Суджанский муниципальный район,Курская область,38-640-000-000,2018,9999
1387,Тимский,Тимский муниципальный район,Курская область,38-642-000-000,2018,9999
1388,Фатежский,Фатежский муниципальный район,Курская область,38-644-000-000,2018,9999
1389,Хомутовский,Хомутовский муниципальный район,Курская область,38-646-000-000,2018,9999
1390,Черемисиновский,Черемисиновский муниципальный район,Курская область,38-648-000-000,2018,9999
1391,Щигровский,Щигровский муниципальный район,Курская область,38-650-000-000,2018,9999
1392,Бокситогорский,Бокситогорский муниципальный район,Ленинградская область,41-603-000-000,2018,9999
1393,Волосовский,Волосовский муниципальный район,Ленинградская область,41-606-000-000,2018,9999
1394,Волховский,Волховский муниципальный район,Ленинградская область,41-609-000-000,2018,9999
1395,Всеволожский,Всеволожский муниципальный район,Ленинградская область,41-612-000-000,2018,9999
1396,Выборгский,Выборгский муниципальный район,Ленинградская область,41-615-000-000,2018,9999
1397,Гатчинский,Гатчинский муниципальный район,Ленинградская область,41-618-000-000,2018,9999
1398,Кингисеппский,Кингисеппский муниципальный район,Ленинградская область,41-621-000-000,2018,9999
1399,Киришский,Киришский муниципальный район,Ленинградская область,41-624-000-000,2018,9999
1400,Кировский,Кировский муниципальный район,Ленинградская область,41-625-000-000,2018,9999
1401,Лодейнопольский,Лодейнопольский муниципальный район,Ленинградская область,41-627-000-000,2018,9999
1402,Ломоносовский,Ломоносовский муниципальный район,Ленинградская область,41-630-000-000,2018,9999
1403,Лужский,Лужский муниципальный район,Ленинградская область,41-633-000-000,2018,9999
1404,Подпорожский,Подпорожский муниципальный район,Ленинградская область,41-636-000-000,2018,9999
1405,Приозерский,Приозерский муниципальный район,Ленинградская область,41-639-000-000,2018,9999
1406,Сланцевский,Сланцевский муниципальный район,Ленинградская область,41-642-000-000,2018,9999
1407,Тихвинский,Тихвинский муниципальный район,Ленинградская область,41-645-000-000,2018,9999
1408,Тосненский,Тосненский муниципальный район,Ленинградская область,41-648-000-000,2018,9999
1409,Сосновоборский,городской округ Сосновоборский,Ленинградская область,41-754-000-000,2018,9999
1410,Липецк,городской округ город Липецк,Липецкая область,42-701-000-000,2018,9999
1411,Елец,городской округ город Елец,Липецкая область,42-715-000-000,2018,9999
1412,Воловский,Воловский муниципальный район,Липецкая область,42-603-000-000,2018,9999
1413,Грязинский,Грязинский муниципальный район,Липецкая область,42-606-000-000,2018,9999
1414,Данковский,Данковский муниципальный район,Липецкая область,42-609-000-000,2018,9999
1415,Добринский,Добринский муниципальный район,Липецкая область,42-612-000-000,2018,9999
1416,Добровский,Добровский муниципальный район,Липецкая область,42-615-000-000,2018,9999
1417,Долгоруковский,Долгоруковский муниципальный район,Липецкая область,42-618-000-000,2018,9999
1418,Елецкий,Елецкий муниципальный район,Липецкая область,42-621-000-000,2018,9999
1419,Задонский,Задонский муниципальный район,Липецкая область,42-624-000-000,2018,9999
1420,Измалковский,Измалковский муниципальный район,Липецкая область,42-627-000-000,2018,9999
1421,Краснинский,Краснинский муниципальный район,Липецкая область,42-630-000-000,2018,9999
1422,Лебедянский,Лебедянский муниципальный район,Липецкая область,42-633-000-000,2018,9999
1423,Лев-Толстовский,Лев-Толстовский муниципальный район,Липецкая область,42-636-000-000,2018,9999
1424,Липецкий,Липецкий муниципальный район,Липецкая область,42-640-000-000,2018,9999
1425,Становлянский,Становлянский муниципальный район,Липецкая область,42-642-000-000,2018,9999
1426,Тербунский,Тербунский муниципальный район,Липецкая область,42-645-000-000,2018,9999
1427,Усманский,Усманский муниципальный район,Липецкая область,42-648-000-000,2018,9999
1428,Хлевенский,Хлевенский муниципальный район,Липецкая область,42-652-000-000,2018,9999
1429,Чаплыгинский,Чаплыгинский муниципальный район,Липецкая область,42-656-000-000,2018,9999
1430,Магадан,городской округ город Магадан,Магаданская область,44-701-000-000,2018,9999
1431,Ольский,городской округ Ольский,Магаданская область,44-702-000-000,2018,2023
1432,Омсукчанский,городской округ Омсукчанский,Магаданская область,44-704-000-000,2018,2023
1433,Северо-Эвенский,городской округ Северо-Эвенский,Магаданская область,44-707-000-000,2018,2023
1434,Среднеканский,городской округ Среднеканский,Магаданская область,44-710-000-000,2018,2023
1435,Сусуманский,городской округ Сусуманский,Магаданская область,44-713-000-000,2018,2023
1436,Тенькинский,городской округ Тенькинский,Магаданская область,44-716-000-000,2018,2023
1437,Хасынский,городской округ Хасынский,Магаданская область,44-719-000-000,2018,2023
1438,Ягоднинский,городской округ Ягоднинский,Магаданская область,44-722-000-000,2018,2023
1439,Балашиха,городской округ Балашиха,Московская область,46-704-000-000,2018,9999
1440,Бронницы,городской округ Бронницы,Московская область,46-705-000-000,2018,9999
1441,Власиха,городской округ Власиха,Московская область,46-773-000-000,2018,9999
1442,Восход,городской округ Восход,Московская область,46-763-000-000,2018,9999
1443,Дзержинский,городской округ Дзержинский,Московская область,46-711-000-000,2018,9999
1444,Долгопрудный,городской округ Долгопрудный,Московская область,46-716-000-000,2018,9999
1445,Домодедово,городской округ Домодедово,Московская область,46-709-000-000,2018,9999
1446,Дубна,городской округ Дубна,Московская область,46-718-000-000,2018,9999
1447,Егорьевск,городской округ Егорьевск,Московская область,46-722-000-000,2018,9999
1448,Жуковский,городской округ Жуковский,Московская область,46-725-000-000,2018,9999
1449,Зарайск,городской округ Зарайск,Московская область,46-729-000-000,2018,9999
1450,Звенигород,городской округ Звенигород,Московская область,46-730-000-000,2018,2020
1451,Звёздный,городской округ Звёздный городок,Московская область,46-774-000-000,2018,9999
1452,Ивантеевка,городской округ Ивантеевка,Московская область,46-732-000-000,2018,2021
1453,Истра,городской округ Истра,Московская область,46-733-000-000,2018,9999
1454,Кашира,городской округ Кашира,Московская область,46-735-000-000,2018,9999
1455,Коломенский,городской округ Коломенский,Московская область,46-738-000-000,2018,2021
1456,Королёв,городской округ Королёв,Московская область,46-734-000-000,2018,9999
1457,Котельники,городской округ Котельники,Московская область,46-739-000-000,2018,9999
1458,Красноармейск,городской округ Красноармейск,Московская область,46-743-000-000,2018,2021
1459,Красногорск,городской округ Красногорск,Московская область,46-744-000-000,2018,9999
1460,Краснознаменск,городской округ Краснознаменск,Московская область,46-706-000-000,2018,9999
1461,Лобня,городской округ Лобня,Московская область,46-740-000-000,2018,9999
1462,Лосино-Петровский,городской округ Лосино-Петровский,Московская область,46-742-000-000,2018,2019
1463,Луховицы,городской округ Луховицы,Московская область,46-747-000-000,2018,9999
1464,Лыткарино,городской округ Лыткарино,Московская область,46-741-000-000,2018,9999
1465,Люберцы,городской округ Люберцы,Московская область,46-748-000-000,2018,9999
1466,Молодёжный,городской округ Молодёжный,Московская область,46-761-000-000,2018,9999
1467,Мытищи,городской округ Мытищи,Московская область,46-746-000-000,2018,9999
1468,Наро-Фоминский,городской округ Наро-Фоминский,Московская область,46-750-000-000,2018,9999
1469,Озёры,городской округ Озёры,Московская область,46-756-000-000,2018,2021
1470,Орехово-Зуево,городской округ Орехово-Зуево,Московская область,46-757-000-000,2018,2020
1471,Павловский Посад,городской округ Павловский Посад,Московская область,46-759-000-000,2018,2024
1472,Подольск,городской округ Подольск,Московская область,46-760-000-000,2018,9999
1473,Протвино,городской округ Протвино,Московская область,46-767-000-000,2018,9999
1474,Пущино,городской округ Пущино,Московская область,46-762-000-000,2018,9999
1475,Реутов,городской округ Реутов,Московская область,46-764-000-000,2018,9999
1476,Рошаль,городской округ Рошаль,Московская область,46-765-000-000,2018,2021
1477,Рузский,городской округ Рузский,Московская область,46-766-000-000,2018,9999
1478,Серебряные Пруды,городской округ Серебряные Пруды,Московская область,46-772-000-000,2018,9999
1479,Серпухов,городской округ Серпухов,Московская область,46-770-000-000,2018,2019
1480,Ступино,городской округ Ступино,Московская область,46-776-000-000,2018,9999
1481,Фрязино,городской округ Фрязино,Московская область,46-780-000-000,2018,9999
1482,Химки,городской округ Химки,Московская область,46-783-000-000,2018,2023
1483,Черноголовка,городской округ Черноголовка,Московская область,46-781-000-000,2018,9999
1484,Чехов,городской округ Чехов,Московская область,46-784-000-000,2018,9999
1485,Шатура,городской округ Шатура,Московская область,46-786-000-000,2018,2021
1486,Шаховская,городской округ Шаховская,Московская область,46-787-000-000,2018,9999
1487,Электрогорск,городской округ Электрогорск,Московская область,46-791-000-000,2018,2024
1488,Электросталь,городской округ Электросталь,Московская область,46-790-000-000,2018,9999
1489,Волоколамский,Волоколамский муниципальный район,Московская область,46-605-000-000,2018,2020
1490,Воскресенский,Воскресенский муниципальный район,Московская область,46-606-000-000,2018,2020
1491,Дмитровский,Дмитровский муниципальный район,Московская область,46-608-000-000,2018,2019
1492,Клинский,Клинский муниципальный район,Московская область,46-621-000-000,2018,2019
1493,Ленинский,Ленинский муниципальный район,Московская область,46-628-000-000,2018,2021
1494,Лотошинский,Лотошинский муниципальный район,Московская область,46-629-000-000,2018,2020
1495,Можайский,Можайский муниципальный район,Московская область,46-633-000-000,2018,2019
1496,Ногинский,Ногинский муниципальный район,Московская область,46-639-000-000,2018,2019
1497,Одинцовский,Одинцовский муниципальный район,Московская область,46-641-000-000,2018,2020
1498,Орехово-Зуевский,Орехово-Зуевский муниципальный район,Московская область,46-643-000-000,2018,2019
1499,Пушкинский,Пушкинский муниципальный район,Московская область,46-647-000-000,2018,2020
1500,Раменский,Раменский муниципальный район,Московская область,46-648-000-000,2018,2020
1501,Сергиево-Посадский,Сергиево-Посадский муниципальный район,Московская область,46-615-000-000,2018,2020
1502,Серпуховский,Серпуховский муниципальный район,Московская область,46-651-000-000,2018,2019
1503,Солнечногорский,Солнечногорский муниципальный район,Московская область,46-652-000-000,2018,2020
1504,Талдомский,Талдомский муниципальный район,Московская область,46-654-000-000,2018,2019
1505,Щёлковский,Щёлковский муниципальный район,Московская область,46-659-000-000,2018,2019
1506,Мурманск,городской округ город Мурманск,Мурманская область,47-701-000-000,2018,9999
1507,Апатиты,городской округ город Апатиты,Мурманская область,47-705-000-000,2018,2021
1508,Кировск,городской округ город Кировск,Мурманская область,47-712-000-000,2018,2021
1509,Мончегорск,городской округ город Мончегорск,Мурманская область,47-715-000-000,2018,2021
1510,Оленегорск,городской округ город Оленегорск,Мурманская область,47-717-000-000,2018,2021
1511,Полярные Зори,городской округ город Полярные Зори,Мурманская область,47-719-000-000,2018,2021
1512,Ковдорский,городской округ Ковдорский район,Мурманская область,47-703-000-000,2018,2021
1513,Александровск,городской округ ЗАТО Александровск,Мурманская область,47-737-000-000,2018,9999
1514,Видяево,городской округ ЗАТО поселок Видяево,Мурманская область,47-735-000-000,2018,9999
1515,Заозерск,городской округ ЗАТО город Заозерск,Мурманская область,47-733-000-000,2018,9999
1516,Островной,городской округ ЗАТО город Островной,Мурманская область,47-731-000-000,2018,9999
1517,Североморск,городской округ ЗАТО город Североморск,Мурманская область,47-730-000-000,2018,9999
1518,Кандалакшский,Кандалакшский муниципальный район,Мурманская область,47-608-000-000,2018,9999
1519,Кольский,Кольский муниципальный район,Мурманская область,47-605-000-000,2018,9999
1520,Ловозерский,Ловозерский муниципальный район,Мурманская область,47-610-000-000,2018,9999
1521,Печенгский,Печенгский муниципальный район,Мурманская область,47-615-000-000,2018,2021
1522,Терский,Терский муниципальный район,Мурманская область,47-620-000-000,2018,9999
1523,Нижний Новгород,городской округ город Нижний Новгород,Нижегородская область,22-701-000-000,2018,9999
1524,Арзамас,городской округ город Арзамас,Нижегородская область,22-703-000-000,2018,2023
1525,Бор,городской округ город Бор,Нижегородская область,22-712-000-000,2018,9999
1526,Выкса,городской округ город Выкса,Нижегородская область,22-715-000-000,2018,9999
1527,Дзержинск,городской округ город Дзержинск,Нижегородская область,22-721-000-000,2018,9999
1528,Кулебаки,городской округ город Кулебаки,Нижегородская область,22-727-000-000,2018,9999
1529,Навашинский,городской округ Навашинский,Нижегородская область,22-730-000-000,2018,9999
1530,Перевозский,городской округ Перевозский,Нижегородская область,22-739-000-000,2018,9999
1531,Саров,городской округ ЗАТО город Саров,Нижегородская область,22-704-000-000,2018,9999
1532,Семеновский,городской округ Семеновский,Нижегородская область,22-737-000-000,2018,9999
1533,Шахунья,городской округ город Шахунья,Нижегородская область,22-758-000-000,2018,9999
1534,Первомайск,городской округ город Первомайск,Нижегородская область,22-734-000-000,2018,9999
1535,Сокольский,городской округ Сокольский,Нижегородская область,22-749-000-000,2018,9999
1536,Чкаловск,городской округ город Чкаловск,Нижегородская область,22-755-000-000,2018,9999
1537,Ардатовский,Ардатовский муниципальный район,Нижегородская область,22-602-000-000,2018,2023
1538,Арзамасский,Арзамасский муниципальный район,Нижегородская область,22-603-000-000,2018,2023
1539,Балахнинский,Балахнинский муниципальный район,Нижегородская область,22-605-000-000,2018,2021
1540,Богородский,Богородский муниципальный район,Нижегородская область,22-607-000-000,2018,2021
1541,Большеболдинский,Большеболдинский муниципальный район,Нижегородская область,22-609-000-000,2018,2023
1542,Большемурашкинский,Большемурашкинский муниципальный район,Нижегородская область,22-610-000-000,2018,2023
1543,Бутурлинский,Бутурлинский муниципальный район,Нижегородская область,22-612-000-000,2018,2021
1544,Вадский,Вадский муниципальный район,Нижегородская область,22-614-000-000,2018,2021
1545,Варнавинский,Варнавинский муниципальный район,Нижегородская область,22-615-000-000,2018,2023
1546,Вачский,Вачский муниципальный район,Нижегородская область,22-617-000-000,2018,2023
1547,Ветлужский,Ветлужский муниципальный район,Нижегородская область,22-618-000-000,2018,2023
1548,Вознесенский,Вознесенский муниципальный район,Нижегородская область,22-619-000-000,2018,2023
1549,Володарский,Володарский муниципальный район,Нижегородская область,22-631-000-000,2018,2023
1550,Воротынский,Воротынский муниципальный район,Нижегородская область,22-621-000-000,2018,2020
1551,Воскресенский,Воскресенский муниципальный район,Нижегородская область,22-622-000-000,2018,2023
1552,Гагинский,Гагинский муниципальный район,Нижегородская область,22-626-000-000,2018,2023
1553,Городецкий,Городецкий муниципальный район,Нижегородская область,22-628-000-000,2018,2023
1554,Дальнеконстантиновский,Дальнеконстантиновский муниципальный район,Нижегородская область,22-630-000-000,2018,2023
1555,Дивеевский,Дивеевский муниципальный район,Нижегородская область,22-632-000-000,2018,2021
1556,Княгининский,Княгининский муниципальный район,Нижегородская область,22-633-000-000,2018,2023
1557,Ковернинский,Ковернинский муниципальный район,Нижегородская область,22-634-000-000,2018,2021
1558,Краснобаковский,Краснобаковский муниципальный район,Нижегородская область,22-635-000-000,2018,2023
1559,Краснооктябрьский,Краснооктябрьский муниципальный район,Нижегородская область,22-636-000-000,2018,2023
1560,Кстовский,Кстовский муниципальный район,Нижегородская область,22-637-000-000,2018,2022
1561,Лукояновский,Лукояновский муниципальный район,Нижегородская область,22-639-000-000,2018,2023
1562,Лысковский,Лысковский муниципальный район,Нижегородская область,22-640-000-000,2018,2021
1563,Павловский,Павловский муниципальный район,Нижегородская область,22-642-000-000,2018,2021
1564,Пильнинский,Пильнинский муниципальный район,Нижегородская область,22-645-000-000,2018,2023
1565,Починковский,Починковский муниципальный район,Нижегородская область,22-646-000-000,2018,2021
1566,Сергачский,Сергачский муниципальный район,Нижегородская область,22-648-000-000,2018,2023
1567,Сеченовский,Сеченовский муниципальный район,Нижегородская область,22-649-000-000,2018,2023
1568,Сосновский,Сосновский муниципальный район,Нижегородская область,22-650-000-000,2018,2023
1569,Спасский,Спасский муниципальный район,Нижегородская область,22-651-000-000,2018,2023
1570,Тонкинский,Тонкинский муниципальный район,Нижегородская область,22-652-000-000,2018,2023
1571,Тоншаевский,Тоншаевский муниципальный район,Нижегородская область,22-653-000-000,2018,2021
1572,Уренский,Уренский муниципальный район,Нижегородская область,22-654-000-000,2018,2021
1573,Шарангский,Шарангский муниципальный район,Нижегородская область,22-656-000-000,2018,2023
1574,Шатковский,Шатковский муниципальный район,Нижегородская область,22-657-000-000,2018,2023
1575,Великий Новгород,городской округ Великий Новгород,Новгородская область,49-701-000-000,2018,9999
1576,Батецкий,Батецкий муниципальный район,Новгородская область,49-603-000-000,2018,9999
1577,Боровичский,Боровичский муниципальный район,Новгородская область,49-606-000-000,2018,9999
1578,Валдайский,Валдайский муниципальный район,Новгородская область,49-608-000-000,2018,9999
1579,Волотовский,Волотовский муниципальный район,Новгородская область,49-610-000-000,2018,2021
1580,Демянский,Демянский муниципальный район,Новгородская область,49-612-000-000,2018,2024
1581,Крестецкий,Крестецкий муниципальный район,Новгородская область,49-614-000-000,2018,2024
1582,Любытинский,Любытинский муниципальный район,Новгородская область,49-616-000-000,2018,9999
1583,Маловишерский,Маловишерский муниципальный район,Новгородская область,49-620-000-000,2018,9999
1584,Марёвский,Марёвский муниципальный район,Новгородская область,49-623-000-000,2018,2021
1585,Мошенской,Мошенской муниципальный район,Новгородская область,49-624-000-000,2018,2024
1586,Новгородский,Новгородский муниципальный район,Новгородская область,49-625-000-000,2018,9999
1587,Окуловский,Окуловский муниципальный район,Новгородская область,49-628-000-000,2018,9999
1588,Парфинский,Парфинский муниципальный район,Новгородская область,49-630-000-000,2018,9999
1589,Пестовский,Пестовский муниципальный район,Новгородская область,49-632-000-000,2018,2024
1590,Поддорский,Поддорский муниципальный район,Новгородская область,49-634-000-000,2018,9999
1591,Солецкий,Солецкий муниципальный район,Новгородская область,49-638-000-000,2018,2021
1592,Старорусский,Старорусский муниципальный район,Новгородская область,49-639-000-000,2018,9999
1593,Хвойнинский,Хвойнинский муниципальный район,Новгородская область,49-645-000-000,2018,2021
1594,Холмский,Холмский муниципальный район,Новгородская область,49-647-000-000,2018,9999
1595,Чудовский,Чудовский муниципальный район,Новгородская область,49-650-000-000,2018,9999
1596,Шимский,Шимский муниципальный район,Новгородская область,49-655-000-000,2018,9999
1597,Новосибирск,городской округ город Новосибирск,Новосибирская область,50-701-000-000,2018,9999
1598,Бердск,городской округ город Бердск,Новосибирская область,50-708-000-000,2018,9999
1599,Искитим,городской округ город Искитим,Новосибирская область,50-712-000-000,2018,9999
1600,Обь,городской округ город Обь,Новосибирская область,50-717-000-000,2018,9999
1601,Кольцово,городской округ рабочий поселок Кольцово,Новосибирская область,50-740-000-000,2018,9999
1602,Баганский,Баганский муниципальный район,Новосибирская область,50-603-000-000,2018,9999
1603,Барабинский,Барабинский муниципальный район,Новосибирская область,50-604-000-000,2018,9999
1604,Болотнинский,Болотнинский муниципальный район,Новосибирская область,50-606-000-000,2018,9999
1605,Венгеровский,Венгеровский муниципальный район,Новосибирская область,50-608-000-000,2018,9999
1606,Доволенский,Доволенский муниципальный район,Новосибирская область,50-610-000-000,2018,9999
1607,Здвинский,Здвинский муниципальный район,Новосибирская область,50-613-000-000,2018,9999
1608,Искитимский,Искитимский муниципальный район,Новосибирская область,50-615-000-000,2018,9999
1609,Карасукский,Карасукский муниципальный район,Новосибирская область,50-617-000-000,2018,9999
1610,Каргатский,Каргатский муниципальный район,Новосибирская область,50-619-000-000,2018,9999
1611,Колыванский,Колыванский муниципальный район,Новосибирская область,50-621-000-000,2018,9999
1612,Коченевский,Коченевский муниципальный район,Новосибирская область,50-623-000-000,2018,9999
1613,Кочковский,Кочковский муниципальный район,Новосибирская область,50-625-000-000,2018,9999
1614,Краснозерский,Краснозерский муниципальный район,Новосибирская область,50-627-000-000,2018,9999
1615,Куйбышевский,Куйбышевский муниципальный район,Новосибирская область,50-630-000-000,2018,9999
1616,Купинский,Купинский муниципальный район,Новосибирская область,50-632-000-000,2018,9999
1617,Кыштовский,Кыштовский муниципальный район,Новосибирская область,50-634-000-000,2018,9999
1618,Маслянинский,Маслянинский муниципальный район,Новосибирская область,50-636-000-000,2018,9999
1619,Мошковский,Мошковский муниципальный район,Новосибирская область,50-638-000-000,2018,9999
1620,Новосибирский,Новосибирский муниципальный район,Новосибирская область,50-640-000-000,2018,9999
1621,Ордынский,Ордынский муниципальный район,Новосибирская область,50-642-000-000,2018,9999
1622,Северный,Северный муниципальный район,Новосибирская область,50-644-000-000,2018,9999
1623,Сузунский,Сузунский муниципальный район,Новосибирская область,50-648-000-000,2018,9999
1624,Татарский,Татарский муниципальный район,Новосибирская область,50-650-000-000,2018,9999
1625,Тогучинский,Тогучинский муниципальный район,Новосибирская область,50-652-000-000,2018,9999
1626,Убинский,Убинский муниципальный район,Новосибирская область,50-654-000-000,2018,9999
1627,Усть-Таркский,Усть-Таркский муниципальный район,Новосибирская область,50-655-000-000,2018,9999
1628,Чановский,Чановский муниципальный район,Новосибирская область,50-656-000-000,2018,9999
1629,Черепановский,Черепановский муниципальный район,Новосибирская область,50-657-000-000,2018,9999
1630,Чистоозерный,Чистоозерный муниципальный район,Новосибирская область,50-658-000-000,2018,9999
1631,Чулымский,Чулымский муниципальный район,Новосибирская область,50-659-000-000,2018,9999
1632,Омск,городской округ город Омск,Омская область,52-701-000-000,2018,9999
1633,Азовский немецкий,Азовский немецкий национальный муниципальный район,Омская область,52-601-000-000,2018,9999
1634,Большереченский,Большереченский муниципальный район,Омская область,52-603-000-000,2018,9999
1635,Большеуковский,Большеуковский муниципальный район,Омская область,52-606-000-000,2018,9999
1636,Горьковский,Горьковский муниципальный район,Омская область,52-609-000-000,2018,9999
1637,Знаменский,Знаменский муниципальный район,Омская область,52-612-000-000,2018,9999
1638,Исилькульский,Исилькульский муниципальный район,Омская область,52-615-000-000,2018,9999
1639,Калачинский,Калачинский муниципальный район,Омская область,52-618-000-000,2018,9999
1640,Колосовский,Колосовский муниципальный район,Омская область,52-621-000-000,2018,9999
1641,Кормиловский,Кормиловский муниципальный район,Омская область,52-623-000-000,2018,9999
1642,Крутинский,Крутинский муниципальный район,Омская область,52-626-000-000,2018,9999
1643,Любинский,Любинский муниципальный район,Омская область,52-629-000-000,2018,9999
1644,Марьяновский,Марьяновский муниципальный район,Омская область,52-630-000-000,2018,9999
1645,Москаленский,Москаленский муниципальный район,Омская область,52-632-000-000,2018,9999
1646,Муромцевский,Муромцевский муниципальный район,Омская область,52-634-000-000,2018,9999
1647,Называевский,Называевский муниципальный район,Омская область,52-636-000-000,2018,9999
1648,Нижнеомский,Нижнеомский муниципальный район,Омская область,52-639-000-000,2018,9999
1649,Нововаршавский,Нововаршавский муниципальный район,Омская область,52-641-000-000,2018,9999
1650,Одесский,Одесский муниципальный район,Омская область,52-642-000-000,2018,9999
1651,Оконешниковский,Оконешниковский муниципальный район,Омская область,52-643-000-000,2018,9999
1652,Омский,Омский муниципальный район,Омская область,52-644-000-000,2018,9999
1653,Павлоградский,Павлоградский муниципальный район,Омская область,52-646-000-000,2018,9999
1654,Полтавский,Полтавский муниципальный район,Омская область,52-648-000-000,2018,9999
1655,Русско-Полянский,Русско-Полянский муниципальный район,Омская область,52-650-000-000,2018,9999
1656,Саргатский,Саргатский муниципальный район,Омская область,52-651-000-000,2018,9999
1657,Седельниковский,Седельниковский муниципальный район,Омская область,52-652-000-000,2018,9999
1658,Таврический,Таврический муниципальный район,Омская область,52-653-000-000,2018,9999
1659,Тарский,Тарский муниципальный район,Омская область,52-654-000-000,2018,9999
1660,Тевризский,Тевризский муниципальный район,Омская область,52-655-000-000,2018,9999
1661,Тюкалинский,Тюкалинский муниципальный район,Омская область,52-656-000-000,2018,9999
1662,Усть-Ишимский,Усть-Ишимский муниципальный район,Омская область,52-657-000-000,2018,9999
1663,Черлакский,Черлакский муниципальный район,Омская область,52-658-000-000,2018,9999
1664,Шербакульский,Шербакульский муниципальный район,Омская область,52-659-000-000,2018,9999
1665,Оренбург,городской округ город Оренбург,Оренбургская область,53-701-000-000,2018,9999
1666,Абдулинский,городской округ Абдулинский,Оренбургская область,53-704-000-000,2018,9999
1667,Бугуруслан,городской округ город Бугуруслан,Оренбургская область,53-708-000-000,2018,9999
1668,Бузулук,городской округ город Бузулук,Оренбургская область,53-712-000-000,2018,9999
1669,Гайский,городской округ Гайский,Оренбургская область,53-713-000-000,2018,9999
1670,Кувандыкский,городской округ Кувандыкский,Оренбургская область,53-714-000-000,2018,9999
1671,Медногорск,городской округ город Медногорск,Оренбургская область,53-715-000-000,2018,9999
1672,Новотроицк,городской округ город Новотроицк,Оренбургская область,53-720-000-000,2018,9999
1673,Орск,городской округ город Орск,Оренбургская область,53-723-000-000,2018,9999
1674,Соль-Илецкий,городской округ Соль-Илецкий,Оренбургская область,53-725-000-000,2018,9999
1675,Сорочинский,городской округ Сорочинский,Оренбургская область,53-727-000-000,2018,9999
1676,Ясненский,городской округ Ясненский,Оренбургская область,53-732-000-000,2018,9999
1677,Комаровский,городской округ ЗАТО поселок Комаровский,Оренбургская область,53-755-000-000,2018,9999
1678,Адамовский,Адамовский муниципальный район,Оренбургская область,53-604-000-000,2018,9999
1679,Акбулакский,Акбулакский муниципальный район,Оренбургская область,53-605-000-000,2018,9999
1680,Александровский,Александровский муниципальный район,Оренбургская область,53-606-000-000,2018,9999
1681,Асекеевский,Асекеевский муниципальный район,Оренбургская область,53-607-000-000,2018,9999
1682,Беляевский,Беляевский муниципальный район,Оренбургская область,53-610-000-000,2018,9999
1683,Бугурусланский,Бугурусланский муниципальный район,Оренбургская область,53-611-000-000,2018,9999
1684,Бузулукский,Бузулукский муниципальный район,Оренбургская область,53-612-000-000,2018,9999
1685,Грачёвский,Грачёвский муниципальный район,Оренбургская область,53-615-000-000,2018,9999
1686,Домбаровский,Домбаровский муниципальный район,Оренбургская область,53-617-000-000,2018,9999
1687,Илекский,Илекский муниципальный район,Оренбургская область,53-619-000-000,2018,9999
1688,Кваркенский,Кваркенский муниципальный район,Оренбургская область,53-622-000-000,2018,9999
1689,Красногвардейский,Красногвардейский муниципальный район,Оренбургская область,53-623-000-000,2018,9999
1690,Курманаевский,Курманаевский муниципальный район,Оренбургская область,53-625-000-000,2018,9999
1691,Матвеевский,Матвеевский муниципальный район,Оренбургская область,53-627-000-000,2018,9999
1692,Новоорский,Новоорский муниципальный район,Оренбургская область,53-630-000-000,2018,9999
1693,Новосергиевский,Новосергиевский муниципальный район,Оренбургская область,53-631-000-000,2018,9999
1694,Октябрьский,Октябрьский муниципальный район,Оренбургская область,53-633-000-000,2018,9999
1695,Оренбургский,Оренбургский муниципальный район,Оренбургская область,53-634-000-000,2018,9999
1696,Первомайский,Первомайский муниципальный район,Оренбургская область,53-636-000-000,2018,9999
1697,Переволоцкий,Переволоцкий муниципальный район,Оренбургская область,53-637-000-000,2018,9999
1698,Пономарёвский,Пономарёвский муниципальный район,Оренбургская область,53-638-000-000,2018,9999
1699,Сакмарский,Сакмарский муниципальный район,Оренбургская область,53-640-000-000,2018,9999
1700,Саракташский,Саракташский муниципальный район,Оренбургская область,53-641-000-000,2018,9999
1701,Светлинский,Светлинский муниципальный район,Оренбургская область,53-642-000-000,2018,9999
1702,Северный,Северный муниципальный район,Оренбургская область,53-643-000-000,2018,9999
1703,Ташлинский,Ташлинский муниципальный район,Оренбургская область,53-651-000-000,2018,9999
1704,Тоцкий,Тоцкий муниципальный район,Оренбургская область,53-652-000-000,2018,9999
1705,Тюльганский,Тюльганский муниципальный район,Оренбургская область,53-653-000-000,2018,9999
1706,Шарлыкский,Шарлыкский муниципальный район,Оренбургская область,53-656-000-000,2018,9999
1707,Орёл,городской округ город Орёл,Орловская область,54-701-000-000,2018,9999
1708,Ливны,городской округ город Ливны,Орловская область,54-705-000-000,2018,9999
1709,Мценск,городской округ город Мценск,Орловская область,54-710-000-000,2018,9999
1710,Болховский,Болховский муниципальный район,Орловская область,54-604-000-000,2018,9999
1711,Верховский,Верховский муниципальный район,Орловская область,54-608-000-000,2018,9999
1712,Глазуновский,Глазуновский муниципальный район,Орловская область,54-610-000-000,2018,9999
1713,Дмитровский,Дмитровский муниципальный район,Орловская область,54-612-000-000,2018,9999
1714,Должанский,Должанский муниципальный район,Орловская область,54-615-000-000,2018,9999
1715,Залегощенский,Залегощенский муниципальный район,Орловская область,54-618-000-000,2018,9999
1716,Знаменский,Знаменский муниципальный район,Орловская область,54-620-000-000,2018,9999
1717,Колпнянский,Колпнянский муниципальный район,Орловская область,54-623-000-000,2018,9999
1718,Краснозоренский,Краснозоренский муниципальный район,Орловская область,54-624-000-000,2018,9999
1719,Кромской,Кромской муниципальный район,Орловская область,54-625-000-000,2018,9999
1720,Корсаковский,Корсаковский муниципальный район,Орловская область,54-626-000-000,2018,9999
1721,Ливенский,Ливенский муниципальный район,Орловская область,54-629-000-000,2018,9999
1722,Малоархангельский,Малоархангельский муниципальный район,Орловская область,54-632-000-000,2018,9999
1723,Мценский,Мценский муниципальный район,Орловская область,54-636-000-000,2018,9999
1724,Новодеревеньковский,Новодеревеньковский муниципальный район,Орловская область,54-639-000-000,2018,9999
1725,Новосильский,Новосильский муниципальный район,Орловская область,54-643-000-000,2018,9999
1726,Орловский,Орловский муниципальный район,Орловская область,54-647-000-000,2018,2022
1727,Покровский,Покровский муниципальный район,Орловская область,54-650-000-000,2018,9999
1728,Свердловский,Свердловский муниципальный район,Орловская область,54-652-000-000,2018,9999
1729,Сосковский,Сосковский муниципальный район,Орловская область,54-653-000-000,2018,9999
1730,Троснянский,Троснянский муниципальный район,Орловская область,54-654-000-000,2018,9999
1731,Урицкий,Урицкий муниципальный район,Орловская область,54-655-000-000,2018,9999
1732,Хотынецкий,Хотынецкий муниципальный район,Орловская область,54-657-000-000,2018,9999
1733,Шаблыкинский,Шаблыкинский муниципальный район,Орловская область,54-659-000-000,2018,9999
1734,Пенза,городской округ город Пенза,Пензенская область,56-701-000-000,2018,9999
1735,Кузнецк,городской округ город Кузнецк,Пензенская область,56-705-000-000,2018,9999
1736,Заречный,городской округ ЗАТО город Заречный,Пензенская область,56-734-000-000,2018,9999
1737,Башмаковский,Башмаковский муниципальный район,Пензенская область,56-603-000-000,2018,9999
1738,Бековский,Бековский муниципальный район,Пензенская область,56-609-000-000,2018,9999
1739,Белинский,Белинский муниципальный район,Пензенская область,56-612-000-000,2018,9999
1740,Бессоновский,Бессоновский муниципальный район,Пензенская область,56-613-000-000,2018,9999
1741,Вадинский,Вадинский муниципальный район,Пензенская область,56-615-000-000,2018,9999
1742,Городищенский,Городищенский муниципальный район,Пензенская область,56-618-000-000,2018,9999
1743,Земетчинский,Земетчинский муниципальный район,Пензенская область,56-623-000-000,2018,9999
1744,Иссинский,Иссинский муниципальный район,Пензенская область,56-626-000-000,2018,9999
1745,Каменский,Каменский муниципальный район,Пензенская область,56-629-000-000,2018,9999
1746,Камешкирский,Камешкирский муниципальный район,Пензенская область,56-631-000-000,2018,9999
1747,Колышлейский,Колышлейский муниципальный район,Пензенская область,56-633-000-000,2018,9999
1748,Кузнецкий,Кузнецкий муниципальный район,Пензенская область,56-640-000-000,2018,9999
1749,Лопатинский,Лопатинский муниципальный район,Пензенская область,56-642-000-000,2018,9999
1750,Лунинский,Лунинский муниципальный район,Пензенская область,56-643-000-000,2018,9999
1751,Малосердобинский,Малосердобинский муниципальный район,Пензенская область,56-644-000-000,2018,9999
1752,Мокшанский,Мокшанский муниципальный район,Пензенская область,56-645-000-000,2018,9999
1753,Наровчатский,Наровчатский муниципальный район,Пензенская область,56-647-000-000,2018,9999
1754,Неверкинский,Неверкинский муниципальный район,Пензенская область,56-649-000-000,2018,9999
1755,Нижнеломовский,Нижнеломовский муниципальный район,Пензенская область,56-651-000-000,2018,9999
1756,Никольский,Никольский муниципальный район,Пензенская область,56-653-000-000,2018,9999
1757,Пачелмский,Пачелмский муниципальный район,Пензенская область,56-654-000-000,2018,9999
1758,Пензенский,Пензенский муниципальный район,Пензенская область,56-655-000-000,2018,9999
1759,Сердобский,Сердобский муниципальный район,Пензенская область,56-656-000-000,2018,9999
1760,Сосновоборский,Сосновоборский муниципальный район,Пензенская область,56-657-000-000,2018,9999
1761,Спасский,Спасский муниципальный район,Пензенская область,56-606-000-000,2018,9999
1762,Тамалинский,Тамалинский муниципальный район,Пензенская область,56-658-000-000,2018,9999
1763,Шемышейский,Шемышейский муниципальный район,Пензенская область,56-659-000-000,2018,9999
1764,Псков,городской округ город Псков,Псковская область,58-701-000-000,2018,9999
1765,Великие Луки,городской округ город Великие Луки,Псковская область,58-710-000-000,2018,9999
1766,Бежаницкий,Бежаницкий муниципальный район,Псковская область,58-604-000-000,2018,9999
1767,Великолукский,Великолукский муниципальный район,Псковская область,58-606-000-000,2018,9999
1768,Гдовский,Гдовский муниципальный район,Псковская область,58-608-000-000,2018,9999
1769,Дедовичский,Дедовичский муниципальный район,Псковская область,58-610-000-000,2018,9999
1770,Дновский,Дновский муниципальный район,Псковская область,58-612-000-000,2018,9999
1771,Красногородский,Красногородский муниципальный район,Псковская область,58-614-000-000,2018,2024
1772,Куньинский,Куньинский муниципальный район,Псковская область,58-616-000-000,2018,9999
1773,Локнянский,Локнянский муниципальный район,Псковская область,58-618-000-000,2018,2024
1774,Невельский,Невельский муниципальный район,Псковская область,58-620-000-000,2018,2024
1775,Новоржевский,Новоржевский муниципальный район,Псковская область,58-623-000-000,2018,2024
1776,Новосокольнический,Новосокольнический муниципальный район,Псковская область,58-626-000-000,2018,9999
1777,Опочецкий,Опочецкий муниципальный район,Псковская область,58-629-000-000,2018,2024
1778,Островский,Островский муниципальный район,Псковская область,58-633-000-000,2018,9999
1779,Палкинский,Палкинский муниципальный район,Псковская область,58-637-000-000,2018,9999
1780,Печорский,Печорский муниципальный район,Псковская область,58-640-000-000,2018,2024
1781,Плюсский,Плюсский муниципальный район,Псковская область,58-643-000-000,2018,9999
1782,Порховский,Порховский муниципальный район,Псковская область,58-647-000-000,2018,9999
1783,Псковский,Псковский муниципальный район,Псковская область,58-649-000-000,2018,9999
1784,Пустошкинский,Пустошкинский муниципальный район,Псковская область,58-650-000-000,2018,9999
1785,Пушкиногорский,Пушкиногорский муниципальный район,Псковская область,58-651-000-000,2018,9999
1786,Пыталовский,Пыталовский муниципальный район,Псковская область,58-653-000-000,2018,2024
1787,Себежский,Себежский муниципальный район,Псковская область,58-654-000-000,2018,9999
1788,Струго-Красненский,Струго-Красненский муниципальный район,Псковская область,58-656-000-000,2018,2024
1789,Усвятский,Усвятский муниципальный район,Псковская область,58-658-000-000,2018,9999
1790,Ростов-на-Дону,городской округ город Ростов-на-Дону,Ростовская область,60-701-000-000,2018,9999
1791,Азов,городской округ город Азов,Ростовская область,60-704-000-000,2018,9999
1792,Батайск,городской округ город Батайск,Ростовская область,60-707-000-000,2018,9999
1793,Волгодонск,городской округ город Волгодонск,Ростовская область,60-712-000-000,2018,9999
1794,Гуково,городской округ город Гуково,Ростовская область,60-715-000-000,2018,9999
1795,Донецк,городской округ город Донецк,Ростовская область,60-717-000-000,2018,9999
1796,Зверево,городской округ город Зверево,Ростовская область,60-718-000-000,2018,9999
1797,Каменск-Шахтинский,городской округ город Каменск-Шахтинский,Ростовская область,60-719-000-000,2018,9999
1798,Новочеркасск,городской округ город Новочеркасск,Ростовская область,60-727-000-000,2018,9999
1799,Новошахтинск,городской округ город Новошахтинск,Ростовская область,60-730-000-000,2018,9999
1800,Таганрог,городской округ город Таганрог,Ростовская область,60-737-000-000,2018,9999
1801,Шахты,городской округ город Шахты,Ростовская область,60-740-000-000,2018,9999
1802,Азовский,Азовский муниципальный район,Ростовская область,60-601-000-000,2018,9999
1803,Аксайский,Аксайский муниципальный район,Ростовская область,60-602-000-000,2018,9999
1804,Багаевский,Багаевский муниципальный район,Ростовская область,60-605-000-000,2018,9999
1805,Белокалитвинский,Белокалитвинский муниципальный район,Ростовская область,60-606-000-000,2018,9999
1806,Боковский,Боковский муниципальный район,Ростовская область,60-607-000-000,2018,9999
1807,Верхнедонской,Верхнедонской муниципальный район,Ростовская область,60-608-000-000,2018,9999
1808,Веселовский,Веселовский муниципальный район,Ростовская область,60-609-000-000,2018,9999
1809,Волгодонской,Волгодонской муниципальный район,Ростовская область,60-612-000-000,2018,9999
1810,Дубовский,Дубовский муниципальный район,Ростовская область,60-613-000-000,2018,9999
1811,Егорлыкский,Егорлыкский муниципальный район,Ростовская область,60-615-000-000,2018,9999
1812,Заветинский,Заветинский муниципальный район,Ростовская область,60-617-000-000,2018,9999
1813,Зерноградский,Зерноградский муниципальный район,Ростовская область,60-618-000-000,2018,9999
1814,Зимовниковский,Зимовниковский муниципальный район,Ростовская область,60-619-000-000,2018,9999
1815,Кагальницкий,Кагальницкий муниципальный район,Ростовская область,60-622-000-000,2018,9999
1816,Каменский,Каменский муниципальный район,Ростовская область,60-623-000-000,2018,9999
1817,Кашарский,Кашарский муниципальный район,Ростовская область,60-624-000-000,2018,9999
1818,Константиновский,Константиновский муниципальный район,Ростовская область,60-625-000-000,2018,9999
1819,Красносулинский,Красносулинский муниципальный район,Ростовская область,60-626-000-000,2018,9999
1820,Куйбышевский,Куйбышевский муниципальный район,Ростовская область,60-627-000-000,2018,9999
1821,Мартыновский,Мартыновский муниципальный район,Ростовская область,60-630-000-000,2018,9999
1822,Матвеево-Курганский,Матвеево-Курганский муниципальный район,Ростовская область,60-631-000-000,2018,9999
1823,Миллеровский,Миллеровский муниципальный район,Ростовская область,60-632-000-000,2018,9999
1824,Милютинский,Милютинский муниципальный район,Ростовская область,60-633-000-000,2018,9999
1825,Морозовский,Морозовский муниципальный район,Ростовская область,60-634-000-000,2018,9999
1826,Мясниковский,Мясниковский муниципальный район,Ростовская область,60-635-000-000,2018,9999
1827,Неклиновский,Неклиновский муниципальный район,Ростовская область,60-636-000-000,2018,9999
1828,Обливский,Обливский муниципальный район,Ростовская область,60-640-000-000,2018,9999
1829,Октябрьский,Октябрьский муниципальный район,Ростовская область,60-641-000-000,2018,9999
1830,Орловский,Орловский муниципальный район,Ростовская область,60-642-000-000,2018,9999
1831,Песчанокопский,Песчанокопский муниципальный район,Ростовская область,60-644-000-000,2018,9999
1832,Пролетарский,Пролетарский муниципальный район,Ростовская область,60-645-000-000,2018,9999
1833,Ремонтненский,Ремонтненский муниципальный район,Ростовская область,60-647-000-000,2018,9999
1834,Родионово-Несветайский,Родионово-Несветайский муниципальный район,Ростовская область,60-648-000-000,2018,9999
1835,Сальский,Сальский муниципальный район,Ростовская область,60-650-000-000,2018,9999
1836,Семикаракорский,Семикаракорский муниципальный район,Ростовская область,60-651-000-000,2018,9999
1837,Советский,Советский муниципальный район,Ростовская область,60-652-000-000,2018,9999
1838,Тарасовский,Тарасовский муниципальный район,Ростовская область,60-653-000-000,2018,9999
1839,Тацинский,Тацинский муниципальный район,Ростовская область,60-654-000-000,2018,9999
1840,Усть-Донецкий,Усть-Донецкий муниципальный район,Ростовская область,60-655-000-000,2018,9999
1841,Целинский,Целинский муниципальный район,Ростовская область,60-656-000-000,2018,9999
1842,Цимлянский,Цимлянский муниципальный район,Ростовская область,60-657-000-000,2018,9999
1843,Чертковский,Чертковский муниципальный район,Ростовская область,60-658-000-000,2018,9999
1844,Шолоховский,Шолоховский муниципальный район,Ростовская область,60-659-000-000,2018,9999
1845,Рязань,городской округ город Рязань,Рязанская область,61-701-000-000,2018,9999
1846,Касимов,городской округ город Касимов,Рязанская область,61-705-000-000,2018,9999
1847,Сасово,городской округ город Сасово,Рязанская область,61-710-000-000,2018,2024
1848,Скопин,городской округ город Скопин,Рязанская область,61-715-000-000,2018,9999
1849,Ермишинский,Ермишинский муниципальный район,Рязанская область,61-602-000-000,2018,9999
1850,Захаровский,Захаровский муниципальный район,Рязанская область,61-604-000-000,2018,9999
1851,Кадомский,Кадомский муниципальный район,Рязанская область,61-606-000-000,2018,9999
1852,Касимовский,Касимовский муниципальный район,Рязанская область,61-608-000-000,2018,9999
1853,Клепиковский,Клепиковский муниципальный район,Рязанская область,61-610-000-000,2018,9999
1854,Кораблинский,Кораблинский муниципальный район,Рязанская область,61-612-000-000,2018,9999
1855,Милославский,Милославский муниципальный район,Рязанская область,61-615-000-000,2018,9999
1856,Михайловский,Михайловский муниципальный район,Рязанская область,61-617-000-000,2018,9999
1857,Александро-Невский,Александро-Невский муниципальный район,Рязанская область,61-620-000-000,2018,9999
1858,Пителинский,Пителинский муниципальный район,Рязанская область,61-623-000-000,2018,9999
1859,Пронский,Пронский муниципальный район,Рязанская область,61-625-000-000,2018,9999
1860,Путятинский,Путятинский муниципальный район,Рязанская область,61-626-000-000,2018,2024
1861,Рыбновский,Рыбновский муниципальный район,Рязанская область,61-627-000-000,2018,9999
1862,Ряжский,Ряжский муниципальный район,Рязанская область,61-630-000-000,2018,2024
1863,Рязанский,Рязанский муниципальный район,Рязанская область,61-634-000-000,2018,9999
1864,Сапожковский,Сапожковский муниципальный район,Рязанская область,61-637-000-000,2018,9999
1865,Сараевский,Сараевский муниципальный район,Рязанская область,61-640-000-000,2018,9999
1866,Сасовский,Сасовский муниципальный район,Рязанская область,61-642-000-000,2018,2024
1867,Скопинский,Скопинский муниципальный район,Рязанская область,61-644-000-000,2018,9999
1868,Спасский,Спасский муниципальный район,Рязанская область,61-646-000-000,2018,9999
1869,Старожиловский,Старожиловский муниципальный район,Рязанская область,61-648-000-000,2018,9999
1870,Ухоловский,Ухоловский муниципальный район,Рязанская область,61-650-000-000,2018,9999
1871,Чучковский,Чучковский муниципальный район,Рязанская область,61-653-000-000,2018,9999
1872,Шацкий,Шацкий муниципальный район,Рязанская область,61-656-000-000,2018,9999
1873,Шиловский,Шиловский муниципальный район,Рязанская область,61-658-000-000,2018,9999
1874,Самара,городской округ Самара,Самарская область,36-701-000-000,2018,9999
1875,Жигулевск,городской округ Жигулевск,Самарская область,36-704-000-000,2018,9999
1876,Кинель,городской округ Кинель,Самарская область,36-708-000-000,2018,9999
1877,Новокуйбышевск,городской округ Новокуйбышевск,Самарская область,36-713-000-000,2018,9999
1878,Октябрьск,городской округ Октябрьск,Самарская область,36-718-000-000,2018,9999
1879,Отрадный,городской округ Отрадный,Самарская область,36-724-000-000,2018,9999
1880,Похвистнево,городской округ Похвистнево,Самарская область,36-727-000-000,2018,9999
1881,Сызрань,городской округ Сызрань,Самарская область,36-735-000-000,2018,9999
1882,Тольятти,городской округ Тольятти,Самарская область,36-740-000-000,2018,9999
1883,Чапаевск,городской округ Чапаевск,Самарская область,36-750-000-000,2018,9999
1884,Алексеевский,Алексеевский муниципальный район,Самарская область,36-602-000-000,2018,9999
1885,Безенчукский,Безенчукский муниципальный район,Самарская область,36-604-000-000,2018,9999
1886,Богатовский,Богатовский муниципальный район,Самарская область,36-606-000-000,2018,9999
1887,Большеглушицкий,Большеглушицкий муниципальный район,Самарская область,36-608-000-000,2018,9999
1888,Большечерниговский,Большечерниговский муниципальный район,Самарская область,36-610-000-000,2018,9999
1889,Борский,Борский муниципальный район,Самарская область,36-612-000-000,2018,9999
1890,Волжский,Волжский муниципальный район,Самарская область,36-614-000-000,2018,9999
1891,Елховский,Елховский муниципальный район,Самарская область,36-615-000-000,2018,9999
1892,Исаклинский,Исаклинский муниципальный район,Самарская область,36-616-000-000,2018,9999
1893,Камышлинский,Камышлинский муниципальный район,Самарская область,36-617-000-000,2018,9999
1894,Кинельский,Кинельский муниципальный район,Самарская область,36-618-000-000,2018,9999
1895,Кинель-Черкасский,Кинель-Черкасский муниципальный район,Самарская область,36-620-000-000,2018,9999
1896,Клявлинский,Клявлинский муниципальный район,Самарская область,36-622-000-000,2018,9999
1897,Кошкинский,Кошкинский муниципальный район,Самарская область,36-624-000-000,2018,9999
1898,Красноармейский,Красноармейский муниципальный район,Самарская область,36-626-000-000,2018,9999
1899,Красноярский,Красноярский муниципальный район,Самарская область,36-628-000-000,2018,9999
1900,Нефтегорский,Нефтегорский муниципальный район,Самарская область,36-630-000-000,2018,9999
1901,Пестравский,Пестравский муниципальный район,Самарская область,36-632-000-000,2018,9999
1902,Похвистневский,Похвистневский муниципальный район,Самарская область,36-634-000-000,2018,9999
1903,Приволжский,Приволжский муниципальный район,Самарская область,36-636-000-000,2018,9999
1904,Сергиевский,Сергиевский муниципальный район,Самарская область,36-638-000-000,2018,9999
1905,Ставропольский,Ставропольский муниципальный район,Самарская область,36-640-000-000,2018,9999
1906,Сызранский,Сызранский муниципальный район,Самарская область,36-642-000-000,2018,9999
1907,Хворостянский,Хворостянский муниципальный район,Самарская область,36-644-000-000,2018,9999
1908,Челно-Вершинский,Челно-Вершинский муниципальный район,Самарская область,36-646-000-000,2018,9999
1909,Шенталинский,Шенталинский муниципальный район,Самарская область,36-648-000-000,2018,9999
1910,Шигонский,Шигонский муниципальный район,Самарская область,36-650-000-000,2018,9999
1911,Саратов,городской округ город Саратов,Саратовская область,63-701-000-000,2018,2022
1912,Шиханы,городской округ ЗАТО Шиханы,Саратовская область,63-746-000-000,2018,2020
1913,Михайловский,городской округ ЗАТО Михайловский,Саратовская область,63-760-000-000,2018,2020
1914,Светлый,городской округ ЗАТО Светлый,Саратовская область,63-775-000-000,2018,9999
1915,Александрово-Гайский,Александрово-Гайский муниципальный район,Саратовская область,63-602-000-000,2018,9999
1916,Аркадакский,Аркадакский муниципальный район,Саратовская область,63-603-000-000,2018,9999
1917,Аткарский,Аткарский муниципальный район,Саратовская область,63-604-000-000,2018,9999
1918,Базарно-Карабулакский,Базарно-Карабулакский муниципальный район,Саратовская область,63-606-000-000,2018,9999
1919,Балаковский,Балаковский муниципальный район,Саратовская область,63-607-000-000,2018,9999
1920,Балашовский,Балашовский муниципальный район,Саратовская область,63-608-000-000,2018,9999
1921,Балтайский,Балтайский муниципальный район,Саратовская область,63-609-000-000,2018,9999
1922,Вольский,Вольский муниципальный район,Саратовская область,63-611-000-000,2018,9999
1923,Воскресенский,Воскресенский муниципальный район,Саратовская область,63-612-000-000,2018,9999
1924,Дергачевский,Дергачевский муниципальный район,Саратовская область,63-613-000-000,2018,9999
1925,Духовницкий,Духовницкий муниципальный район,Саратовская область,63-614-000-000,2018,9999
1926,Екатериновский,Екатериновский муниципальный район,Саратовская область,63-616-000-000,2018,9999
1927,Ершовский,Ершовский муниципальный район,Саратовская область,63-617-000-000,2018,9999
1928,Ивантеевский,Ивантеевский муниципальный район,Саратовская область,63-619-000-000,2018,9999
1929,Калининский,Калининский муниципальный район,Саратовская область,63-621-000-000,2018,9999
1930,Красноармейский,Красноармейский муниципальный район,Саратовская область,63-622-000-000,2018,9999
1931,Краснокутский,Краснокутский муниципальный район,Саратовская область,63-623-000-000,2018,9999
1932,Краснопартизанский,Краснопартизанский муниципальный район,Саратовская область,63-624-000-000,2018,9999
1933,Лысогорский,Лысогорский муниципальный район,Саратовская область,63-625-000-000,2018,9999
1934,Марксовский,Марксовский муниципальный район,Саратовская область,63-626-000-000,2018,9999
1935,Новобурасский,Новобурасский муниципальный район,Саратовская область,63-629-000-000,2018,9999
1936,Новоузенский,Новоузенский муниципальный район,Саратовская область,63-630-000-000,2018,9999
1937,Озинский,Озинский муниципальный район,Саратовская область,63-632-000-000,2018,9999
1938,Перелюбский,Перелюбский муниципальный район,Саратовская область,63-634-000-000,2018,9999
1939,Петровский,Петровский муниципальный район,Саратовская область,63-635-000-000,2018,9999
1940,Питерский,Питерский муниципальный район,Саратовская область,63-636-000-000,2018,9999
1941,Пугачевский,Пугачевский муниципальный район,Саратовская область,63-637-000-000,2018,9999
1942,Ровенский,Ровенский муниципальный район,Саратовская область,63-639-000-000,2018,9999
1943,Романовский,Романовский муниципальный район,Саратовская область,63-640-000-000,2018,9999
1944,Ртищевский,Ртищевский муниципальный район,Саратовская область,63-641-000-000,2018,9999
1945,Самойловский,Самойловский муниципальный район,Саратовская область,63-642-000-000,2018,9999
1946,Саратовский,Саратовский муниципальный район,Саратовская область,63-643-000-000,2018,2022
1947,Советский,Советский муниципальный район,Саратовская область,63-644-000-000,2018,9999
1948,Татищевский,Татищевский муниципальный район,Саратовская область,63-646-000-000,2018,9999
1949,Турковский,Турковский муниципальный район,Саратовская область,63-647-000-000,2018,9999
1950,Федоровский,Федоровский муниципальный район,Саратовская область,63-648-000-000,2018,9999
1951,Хвалынский,Хвалынский муниципальный район,Саратовская область,63-649-000-000,2018,9999
1952,Энгельсский,Энгельсский муниципальный район,Саратовская область,63-650-000-000,2018,9999
1953,Южно-Сахалинск,городской округ город Южно-Сахалинск,Сахалинская область,64-701-000-000,2018,9999
1954,Александровск-Сахалинский,городской округ Александровск-Сахалинский район,Сахалинская область,64-704-000-000,2018,9999
1955,Анивский,городской округ Анивский,Сахалинская область,64-708-000-000,2018,9999
1956,Долинский,городской округ Долинский,Сахалинская область,64-712-000-000,2018,9999
1957,Корсаковский,городской округ Корсаковский,Сахалинская область,64-716-000-000,2018,9999
1958,Курильский,городской округ Курильский,Сахалинская область,64-720-000-000,2018,9999
1959,Макаровский,городской округ Макаровский,Сахалинская область,64-724-000-000,2018,9999
1960,Невельский,городской округ Невельский,Сахалинская область,64-728-000-000,2018,9999
1961,Ногликский,городской округ Ногликский,Сахалинская область,64-732-000-000,2018,9999
1962,Охинский,городской округ Охинский,Сахалинская область,64-736-000-000,2018,9999
1963,Поронайский,городской округ Поронайский,Сахалинская область,64-740-000-000,2018,9999
1964,Северо-Курильский,городской округ Северо-Курильский,Сахалинская область,64-743-000-000,2018,9999
1965,Смирныховский,городской округ Смирныховский,Сахалинская область,64-746-000-000,2018,9999
1966,Томаринский,городской округ Томаринский,Сахалинская область,64-748-000-000,2018,9999
1967,Тымовский,городской округ Тымовский,Сахалинская область,64-750-000-000,2018,9999
1968,Углегорский,городской округ Углегорский,Сахалинская область,64-752-000-000,2018,9999
1969,Холмский,городской округ Холмский,Сахалинская область,64-754-000-000,2018,9999
1970,Южно-Курильский,городской округ Южно-Курильский,Сахалинская область,64-756-000-000,2018,9999
1971,Екатеринбург,городской округ город Екатеринбург,Свердловская область,65-701-000-000,2018,9999
1972,Алапаевск,городской округ город Алапаевск,Свердловская область,65-728-000-000,2018,9999
1973,Артемовский,городской округ Артемовский,Свердловская область,65-703-000-000,2018,9999
1974,Асбестовский,городской округ Асбестовский,Свердловская область,65-730-000-000,2018,9999
1975,Малышевский,городской округ Малышевский,Свердловская область,65-762-000-000,2018,9999
1976,Рефтинский,городской округ Рефтинский,Свердловская область,65-763-000-000,2018,9999
1977,Березовский,городской округ Березовский,Свердловская область,65-731-000-000,2018,9999
1978,Богданович,городской округ Богданович,Свердловская область,65-707-000-000,2018,9999
1979,Верхняя Пышма,городской округ Верхняя Пышма,Свердловская область,65-732-000-000,2018,9999
1980,Среднеуральск,городской округ Среднеуральск,Свердловская область,65-757-000-000,2018,9999
1981,Верхнесалдинский,городской округ Верхнесалдинский,Свердловская область,65-708-000-000,2018,9999
1982,Заречный,городской округ Заречный,Свердловская область,65-737-000-000,2018,9999
1983,Ивдельский,городской округ Ивдельский,Свердловская область,65-738-000-000,2018,9999
1984,Пелым,городской округ Пелым,Свердловская область,65-764-000-000,2018,9999
1985,Ирбит,городской округ город Ирбит,Свердловская область,65-739-000-000,2018,9999
1986,Каменск-Уральский,городской округ город Каменск-Уральский,Свердловская область,65-740-000-000,2018,9999
1987,Камышловский,городской округ Камышловский,Свердловская область,65-741-000-000,2018,9999
1988,Карпинск,городской округ Карпинск,Свердловская область,65-742-000-000,2018,9999
1989,Волчанский,городской округ Волчанский,Свердловская область,65-735-000-000,2018,9999
1990,Качканарский,городской округ Качканарский,Свердловская область,65-743-000-000,2018,9999
1991,Кировградский,городской округ Кировградский,Свердловская область,65-744-000-000,2018,9999
1992,Верхний Тагил,городской округ Верхний Тагил,Свердловская область,65-733-000-000,2018,9999
1993,Краснотурьинск,городской округ Краснотурьинск,Свердловская область,65-745-000-000,2018,9999
1994,Красноуральск,городской округ Красноуральск,Свердловская область,65-746-000-000,2018,9999
1995,Красноуфимск,городской округ Красноуфимск,Свердловская область,65-747-000-000,2018,9999
1996,Кушвинский,городской округ Кушвинский,Свердловская область,65-748-000-000,2018,9999
1997,Верхняя Тура,городской округ Верхняя Тура,Свердловская область,65-734-000-000,2018,9999
1998,Лесной,городской округ город Лесной,Свердловская область,65-749-000-000,2018,9999
1999,Невьянский,городской округ Невьянский,Свердловская область,65-714-000-000,2018,9999
2000,Нижний Тагил,городской округ город Нижний Тагил,Свердловская область,65-751-000-000,2018,9999
2001,Нижняя Салда,городской округ Нижняя Салда,Свердловская область,65-750-000-000,2018,9999
2002,Нижнетуринский,городской округ Нижнетуринский,Свердловская область,65-715-000-000,2018,9999
2003,Новоуральский,городской округ Новоуральский,Свердловская область,65-752-000-000,2018,9999
2004,Первоуральск,городской округ Первоуральск,Свердловская область,65-753-000-000,2018,9999
2005,Полевской,городской округ Полевской,Свердловская область,65-754-000-000,2018,9999
2006,Ревда,городской округ Ревда,Свердловская область,65-719-000-000,2018,9999
2007,Дегтярск,городской округ Дегтярск,Свердловская область,65-736-000-000,2018,9999
2008,Режевской,городской округ Режевской,Свердловская область,65-720-000-000,2018,9999
2009,Североуральский,городской округ Североуральский,Свердловская область,65-755-000-000,2018,9999
2010,Серовский,городской округ Серовский,Свердловская область,65-756-000-000,2018,9999
2011,Сухой Лог,городской округ Сухой Лог,Свердловская область,65-758-000-000,2018,9999
2012,Тавдинский,городской округ Тавдинский,Свердловская область,65-723-000-000,2018,9999
2013,Свободный,городской округ ЗАТО Свободный,Свердловская область,65-765-000-000,2018,9999
2014,Уральский,городской округ поселок Уральский,Свердловская область,65-767-000-000,2018,9999
2015,Алапаевское,городской округ Алапаевское,Свердловская область,65-771-000-000,2018,9999
2016,Махнёвское,городской округ Махнёвское,Свердловская область,65-769-000-000,2018,9999
2017,Артинский,городской округ Артинский,Свердловская область,65-704-000-000,2018,9999
2018,Ачитский,городской округ Ачитский,Свердловская область,65-705-000-000,2018,9999
2019,Белоярский,городской округ Белоярский,Свердловская область,65-706-000-000,2018,9999
2020,Верхнее Дуброво,городской округ Верхнее Дуброво,Свердловская область,65-760-000-000,2018,9999
2021,Верхотурский,городской округ Верхотурский,Свердловская область,65-709-000-000,2018,9999
2022,Гаринский,городской округ Гаринский,Свердловская область,65-710-000-000,2018,9999
2023,Ирбитское,городской округ Ирбитское,Свердловская область,65-711-000-000,2018,9999
2024,Каменский,городской округ Каменский,Свердловская область,65-712-000-000,2018,9999
2025,Красноуфимский,городской округ Красноуфимский округ,Свердловская область,65-713-000-000,2018,9999
2026,Верх-Нейвинский,городской округ Верх-Нейвинский,Свердловская область,65-761-000-000,2018,9999
2027,Бисертский,городской округ Бисертский,Свердловская область,65-759-000-000,2018,9999
2028,Новолялинский,городской округ Новолялинский,Свердловская область,65-716-000-000,2018,9999
2029,Горноуральский,городской округ Горноуральский,Свердловская область,65-717-000-000,2018,9999
2030,Пышминский,городской округ Пышминский,Свердловская область,65-718-000-000,2018,9999
2031,Сосьвинский,городской округ Сосьвинский,Свердловская область,65-721-000-000,2018,9999
2032,Сысертский,городской округ Сысертский,Свердловская область,65-722-000-000,2018,9999
2033,Арамильский,городской округ Арамильский,Свердловская область,65-729-000-000,2018,9999
2034,Талицкий,городской округ Талицкий,Свердловская область,65-724-000-000,2018,9999
2035,Тугулымский,городской округ Тугулымский,Свердловская область,65-725-000-000,2018,9999
2036,Туринский,городской округ Туринский,Свердловская область,65-726-000-000,2018,9999
2037,Шалинский,городской округ Шалинский,Свердловская область,65-727-000-000,2018,9999
2038,Староуткинск,городской округ Староуткинск,Свердловская область,65-766-000-000,2018,9999
2039,Байкаловский,Байкаловский муниципальный район,Свердловская область,65-608-000-000,2018,9999
2040,Камышловский,Камышловский муниципальный район,Свердловская область,65-623-000-000,2018,9999
2041,Слободо-Туринский,Слободо-Туринский муниципальный район,Свердловская область,65-639-000-000,2018,9999
2042,Нижнесергинский,Нижнесергинский муниципальный район,Свердловская область,65-628-000-000,2018,9999
2043,Таборинский,Таборинский муниципальный район,Свердловская область,65-645-000-000,2018,9999
2044,Смоленск,городской округ город Смоленск,Смоленская область,66-701-000-000,2018,9999
2045,Десногорск,городской округ город Десногорск,Смоленская область,66-710-000-000,2018,9999
2046,Велижский,Велижский муниципальный район,Смоленская область,66-603-000-000,2018,9999
2047,Вяземский,Вяземский муниципальный район,Смоленская область,66-605-000-000,2018,9999
2048,Гагаринский,Гагаринский муниципальный район,Смоленская область,66-608-000-000,2018,9999
2049,Глинковский,Глинковский муниципальный район,Смоленская область,66-609-000-000,2018,9999
2050,Демидовский,Демидовский муниципальный район,Смоленская область,66-611-000-000,2018,9999
2051,Дорогобужский,Дорогобужский муниципальный район,Смоленская область,66-614-000-000,2018,9999
2052,Духовщинский,Духовщинский муниципальный район,Смоленская область,66-616-000-000,2018,9999
2053,Ельнинский,Ельнинский муниципальный район,Смоленская область,66-619-000-000,2018,9999
2054,Ершичский,Ершичский муниципальный район,Смоленская область,66-621-000-000,2018,9999
2055,Кардымовский,Кардымовский муниципальный район,Смоленская область,66-623-000-000,2018,9999
2056,Краснинский,Краснинский муниципальный район,Смоленская область,66-624-000-000,2018,9999
2057,Монастырщинский,Монастырщинский муниципальный район,Смоленская область,66-627-000-000,2018,9999
2058,Новодугинский,Новодугинский муниципальный район,Смоленская область,66-630-000-000,2018,9999
2059,Починковский,Починковский муниципальный район,Смоленская область,66-633-000-000,2018,9999
2060,Рославльский,Рославльский муниципальный район,Смоленская область,66-636-000-000,2018,9999
2061,Руднянский,Руднянский муниципальный район,Смоленская область,66-638-000-000,2018,9999
2062,Сафоновский,Сафоновский муниципальный район,Смоленская область,66-641-000-000,2018,9999
2063,Смоленский,Смоленский муниципальный район,Смоленская область,66-644-000-000,2018,9999
2064,Сычевский,Сычевский муниципальный район,Смоленская область,66-646-000-000,2018,9999
2065,Темкинский,Темкинский муниципальный район,Смоленская область,66-648-000-000,2018,9999
2066,Угранский,Угранский муниципальный район,Смоленская область,66-650-000-000,2018,9999
2067,Хиславичский,Хиславичский муниципальный район,Смоленская область,66-652-000-000,2018,9999
2068,Холм-Жирковский,Холм-Жирковский муниципальный район,Смоленская область,66-654-000-000,2018,9999
2069,Шумячский,Шумячский муниципальный район,Смоленская область,66-656-000-000,2018,9999
2070,Ярцевский,Ярцевский муниципальный район,Смоленская область,66-658-000-000,2018,9999
2071,Тамбов,городской округ город Тамбов,Тамбовская область,68-701-000-000,2018,2023
2072,Кирсанов,городской округ город Кирсанов,Тамбовская область,68-705-000-000,2018,9999
2073,Котовск,городской округ город Котовск,Тамбовская область,68-710-000-000,2018,9999
2074,Мичуринск,городской округ город Мичуринск,Тамбовская область,68-715-000-000,2018,9999
2075,Моршанск,городской округ город Моршанск,Тамбовская область,68-720-000-000,2018,9999
2076,Рассказово,городской округ город Рассказово,Тамбовская область,68-725-000-000,2018,9999
2077,Уварово,городской округ город Уварово,Тамбовская область,68-730-000-000,2018,9999
2078,Бондарский,Бондарский муниципальный район,Тамбовская область,68-602-000-000,2018,2024
2079,Гавриловский,Гавриловский муниципальный район,Тамбовская область,68-603-000-000,2018,2024
2080,Жердевский,Жердевский муниципальный район,Тамбовская область,68-604-000-000,2018,2024
2081,Знаменский,Знаменский муниципальный район,Тамбовская область,68-606-000-000,2018,2024
2082,Инжавинский,Инжавинский муниципальный район,Тамбовская область,68-608-000-000,2018,2024
2083,Кирсановский,Кирсановский муниципальный район,Тамбовская область,68-610-000-000,2018,2024
2084,Мичуринский,Мичуринский муниципальный район,Тамбовская область,68-612-000-000,2018,2024
2085,Мордовский,Мордовский муниципальный район,Тамбовская область,68-614-000-000,2018,2024
2086,Моршанский,Моршанский муниципальный район,Тамбовская область,68-616-000-000,2018,2024
2087,Мучкапский,Мучкапский муниципальный район,Тамбовская область,68-618-000-000,2018,2024
2088,Никифоровский,Никифоровский муниципальный район,Тамбовская область,68-620-000-000,2018,2024
2089,Первомайский,Первомайский муниципальный район,Тамбовская область,68-622-000-000,2018,2024
2090,Петровский,Петровский муниципальный район,Тамбовская область,68-624-000-000,2018,2024
2091,Пичаевский,Пичаевский муниципальный район,Тамбовская область,68-626-000-000,2018,2024
2092,Рассказовский,Рассказовский муниципальный район,Тамбовская область,68-628-000-000,2018,2024
2093,Ржаксинский,Ржаксинский муниципальный район,Тамбовская область,68-630-000-000,2018,2024
2094,Сампурский,Сампурский муниципальный район,Тамбовская область,68-632-000-000,2018,2024
2095,Сосновский,Сосновский муниципальный район,Тамбовская область,68-634-000-000,2018,2024
2096,Староюрьевский,Староюрьевский муниципальный район,Тамбовская область,68-636-000-000,2018,2024
2097,Тамбовский,Тамбовский муниципальный район,Тамбовская область,68-640-000-000,2018,2023
2098,Токарёвский,Токарёвский муниципальный район,Тамбовская область,68-642-000-000,2018,2024
2099,Уваровский,Уваровский муниципальный район,Тамбовская область,68-644-000-000,2018,2024
2100,Умётский,Умётский муниципальный район,Тамбовская область,68-646-000-000,2018,2024
2101,Тверь,городской округ город Тверь,Тверская область,28-701-000-000,2018,9999
2102,Вышний Волочек,городской округ город Вышний Волочек,Тверская область,28-714-000-000,2018,2020
2103,Кимры,городской округ город Кимры,Тверская область,28-726-000-000,2018,2023
2104,Озерный,городской округ ЗАТО Озерный,Тверская область,28-753-000-000,2018,9999
2105,Осташковский,городской округ Осташковский,Тверская область,28-752-000-000,2018,9999
2106,Ржев,городской округ город Ржев,Тверская область,28-745-000-000,2018,2023
2107,Солнечный,городской округ ЗАТО Солнечный,Тверская область,28-756-000-000,2018,9999
2108,Торжок,городской округ город Торжок,Тверская область,28-750-000-000,2018,9999
2109,Удомельский,городской округ Удомельский,Тверская область,28-751-000-000,2018,9999
2110,Андреапольский,Андреапольский муниципальный район,Тверская область,28-602-000-000,2018,2020
2111,Бежецкий,Бежецкий муниципальный район,Тверская область,28-604-000-000,2018,2024
2112,Бельский,Бельский муниципальный район,Тверская область,28-606-000-000,2018,2023
2113,Бологовский,Бологовский муниципальный район,Тверская область,28-608-000-000,2018,2024
2114,Весьегонский,Весьегонский муниципальный район,Тверская область,28-610-000-000,2018,2020
2115,Вышневолоцкий,Вышневолоцкий муниципальный район,Тверская область,28-612-000-000,2018,2020
2116,Жарковский,Жарковский муниципальный район,Тверская область,28-614-000-000,2018,2023
2117,Западнодвинский,Западнодвинский муниципальный район,Тверская область,28-616-000-000,2018,2021
2118,Зубцовский,Зубцовский муниципальный район,Тверская область,28-618-000-000,2018,2023
2119,Калининский,Калининский муниципальный район,Тверская область,28-620-000-000,2018,2024
2120,Калязинский,Калязинский муниципальный район,Тверская область,28-622-000-000,2018,2024
2121,Кашинский,Кашинский муниципальный район,Тверская область,28-624-000-000,2018,2019
2122,Кесовогорский,Кесовогорский муниципальный район,Тверская область,28-626-000-000,2018,2023
2123,Кимрский,Кимрский муниципальный район,Тверская область,28-628-000-000,2018,2023
2124,Конаковский,Конаковский муниципальный район,Тверская область,28-630-000-000,2018,2024
2125,Краснохолмский,Краснохолмский муниципальный район,Тверская область,28-632-000-000,2018,2021
2126,Кувшиновский,Кувшиновский муниципальный район,Тверская область,28-634-000-000,2018,2024
2127,Лесной,Лесной муниципальный район,Тверская область,28-636-000-000,2018,2021
2128,Лихославльский,Лихославльский муниципальный район,Тверская область,28-638-000-000,2018,2022
2129,Максатихинский,Максатихинский муниципальный район,Тверская область,28-640-000-000,2018,2023
2130,Молоковский,Молоковский муниципальный район,Тверская область,28-642-000-000,2018,2022
2131,Нелидовский,Нелидовский муниципальный район,Тверская область,28-643-000-000,2018,2019
2132,Оленинский,Оленинский муниципальный район,Тверская область,28-644-000-000,2018,2020
2133,Пеновский,Пеновский муниципальный район,Тверская область,28-646-000-000,2018,2021
2134,Рамешковский,Рамешковский муниципальный район,Тверская область,28-647-000-000,2018,2022
2135,Ржевский,Ржевский муниципальный район,Тверская область,28-648-000-000,2018,2023
2136,Сандовский,Сандовский муниципальный район,Тверская область,28-649-000-000,2018,2021
2137,Селижаровский,Селижаровский муниципальный район,Тверская область,28-650-000-000,2018,2021
2138,Сонковский,Сонковский муниципальный район,Тверская область,28-651-000-000,2018,2023
2139,Спировский,Спировский муниципальный район,Тверская область,28-652-000-000,2018,2022
2140,Старицкий,Старицкий муниципальный район,Тверская область,28-653-000-000,2018,2023
2141,Торжокский,Торжокский муниципальный район,Тверская область,28-654-000-000,2018,9999
2142,Торопецкий,Торопецкий муниципальный район,Тверская область,28-655-000-000,2018,2024
2143,Фировский,Фировский муниципальный район,Тверская область,28-657-000-000,2018,2024
2144,Томск,городской округ город Томск,Томская область,69-701-000-000,2018,9999
2145,Кедровый,городской округ город Кедровый,Томская область,69-707-000-000,2018,9999
2146,Стрежевой,городской округ город Стрежевой,Томская область,69-710-000-000,2018,9999
2147,Северск,городской округ ЗАТО Северск,Томская область,69-741-000-000,2018,9999
2148,Александровский,Александровский муниципальный район,Томская область,69-604-000-000,2018,9999
2149,Асиновский,Асиновский муниципальный район,Томская область,69-608-000-000,2018,9999
2150,Бакчарский,Бакчарский муниципальный район,Томская область,69-612-000-000,2018,9999
2151,Верхнекетский,Верхнекетский муниципальный район,Томская область,69-616-000-000,2018,9999
2152,Зырянский,Зырянский муниципальный район,Томская область,69-620-000-000,2018,9999
2153,Каргасокский,Каргасокский муниципальный район,Томская область,69-624-000-000,2018,9999
2154,Кожевниковский,Кожевниковский муниципальный район,Томская область,69-628-000-000,2018,9999
2155,Колпашевский,Колпашевский муниципальный район,Томская область,69-632-000-000,2018,9999
2156,Кривошеинский,Кривошеинский муниципальный район,Томская область,69-636-000-000,2018,9999
2157,Молчановский,Молчановский муниципальный район,Томская область,69-640-000-000,2018,9999
2158,Парабельский,Парабельский муниципальный район,Томская область,69-644-000-000,2018,9999
2159,Первомайский,Первомайский муниципальный район,Томская область,69-648-000-000,2018,9999
2160,Тегульдетский,Тегульдетский муниципальный район,Томская область,69-652-000-000,2018,9999
2161,Томский,Томский муниципальный район,Томская область,69-654-000-000,2018,9999
2162,Чаинский,Чаинский муниципальный район,Томская область,69-656-000-000,2018,9999
2163,Шегарский,Шегарский муниципальный район,Томская область,69-658-000-000,2018,9999
2164,Тула,городской округ город Тула,Тульская область,70-701-000-000,2018,9999
2165,Алексин,городской округ город Алексин,Тульская область,70-706-000-000,2018,9999
2166,Новогуровский,городской округ рабочий поселок Новогуровский,Тульская область,70-702-000-000,2018,9999
2167,Донской,городской округ город Донской,Тульская область,70-712-000-000,2018,9999
2168,Ефремов,городской округ город Ефремов,Тульская область,70-714-000-000,2018,9999
2169,Новомосковск,городской округ город Новомосковск,Тульская область,70-724-000-000,2018,9999
2170,Славный,городской округ Славный,Тульская область,70-730-000-000,2018,9999
2171,Арсеньевский,Арсеньевский муниципальный район,Тульская область,70-604-000-000,2018,9999
2172,Белевский,Белевский муниципальный район,Тульская область,70-606-000-000,2018,9999
2173,Богородицкий,Богородицкий муниципальный район,Тульская область,70-608-000-000,2018,9999
2174,Веневский,Веневский муниципальный район,Тульская область,70-612-000-000,2018,9999
2175,Воловский,Воловский муниципальный район,Тульская область,70-616-000-000,2018,9999
2176,Дубенский,Дубенский муниципальный район,Тульская область,70-618-000-000,2018,9999
2177,Заокский,Заокский муниципальный район,Тульская область,70-622-000-000,2018,9999
2178,Каменский,Каменский муниципальный район,Тульская область,70-624-000-000,2018,9999
2179,Кимовский,Кимовский муниципальный район,Тульская область,70-626-000-000,2018,9999
2180,Киреевский,Киреевский муниципальный район,Тульская область,70-628-000-000,2018,9999
2181,Куркинский,Куркинский муниципальный район,Тульская область,70-630-000-000,2018,9999
2182,Одоевский,Одоевский муниципальный район,Тульская область,70-636-000-000,2018,9999
2183,Плавский,Плавский муниципальный район,Тульская область,70-638-000-000,2018,9999
2184,Суворовский,Суворовский муниципальный район,Тульская область,70-640-000-000,2018,9999
2185,Тепло-Огаревский,Тепло-Огаревский муниципальный район,Тульская область,70-642-000-000,2018,9999
2186,Узловский,Узловский муниципальный район,Тульская область,70-644-000-000,2018,9999
2187,Чернский,Чернский муниципальный район,Тульская область,70-646-000-000,2018,9999
2188,Щекинский,Щекинский муниципальный район,Тульская область,70-648-000-000,2018,9999
2189,Ясногорский,Ясногорский муниципальный район,Тульская область,70-650-000-000,2018,9999
2190,Тюмень,городской округ город Тюмень,Тюменская область,71-701-000-000,2018,9999
2191,Заводоуковский,городской округ Заводоуковский,Тюменская область,71-703-000-000,2018,9999
2192,Ишим,городской округ город Ишим,Тюменская область,71-705-000-000,2018,9999
2193,Тобольск,городской округ город Тобольск,Тюменская область,71-710-000-000,2018,9999
2194,Ялуторовск,городской округ город Ялуторовск,Тюменская область,71-715-000-000,2018,9999
2195,Абатский,Абатский муниципальный район,Тюменская область,71-603-000-000,2018,9999
2196,Армизонский,Армизонский муниципальный район,Тюменская область,71-605-000-000,2018,9999
2197,Аромашевский,Аромашевский муниципальный район,Тюменская область,71-607-000-000,2018,9999
2198,Бердюжский,Бердюжский муниципальный район,Тюменская область,71-610-000-000,2018,9999
2199,Вагайский,Вагайский муниципальный район,Тюменская область,71-613-000-000,2018,9999
2200,Викуловский,Викуловский муниципальный район,Тюменская область,71-615-000-000,2018,9999
2201,Голышмановский,Голышмановский муниципальный район,Тюменская область,71-618-000-000,2018,2020
2202,Исетский,Исетский муниципальный район,Тюменская область,71-624-000-000,2018,9999
2203,Ишимский,Ишимский муниципальный район,Тюменская область,71-626-000-000,2018,9999
2204,Казанский,Казанский муниципальный район,Тюменская область,71-630-000-000,2018,9999
2205,Нижнетавдинский,Нижнетавдинский муниципальный район,Тюменская область,71-632-000-000,2018,9999
2206,Омутинский,Омутинский муниципальный район,Тюменская область,71-634-000-000,2018,9999
2207,Сладковский,Сладковский муниципальный район,Тюменская область,71-636-000-000,2018,9999
2208,Сорокинский,Сорокинский муниципальный район,Тюменская область,71-638-000-000,2018,9999
2209,Тобольский,Тобольский муниципальный район,Тюменская область,71-642-000-000,2018,9999
2210,Тюменский,Тюменский муниципальный район,Тюменская область,71-644-000-000,2018,9999
2211,Уватский,Уватский муниципальный район,Тюменская область,71-648-000-000,2018,9999
2212,Упоровский,Упоровский муниципальный район,Тюменская область,71-650-000-000,2018,9999
2213,Юргинский,Юргинский муниципальный район,Тюменская область,71-653-000-000,2018,9999
2214,Ялуторовский,Ялуторовский муниципальный район,Тюменская область,71-656-000-000,2018,9999
2215,Ярковский,Ярковский муниципальный район,Тюменская область,71-658-000-000,2018,9999
2216,Ханты-Мансийск,городской округ город Ханты-Мансийск,Ханты-Мансийский автономный округ — Югра,71-871-000-000,2018,9999
2217,Когалым,городской округ город Когалым,Ханты-Мансийский автономный округ — Югра,71-883-000-000,2018,9999
2218,Лангепас,городской округ город Лангепас,Ханты-Мансийский автономный округ — Югра,71-872-000-000,2018,9999
2219,Мегион,городской округ город Мегион,Ханты-Мансийский автономный округ — Югра,71-873-000-000,2018,9999
2220,Нефтеюганск,городской округ город Нефтеюганск,Ханты-Мансийский автономный округ — Югра,71-874-000-000,2018,9999
2221,Нижневартовск,городской округ город Нижневартовск,Ханты-Мансийский автономный округ — Югра,71-875-000-000,2018,9999
2222,Нягань,городской округ город Нягань,Ханты-Мансийский автономный округ — Югра,71-879-000-000,2018,9999
2223,Покачи,городской округ город Покачи,Ханты-Мансийский автономный округ — Югра,71-884-000-000,2018,9999
2224,Пыть-Ях,городской округ город Пыть-Ях,Ханты-Мансийский автономный округ — Югра,71-885-000-000,2018,9999
2225,Радужный,городской округ город Радужный,Ханты-Мансийский автономный округ — Югра,71-877-000-000,2018,9999
2226,Сургут,городской округ город Сургут,Ханты-Мансийский автономный округ — Югра,71-876-000-000,2018,9999
2227,Урай,городской округ город Урай,Ханты-Мансийский автономный округ — Югра,71-878-000-000,2018,9999
2228,Югорск,городской округ город Югорск,Ханты-Мансийский автономный округ — Югра,71-887-000-000,2018,9999
2229,Белоярский,Белоярский муниципальный район,Ханты-Мансийский автономный округ — Югра,71-811-000-000,2018,9999
2230,Березовский,Березовский муниципальный район,Ханты-Мансийский автономный округ — Югра,71-812-000-000,2018,9999
2231,Кондинский,Кондинский муниципальный район,Ханты-Мансийский автономный округ — Югра,71-816-000-000,2018,9999
2232,Нефтеюганский,Нефтеюганский муниципальный район,Ханты-Мансийский автономный округ — Югра,71-818-000-000,2018,9999
2233,Нижневартовский,Нижневартовский муниципальный район,Ханты-Мансийский автономный округ — Югра,71-819-000-000,2018,9999
2234,Октябрьский,Октябрьский муниципальный район,Ханты-Мансийский автономный округ — Югра,71-821-000-000,2018,9999
2235,Советский,Советский муниципальный район,Ханты-Мансийский автономный округ — Югра,71-824-000-000,2018,9999
2236,Сургутский,Сургутский муниципальный район,Ханты-Мансийский автономный округ — Югра,71-826-000-000,2018,9999
2237,Ханты-Мансийский,Ханты-Мансийский муниципальный район,Ханты-Мансийский автономный округ — Югра,71-829-000-000,2018,9999
2238,Салехард,городской округ город Салехард,Ямало-Ненецкий автономный округ,71-951-000-000,2018,9999
2239,Губкинский,городской округ город Губкинский,Ямало-Ненецкий автономный округ,71-952-000-000,2018,2022
2240,Лабытнанги,городской округ город Лабытнанги,Ямало-Ненецкий автономный округ,71-953-000-000,2018,2022
2241,Муравленко,городской округ город Муравленко,Ямало-Ненецкий автономный округ,71-955-000-000,2018,9999
2242,Новый Уренгой,городской округ город Новый Уренгой,Ямало-Ненецкий автономный округ,71-956-000-000,2018,9999
2243,Ноябрьск,городской округ город Ноябрьск,Ямало-Ненецкий автономный округ,71-958-000-000,2018,9999
2244,Красноселькупский,Красноселькупский муниципальный район,Ямало-Ненецкий автономный округ,71-913-000-000,2018,2022
2245,Надымский,Надымский муниципальный район,Ямало-Ненецкий автономный округ,71-916-000-000,2018,2021
2246,Приуральский,Приуральский муниципальный район,Ямало-Ненецкий автономный округ,71-918-000-000,2018,2022
2247,Пуровский,Пуровский муниципальный район,Ямало-Ненецкий автономный округ,71-920-000-000,2018,2021
2248,Тазовский,Тазовский муниципальный район,Ямало-Ненецкий автономный округ,71-923-000-000,2018,2021
2249,Шурышкарский,Шурышкарский муниципальный район,Ямало-Ненецкий автономный округ,71-926-000-000,2018,2023
2250,Ямальский,Ямальский муниципальный район,Ямало-Ненецкий автономный округ,71-928-000-000,2018,2022
2251,Ульяновск,городской округ город Ульяновск,Ульяновская область,73-701-000-000,2018,9999
2252,Димитровград,городской округ город Димитровград,Ульяновская область,73-705-000-000,2018,9999
2253,Новоульяновск,городской округ город Новоульяновск,Ульяновская область,73-715-000-000,2018,9999
2254,Базарносызганский,Базарносызганский муниципальный район,Ульяновская область,73-602-000-000,2018,9999
2255,Барышский,Барышский муниципальный район,Ульяновская область,73-604-000-000,2018,9999
2256,Вешкаймский,Вешкаймский муниципальный район,Ульяновская область,73-607-000-000,2018,9999
2257,Инзенский,Инзенский муниципальный район,Ульяновская область,73-610-000-000,2018,9999
2258,Карсунский,Карсунский муниципальный район,Ульяновская область,73-614-000-000,2018,9999
2259,Кузоватовский,Кузоватовский муниципальный район,Ульяновская область,73-616-000-000,2018,9999
2260,Майнский,Майнский муниципальный район,Ульяновская область,73-620-000-000,2018,9999
2261,Мелекесский,Мелекесский муниципальный район,Ульяновская область,73-622-000-000,2018,9999
2262,Николаевский,Николаевский муниципальный район,Ульяновская область,73-625-000-000,2018,9999
2263,Новомалыклинский,Новомалыклинский муниципальный район,Ульяновская область,73-627-000-000,2018,9999
2264,Новоспасский,Новоспасский муниципальный район,Ульяновская область,73-629-000-000,2018,9999
2265,Павловский,Павловский муниципальный район,Ульяновская область,73-632-000-000,2018,9999
2266,Радищевский,Радищевский муниципальный район,Ульяновская область,73-634-000-000,2018,9999
2267,Сенгилеевский,Сенгилеевский муниципальный район,Ульяновская область,73-636-000-000,2018,9999
2268,Старокулаткинский,Старокулаткинский муниципальный район,Ульяновская область,73-639-000-000,2018,9999
2269,Старомайнский,Старомайнский муниципальный район,Ульяновская область,73-642-000-000,2018,9999
2270,Сурский,Сурский муниципальный район,Ульяновская область,73-644-000-000,2018,9999
2271,Тереньгульский,Тереньгульский муниципальный район,Ульяновская область,73-648-000-000,2018,9999
2272,Ульяновский,Ульяновский муниципальный район,Ульяновская область,73-652-000-000,2018,9999
2273,Цильнинский,Цильнинский муниципальный район,Ульяновская область,73-654-000-000,2018,9999
2274,Чердаклинский,Чердаклинский муниципальный район,Ульяновская область,73-656-000-000,2018,9999
2275,Челябинский,городской округ Челябинский,Челябинская область,75-701-000-000,2018,9999
2276,Верхнеуфалейский,городской округ Верхнеуфалейский,Челябинская область,75-706-000-000,2018,9999
2277,Златоустовский,городской округ Златоустовский,Челябинская область,75-712-000-000,2018,2023
2278,Карабашский,городской округ Карабашский,Челябинская область,75-715-000-000,2018,9999
2279,Копейский,городской округ Копейский,Челябинская область,75-728-000-000,2018,9999
2280,Кыштымский,городской округ Кыштымский,Челябинская область,75-734-000-000,2018,9999
2281,Магнитогорский,городской округ Магнитогорский,Челябинская область,75-738-000-000,2018,9999
2282,Миасский,городской округ Миасский,Челябинская область,75-742-000-000,2018,9999
2283,Озерский,городской округ Озерский,Челябинская область,75-743-000-000,2018,9999
2284,Снежинский,городской округ Снежинский,Челябинская область,75-746-000-000,2018,9999
2285,Трехгорный,городской округ Трехгорный,Челябинская область,75-707-000-000,2018,9999
2286,Троицкий,городской округ Троицкий,Челябинская область,75-752-000-000,2018,9999
2287,Усть-Катавский,городской округ Усть-Катавский,Челябинская область,75-755-000-000,2018,9999
2288,Чебаркульский,городской округ Чебаркульский,Челябинская область,75-758-000-000,2018,9999
2289,Южноуральский,городской округ Южноуральский,Челябинская область,75-764-000-000,2018,9999
2290,Локомотивный,городской округ Локомотивный,Челябинская область,75-759-000-000,2018,9999
2291,Агаповский,Агаповский муниципальный район,Челябинская область,75-603-000-000,2018,9999
2292,Аргаяшский,Аргаяшский муниципальный район,Челябинская область,75-606-000-000,2018,9999
2293,Ашинский,Ашинский муниципальный район,Челябинская область,75-609-000-000,2018,9999
2294,Брединский,Брединский муниципальный район,Челябинская область,75-612-000-000,2018,9999
2295,Варненский,Варненский муниципальный район,Челябинская область,75-614-000-000,2018,9999
2296,Верхнеуральский,Верхнеуральский муниципальный район,Челябинская область,75-617-000-000,2018,9999
2297,Еманжелинский,Еманжелинский муниципальный район,Челябинская область,75-619-000-000,2018,9999
2298,Еткульский,Еткульский муниципальный район,Челябинская область,75-620-000-000,2018,9999
2299,Карталинский,Карталинский муниципальный район,Челябинская область,75-623-000-000,2018,9999
2300,Каслинский,Каслинский муниципальный район,Челябинская область,75-626-000-000,2018,9999
2301,Катав-Ивановский,Катав-Ивановский муниципальный район,Челябинская область,75-629-000-000,2018,9999
2302,Кизильский,Кизильский муниципальный район,Челябинская область,75-632-000-000,2018,9999
2303,Коркинский,Коркинский муниципальный район,Челябинская область,75-633-000-000,2018,2023
2304,Красноармейский,Красноармейский муниципальный район,Челябинская область,75-634-000-000,2018,9999
2305,Кунашакский,Кунашакский муниципальный район,Челябинская область,75-636-000-000,2018,9999
2306,Кусинский,Кусинский муниципальный район,Челябинская область,75-638-000-000,2018,2023
2307,Нагайбакский,Нагайбакский муниципальный район,Челябинская область,75-642-000-000,2018,9999
2308,Нязепетровский,Нязепетровский муниципальный район,Челябинская область,75-644-000-000,2018,9999
2309,Октябрьский,Октябрьский муниципальный район,Челябинская область,75-647-000-000,2018,9999
2310,Пластовский,Пластовский муниципальный район,Челябинская область,75-648-000-000,2018,9999
2311,Саткинский,Саткинский муниципальный район,Челябинская область,75-649-000-000,2018,9999
2312,Сосновский,Сосновский муниципальный район,Челябинская область,75-652-000-000,2018,9999
2313,Троицкий,Троицкий муниципальный район,Челябинская область,75-654-000-000,2018,9999
2314,Увельский,Увельский муниципальный район,Челябинская область,75-655-000-000,2018,9999
2315,Уйский,Уйский муниципальный район,Челябинская область,75-656-000-000,2018,9999
2316,Чебаркульский,Чебаркульский муниципальный район,Челябинская область,75-657-000-000,2018,9999
2317,Чесменский,Чесменский муниципальный район,Челябинская область,75-659-000-000,2018,9999
2318,Ярославль,городской округ город Ярославль,Ярославская область,78-701-000-000,2018,9999
2319,Переславль-Залесский,городской округ город Переславль-Залесский,Ярославская область,78-705-000-000,2018,2019
2320,Рыбинск,городской округ город Рыбинск,Ярославская область,78-715-000-000,2018,9999
2321,Большесельский,Большесельский муниципальный район,Ярославская область,78-603-000-000,2018,9999
2322,Борисоглебский,Борисоглебский муниципальный район,Ярославская область,78-606-000-000,2018,9999
2323,Брейтовский,Брейтовский муниципальный район,Ярославская область,78-609-000-000,2018,9999
2324,Гаврилов-Ямский,Гаврилов-Ямский муниципальный район,Ярославская область,78-612-000-000,2018,9999
2325,Даниловский,Даниловский муниципальный район,Ярославская область,78-615-000-000,2018,9999
2326,Любимский,Любимский муниципальный район,Ярославская область,78-618-000-000,2018,9999
2327,Мышкинский,Мышкинский муниципальный район,Ярославская область,78-621-000-000,2018,9999
2328,Некоузский,Некоузский муниципальный район,Ярославская область,78-623-000-000,2018,9999
2329,Некрасовский,Некрасовский муниципальный район,Ярославская область,78-626-000-000,2018,9999
2330,Первомайский,Первомайский муниципальный район,Ярославская область,78-629-000-000,2018,9999
2331,Переславский,Переславский муниципальный район,Ярославская область,78-632-000-000,2018,2019
2332,Пошехонский,Пошехонский муниципальный район,Ярославская область,78-634-000-000,2018,9999
2333,Ростовский,Ростовский муниципальный район,Ярославская область,78-637-000-000,2018,9999
2334,Рыбинский,Рыбинский муниципальный район,Ярославская область,78-640-000-000,2018,9999
2335,Тутаевский,Тутаевский муниципальный район,Ярославская область,78-643-000-000,2018,9999
2336,Угличский,Угличский муниципальный район,Ярославская область,78-646-000-000,2018,9999
2337,Ярославский,Ярославский муниципальный район,Ярославская область,78-650-000-000,2018,9999
2338,Биробиджан,городской округ город Биробиджан,Еврейская автономная область,99-701-000-000,2018,9999
2339,Биробиджанский,Биробиджанский муниципальный район,Еврейская автономная область,99-605-000-000,2018,9999
2340,Ленинский,Ленинский муниципальный район,Еврейская автономная область,99-610-000-000,2018,9999
2341,Облученский,Облученский муниципальный район,Еврейская автономная область,99-620-000-000,2018,9999
2342,Октябрьский,Октябрьский муниципальный район,Еврейская автономная область,99-625-000-000,2018,9999
2343,Смидовичский,Смидовичский муниципальный район,Еврейская автономная область,99-630-000-000,2018,9999
2344,Анадырь,городской округ Анадырь,Чукотский автономный округ,77-701-000-000,2018,9999
2345,Эгвекинот,городской округ Эгвекинот,Чукотский автономный округ,77-715-000-000,2018,9999
2346,Провиденский,городской округ Провиденский,Чукотский автономный округ,77-710-000-000,2018,9999
2347,Певек,городской округ Певек,Чукотский автономный округ,77-705-000-000,2018,9999
2348,Анадырский,Анадырский муниципальный район,Чукотский автономный округ,77-603-000-000,2018,9999
2349,Билибинский,Билибинский муниципальный район,Чукотский автономный округ,77-609-000-000,2018,9999
2350,Чукотский,Чукотский муниципальный район,Чукотский автономный округ,77-633-000-000,2018,9999
2351,Коломна,внутригородская территория города федерального значения муниципальный округ Коломна,Санкт-Петербург,40-301-000-000,2018,9999
2352,Сенной,внутригородская территория города федерального значения муниципальный округ Сенной округ,Санкт-Петербург,40-302-000-000,2018,9999
2353,Адмиралтейский,внутригородская территория города федерального значения муниципальный округ Адмиралтейский округ,Санкт-Петербург,40-303-000-000,2018,9999
2354,Семеновский,внутригородская территория города федерального значения муниципальный округ Семеновский,Санкт-Петербург,40-304-000-000,2018,9999
2355,Измайловское,внутригородская территория города федерального значения муниципальный округ Измайловское,Санкт-Петербург,40-305-000-000,2018,9999
2356,Екатерингофский,внутригородская территория города федерального значения муниципальный округ Екатерингофский,Санкт-Петербург,40-306-000-000,2018,9999
2357,№ 7,внутригородская территория города федерального значения муниципальный округ № 7,Санкт-Петербург,40-307-000-000,2018,9999
2358,Васильевский,внутригородская территория города федерального значения муниципальный округ Васильевский,Санкт-Петербург,40-308-000-000,2018,9999
2359,Гавань,внутригородская территория города федерального значения муниципальный округ Гавань,Санкт-Петербург,40-309-000-000,2018,9999
2360,Морской,внутригородская территория города федерального значения муниципальный округ Морской,Санкт-Петербург,40-310-000-000,2018,9999
2361,Остров Декабристов,внутригородская территория города федерального значения муниципальный округ Остров Декабристов,Санкт-Петербург,40-311-000-000,2018,9999
2362,Левашово,внутригородская территория города федерального значения поселок Левашово,Санкт-Петербург,40-312-000-000,2018,9999
2363,Парголово,внутригородская территория города федерального значения поселок Парголово,Санкт-Петербург,40-313-000-000,2018,9999
2364,Сампсониевское,внутригородская территория города федерального значения муниципальный округ Сампсониевское,Санкт-Петербург,40-314-000-000,2018,9999
2365,Светлановское,внутригородская территория города федерального значения муниципальный округ Светлановское,Санкт-Петербург,40-315-000-000,2018,9999
2366,Сосновское,внутригородская территория города федерального значения муниципальный округ Сосновское,Санкт-Петербург,40-316-000-000,2018,9999
2367,№ 15,внутригородская территория города федерального значения муниципальный округ № 15,Санкт-Петербург,40-317-000-000,2018,9999
2368,Сергиевское,внутригородская территория города федерального значения муниципальный округ Сергиевское,Санкт-Петербург,40-318-000-000,2018,9999
2369,Шувалово-Озерки,внутригородская территория города федерального значения муниципальный округ Шувалово-Озерки,Санкт-Петербург,40-319-000-000,2018,9999
2370,Лисий Нос,внутригородская территория города федерального значения поселок Лисий Нос,Санкт-Петербург,40-320-000-000,2018,9999
2371,Лахта-Ольгино,внутригородская территория города федерального значения муниципальный округ Лахта-Ольгино,Санкт-Петербург,40-321-000-000,2018,9999
2372,№ 65,внутригородская территория города федерального значения муниципальный округ № 65,Санкт-Петербург,40-322-000-000,2018,9999
2373,Чёрная речка,внутригородская территория города федерального значения муниципальный округ Чёрная речка,Санкт-Петербург,40-323-000-000,2018,2020
2374,Комендантский аэродром,внутригородская территория города федерального значения муниципальный округ Комендантский аэродром,Санкт-Петербург,40-324-000-000,2018,9999
2375,Озеро Долгое,внутригородская территория города федерального значения муниципальный округ Озеро Долгое,Санкт-Петербург,40-325-000-000,2018,9999
2376,Юнтолово,внутригородская территория города федерального значения муниципальный округ Юнтолово,Санкт-Петербург,40-326-000-000,2018,9999
2377,Коломяги,внутригородская территория города федерального значения муниципальный округ Коломяги,Санкт-Петербург,40-327-000-000,2018,9999
2378,Гражданка,внутригородская территория города федерального значения муниципальный округ Гражданка,Санкт-Петербург,40-328-000-000,2018,9999
2379,Академическое,внутригородская территория города федерального значения муниципальный округ Академическое,Санкт-Петербург,40-329-000-000,2018,9999
2380,Финляндский,внутригородская территория города федерального значения муниципальный округ Финляндский округ,Санкт-Петербург,40-330-000-000,2018,9999
2381,№ 21,внутригородская территория города федерального значения муниципальный округ № 21,Санкт-Петербург,40-331-000-000,2018,9999
2382,Пискаревка,внутригородская территория города федерального значения муниципальный округ Пискаревка,Санкт-Петербург,40-332-000-000,2018,9999
2383,Северный,внутригородская территория города федерального значения муниципальный округ Северный,Санкт-Петербург,40-333-000-000,2018,9999
2384,Прометей,внутригородская территория города федерального значения муниципальный округ Прометей,Санкт-Петербург,40-334-000-000,2018,9999
2385,Княжево,внутригородская территория города федерального значения муниципальный округ Княжево,Санкт-Петербург,40-335-000-000,2018,9999
2386,Ульянка,внутригородская территория города федерального значения муниципальный округ Ульянка,Санкт-Петербург,40-336-000-000,2018,9999
2387,Дачное,внутригородская территория города федерального значения муниципальный округ Дачное,Санкт-Петербург,40-337-000-000,2018,9999
2388,Автово,внутригородская территория города федерального значения муниципальный округ Автово,Санкт-Петербург,40-338-000-000,2018,9999
2389,Нарвский,внутригородская территория города федерального значения муниципальный округ Нарвский округ,Санкт-Петербург,40-339-000-000,2018,9999
2390,Красненькая речка,внутригородская территория города федерального значения муниципальный округ Красненькая речка,Санкт-Петербург,40-340-000-000,2018,9999
2391,Морские ворота,внутригородская территория города федерального значения муниципальный округ Морские ворота,Санкт-Петербург,40-341-000-000,2018,9999
2392,Колпино,внутригородская территория города федерального значения город Колпино,Санкт-Петербург,40-342-000-000,2018,9999
2393,Металлострой,внутригородская территория города федерального значения поселок Металлострой,Санкт-Петербург,40-343-000-000,2018,9999
2394,Петро-Славянка,внутригородская территория города федерального значения поселок Петро-Славянка,Санкт-Петербург,40-344-000-000,2018,9999
2395,Понтонный,внутригородская территория города федерального значения поселок Понтонный,Санкт-Петербург,40-345-000-000,2018,9999
2396,Саперный,внутригородская территория города федерального значения поселок Саперный,Санкт-Петербург,40-346-000-000,2018,9999
2397,Усть-Ижора,внутригородская территория города федерального значения поселок Усть-Ижора,Санкт-Петербург,40-347-000-000,2018,9999
2398,Полюстрово,внутригородская территория города федерального значения муниципальный округ Полюстрово,Санкт-Петербург,40-348-000-000,2018,9999
2399,Большая Охта,внутригородская территория города федерального значения муниципальный округ Большая Охта,Санкт-Петербург,40-349-000-000,2018,9999
2400,Малая Охта,внутригородская территория города федерального значения муниципальный округ Малая Охта,Санкт-Петербург,40-350-000-000,2018,9999
2401,Пороховые,внутригородская территория города федерального значения муниципальный округ Пороховые,Санкт-Петербург,40-351-000-000,2018,9999
2402,Ржевка,внутригородская территория города федерального значения муниципальный округ Ржевка,Санкт-Петербург,40-352-000-000,2018,9999
2403,Красное Село,внутригородская территория города федерального значения город Красное Село,Санкт-Петербург,40-353-000-000,2018,9999
2404,Юго-Запад,внутригородская территория города федерального значения муниципальный округ Юго-Запад,Санкт-Петербург,40-354-000-000,2018,9999
2405,Южно-Приморский,внутригородская территория города федерального значения муниципальный округ Южно-Приморский,Санкт-Петербург,40-355-000-000,2018,9999
2406,Сосновая поляна,внутригородская территория города федерального значения муниципальный округ Сосновая поляна,Санкт-Петербург,40-356-000-000,2018,9999
2407,Урицк,внутригородская территория города федерального значения муниципальный округ Урицк,Санкт-Петербург,40-357-000-000,2018,9999
2408,Константиновское,внутригородская территория города федерального значения муниципальный округ Константиновское,Санкт-Петербург,40-358-000-000,2018,9999
2409,Горелово,внутригородская территория города федерального значения муниципальный округ Горелово,Санкт-Петербург,40-359-000-000,2018,9999
2410,Кронштадт,внутригородская территория города федерального значения город Кронштадт,Санкт-Петербург,40-360-000-000,2018,9999
2411,Зеленогорск,внутригородская территория города федерального значения город Зеленогорск,Санкт-Петербург,40-361-000-000,2018,9999
2412,Сестрорецк,внутригородская территория города федерального значения город Сестрорецк,Санкт-Петербург,40-362-000-000,2018,9999
2413,Белоостров,внутригородская территория города федерального значения поселок Белоостров,Санкт-Петербург,40-363-000-000,2018,9999
2414,Комарово,внутригородская территория города федерального значения поселок Комарово,Санкт-Петербург,40-364-000-000,2018,9999
2415,Молодежное,внутригородская территория города федерального значения поселок Молодежное,Санкт-Петербург,40-365-000-000,2018,9999
2416,Песочный,внутригородская территория города федерального значения поселок Песочный,Санкт-Петербург,40-366-000-000,2018,9999
2417,Репино,внутригородская территория города федерального значения поселок Репино,Санкт-Петербург,40-367-000-000,2018,9999
2418,Серово,внутригородская территория города федерального значения поселок Серово,Санкт-Петербург,40-368-000-000,2018,9999
2419,Смолячково,внутригородская территория города федерального значения поселок Смолячково,Санкт-Петербург,40-369-000-000,2018,9999
2420,Солнечное,внутригородская территория города федерального значения поселок Солнечное,Санкт-Петербург,40-370-000-000,2018,9999
2421,Ушково,внутригородская территория города федерального значения поселок Ушково,Санкт-Петербург,40-371-000-000,2018,9999
2422,Ломоносов,внутригородская территория города федерального значения город Ломоносов,Санкт-Петербург,40-372-000-000,2018,9999
2423,Московская застава,внутригородская территория города федерального значения муниципальный округ Московская застава,Санкт-Петербург,40-373-000-000,2018,9999
2424,Гагаринское,внутригородская территория города федерального значения муниципальный округ Гагаринское,Санкт-Петербург,40-374-000-000,2018,9999
2425,Новоизмайловское,внутригородская территория города федерального значения муниципальный округ Новоизмайловское,Санкт-Петербург,40-375-000-000,2018,9999
2426,Пулковский меридиан,внутригородская территория города федерального значения муниципальный округ Пулковский меридиан,Санкт-Петербург,40-376-000-000,2018,9999
2427,Звездное,внутригородская территория города федерального значения муниципальный округ Звездное,Санкт-Петербург,40-377-000-000,2018,9999
2428,Невская застава,внутригородская территория города федерального значения муниципальный округ Невская застава,Санкт-Петербург,40-378-000-000,2018,9999
2429,Ивановский,внутригородская территория города федерального значения муниципальный округ Ивановский,Санкт-Петербург,40-379-000-000,2018,9999
2430,Обуховский,внутригородская территория города федерального значения муниципальный округ Обуховский,Санкт-Петербург,40-380-000-000,2018,9999
2431,Рыбацкое,внутригородская территория города федерального значения муниципальный округ Рыбацкое,Санкт-Петербург,40-381-000-000,2018,9999
2432,Народный,внутригородская территория города федерального значения муниципальный округ Народный,Санкт-Петербург,40-382-000-000,2018,9999
2433,№ 54,внутригородская территория города федерального значения муниципальный округ № 54,Санкт-Петербург,40-383-000-000,2018,9999
2434,Невский,внутригородская территория города федерального значения муниципальный округ Невский округ,Санкт-Петербург,40-384-000-000,2018,9999
2435,Оккервиль,внутригородская территория города федерального значения муниципальный округ Оккервиль,Санкт-Петербург,40-385-000-000,2018,9999
2436,Правобережный,внутригородская территория города федерального значения муниципальный округ Правобережный,Санкт-Петербург,40-386-000-000,2018,9999
2437,Павловск,внутригородская территория города федерального значения город Павловск,Санкт-Петербург,40-387-000-000,2018,9999
2438,Тярлево,внутригородская территория города федерального значения поселок Тярлево,Санкт-Петербург,40-388-000-000,2018,9999
2439,Введенский,внутригородская территория города федерального значения муниципальный округ Введенский,Санкт-Петербург,40-389-000-000,2018,9999
2440,Кронверкское,внутригородская территория города федерального значения муниципальный округ Кронверкское,Санкт-Петербург,40-390-000-000,2018,9999
2441,Посадский,внутригородская территория города федерального значения муниципальный округ Посадский,Санкт-Петербург,40-391-000-000,2018,9999
2442,Аптекарский остров,внутригородская территория города федерального значения муниципальный округ Аптекарский остров,Санкт-Петербург,40-392-000-000,2018,9999
2443,Петровский,внутригородская территория города федерального значения муниципальный округ округ Петровский,Санкт-Петербург,40-393-000-000,2018,9999
2444,Чкаловское,внутригородская территория города федерального значения муниципальный округ Чкаловское,Санкт-Петербург,40-394-000-000,2018,9999
2445,Петергоф,внутригородская территория города федерального значения город Петергоф,Санкт-Петербург,40-395-000-000,2018,9999
2446,Стрельна,внутригородская территория города федерального значения поселок Стрельна,Санкт-Петербург,40-396-000-000,2018,9999
2447,Пушкин,внутригородская территория города федерального значения город Пушкин,Санкт-Петербург,40-397-000-000,2018,9999
2448,Александровская,внутригородская территория города федерального значения поселок Александровская,Санкт-Петербург,40-398-000-000,2018,9999
2449,Шушары,внутригородская территория города федерального значения поселок Шушары,Санкт-Петербург,40-901-000-000,2018,9999
2450,Волковское,внутригородская территория города федерального значения муниципальный округ Волковское,Санкт-Петербург,40-902-000-000,2018,9999
2451,№ 72,внутригородская территория города федерального значения муниципальный округ № 72,Санкт-Петербург,40-903-000-000,2018,9999
2452,Купчино,внутригородская территория города федерального значения муниципальный округ Купчино,Санкт-Петербург,40-904-000-000,2018,9999
2453,Георгиевский,внутригородская территория города федерального значения муниципальный округ Георгиевский,Санкт-Петербург,40-905-000-000,2018,9999
2454,№ 75,внутригородская территория города федерального значения муниципальный округ № 75,Санкт-Петербург,40-906-000-000,2018,9999
2455,Балканский,внутригородская территория города федерального значения муниципальный округ Балканский,Санкт-Петербург,40-907-000-000,2018,9999
2456,Дворцовый,внутригородская территория города федерального значения муниципальный округ Дворцовый округ,Санкт-Петербург,40-908-000-000,2018,9999
2457,№ 78,внутригородская территория города федерального значения муниципальный округ № 78,Санкт-Петербург,40-909-000-000,2018,9999
2458,Литейный,внутригородская территория города федерального значения муниципальный округ Литейный округ,Санкт-Петербург,40-910-000-000,2018,9999
2459,Смольнинское,внутригородская территория города федерального значения муниципальный округ Смольнинское,Санкт-Петербург,40-911-000-000,2018,9999
2460,Лиговка-Ямская,внутригородская территория города федерального значения муниципальный округ Лиговка-Ямская,Санкт-Петербург,40-912-000-000,2018,9999
2461,Владимирский,внутригородская территория города федерального значения муниципальный округ Владимирский округ,Санкт-Петербург,40-913-000-000,2018,9999
2462,Богородское,внутригородская территория города федерального значения муниципальный округ Богородское,Москва,45-301-000-000,2018,9999
2463,Вешняки,внутригородская территория города федерального значения муниципальный округ Вешняки,Москва,45-302-000-000,2018,9999
2464,Восточное Измайлово,внутригородская территория города федерального значения муниципальный округ Восточное Измайлово,Москва,45-303-000-000,2018,9999
2465,Восточный,внутригородская территория города федерального значения муниципальный округ Восточный,Москва,45-304-000-000,2018,9999
2466,Гольяново,внутригородская территория города федерального значения муниципальный округ Гольяново,Москва,45-305-000-000,2018,9999
2467,Ивановское,внутригородская территория города федерального значения муниципальный округ Ивановское,Москва,45-306-000-000,2018,9999
2468,Измайлово,внутригородская территория города федерального значения муниципальный округ Измайлово,Москва,45-307-000-000,2018,9999
2469,Косино-Ухтомский,внутригородская территория города федерального значения муниципальный округ Косино-Ухтомский,Москва,45-308-000-000,2018,9999
2470,Новогиреево,внутригородская территория города федерального значения муниципальный округ Новогиреево,Москва,45-309-000-000,2018,9999
2471,Новокосино,внутригородская территория города федерального значения муниципальный округ Новокосино,Москва,45-310-000-000,2018,9999
2472,Метро,внутригородская территория города федерального значения муниципальный округ Метрогородок,Москва,45-311-000-000,2018,9999
2473,Перово,внутригородская территория города федерального значения муниципальный округ Перово,Москва,45-312-000-000,2018,9999
2474,Северное Измайлово,внутригородская территория города федерального значения муниципальный округ Северное Измайлово,Москва,45-313-000-000,2018,9999
2475,Соколиная гора,внутригородская территория города федерального значения муниципальный округ Соколиная гора,Москва,45-314-000-000,2018,9999
2476,Сокольники,внутригородская территория города федерального значения муниципальный округ Сокольники,Москва,45-315-000-000,2018,9999
2477,Преображенское,внутригородская территория города федерального значения муниципальный округ Преображенское,Москва,45-316-000-000,2018,9999
2478,Внуково,внутригородская территория города федерального значения муниципальный округ Внуково,Москва,45-317-000-000,2018,9999
2479,Дорогомилово,внутригородская территория города федерального значения муниципальный округ Дорогомилово,Москва,45-318-000-000,2018,9999
2480,Крылатское,внутригородская территория города федерального значения муниципальный округ Крылатское,Москва,45-319-000-000,2018,9999
2481,Кунцево,внутригородская территория города федерального значения муниципальный округ Кунцево,Москва,45-320-000-000,2018,9999
2482,Можайский,внутригородская территория города федерального значения муниципальный округ Можайский,Москва,45-321-000-000,2018,9999
2483,Ново-Переделкино,внутригородская территория города федерального значения муниципальный округ Ново-Переделкино,Москва,45-322-000-000,2018,9999
2484,Очаково-Матвеевское,внутригородская территория города федерального значения муниципальный округ Очаково-Матвеевское,Москва,45-323-000-000,2018,9999
2485,Проспект Вернадского,внутригородская территория города федерального значения муниципальный округ Проспект Вернадского,Москва,45-324-000-000,2018,9999
2486,Раменки,внутригородская территория города федерального значения муниципальный округ Раменки,Москва,45-325-000-000,2018,9999
2487,Солнцево,внутригородская территория города федерального значения муниципальный округ Солнцево,Москва,45-326-000-000,2018,9999
2488,Тропарево-Никулино,внутригородская территория города федерального значения муниципальный округ Тропарево-Никулино,Москва,45-327-000-000,2018,9999
2489,Филевский парк,внутригородская территория города федерального значения муниципальный округ Филевский парк,Москва,45-328-000-000,2018,9999
2490,Фили-Давыдково,внутригородская территория города федерального значения муниципальный округ Фили-Давыдково,Москва,45-329-000-000,2018,9999
2491,Крюково,внутригородская территория города федерального значения муниципальный округ Крюково,Москва,45-330-000-000,2018,9999
2492,Матушкино,внутригородская территория города федерального значения муниципальный округ Матушкино,Москва,45-331-000-000,2018,9999
2493,Силино,внутригородская территория города федерального значения муниципальный округ Силино,Москва,45-332-000-000,2018,9999
2494,Аэропорт,внутригородская территория города федерального значения муниципальный округ Аэропорт,Москва,45-333-000-000,2018,9999
2495,Беговой,внутригородская территория города федерального значения муниципальный округ Беговой,Москва,45-334-000-000,2018,9999
2496,Бескудниковский,внутригородская территория города федерального значения муниципальный округ Бескудниковский,Москва,45-335-000-000,2018,9999
2497,Войковский,внутригородская территория города федерального значения муниципальный округ Войковский,Москва,45-336-000-000,2018,9999
2498,Восточное Дегунино,внутригородская территория города федерального значения муниципальный округ Восточное Дегунино,Москва,45-337-000-000,2018,9999
2499,Головинский,внутригородская территория города федерального значения муниципальный округ Головинский,Москва,45-338-000-000,2018,9999
2500,Дмитровский,внутригородская территория города федерального значения муниципальный округ Дмитровский,Москва,45-339-000-000,2018,9999
2501,Западное Дегунино,внутригородская территория города федерального значения муниципальный округ Западное Дегунино,Москва,45-340-000-000,2018,9999
2502,Коптево,внутригородская территория города федерального значения муниципальный округ Коптево,Москва,45-341-000-000,2018,9999
2503,Левобережный,внутригородская территория города федерального значения муниципальный округ Левобережный,Москва,45-342-000-000,2018,9999
2504,Молжаниновский,внутригородская территория города федерального значения муниципальный округ Молжаниновский,Москва,45-343-000-000,2018,9999
2505,Савеловский,внутригородская территория города федерального значения муниципальный округ Савеловский,Москва,45-344-000-000,2018,9999
2506,Сокол,внутригородская территория города федерального значения муниципальный округ Сокол,Москва,45-345-000-000,2018,9999
2507,Тимирязевский,внутригородская территория города федерального значения муниципальный округ Тимирязевский,Москва,45-346-000-000,2018,9999
2508,Ховрино,внутригородская территория города федерального значения муниципальный округ Ховрино,Москва,45-347-000-000,2018,9999
2509,Хорошевский,внутригородская территория города федерального значения муниципальный округ Хорошевский,Москва,45-348-000-000,2018,9999
2510,Алексеевский,внутригородская территория города федерального значения муниципальный округ Алексеевский,Москва,45-349-000-000,2018,9999
2511,Алтуфьевский,внутригородская территория города федерального значения муниципальный округ Алтуфьевский,Москва,45-350-000-000,2018,9999
2512,Бабушкинский,внутригородская территория города федерального значения муниципальный округ Бабушкинский,Москва,45-351-000-000,2018,9999
2513,Бибирево,внутригородская территория города федерального значения муниципальный округ Бибирево,Москва,45-352-000-000,2018,9999
2514,Бутырский,внутригородская территория города федерального значения муниципальный округ Бутырский,Москва,45-353-000-000,2018,9999
2515,Лианозово,внутригородская территория города федерального значения муниципальный округ Лианозово,Москва,45-354-000-000,2018,9999
2516,Лосиноостровский,внутригородская территория города федерального значения муниципальный округ Лосиноостровский,Москва,45-355-000-000,2018,9999
2517,Марфино,внутригородская территория города федерального значения муниципальный округ Марфино,Москва,45-356-000-000,2018,9999
2518,Марьина роща,внутригородская территория города федерального значения муниципальный округ Марьина роща,Москва,45-357-000-000,2018,9999
2519,Останкинский,внутригородская территория города федерального значения муниципальный округ Останкинский,Москва,45-358-000-000,2018,9999
2520,Отрадное,внутригородская территория города федерального значения муниципальный округ Отрадное,Москва,45-359-000-000,2018,9999
2521,Ростокино,внутригородская территория города федерального значения муниципальный округ Ростокино,Москва,45-360-000-000,2018,9999
2522,Свиблово,внутригородская территория города федерального значения муниципальный округ Свиблово,Москва,45-361-000-000,2018,9999
2523,Северное Медведково,внутригородская территория города федерального значения муниципальный округ Северное Медведково,Москва,45-362-000-000,2018,9999
2524,Северный,внутригородская территория города федерального значения муниципальный округ Северный,Москва,45-363-000-000,2018,9999
2525,Южное Медведково,внутригородская территория города федерального значения муниципальный округ Южное Медведково,Москва,45-364-000-000,2018,9999
2526,Ярославский,внутригородская территория города федерального значения муниципальный округ Ярославский,Москва,45-365-000-000,2018,9999
2527,Куркино,внутригородская территория города федерального значения муниципальный округ Куркино,Москва,45-366-000-000,2018,9999
2528,Митино,внутригородская территория города федерального значения муниципальный округ Митино,Москва,45-367-000-000,2018,9999
2529,Покровское-Стрешнево,внутригородская территория города федерального значения муниципальный округ Покровское-Стрешнево,Москва,45-368-000-000,2018,9999
2530,Северное Тушино,внутригородская территория города федерального значения муниципальный округ Северное Тушино,Москва,45-369-000-000,2018,9999
2531,Строгино,внутригородская территория города федерального значения муниципальный округ Строгино,Москва,45-370-000-000,2018,9999
2532,Хорошево-Мневники,внутригородская территория города федерального значения муниципальный округ Хорошево-Мневники,Москва,45-371-000-000,2018,9999
2533,Щукино,внутригородская территория города федерального значения муниципальный округ Щукино,Москва,45-372-000-000,2018,9999
2534,Южное Тушино,внутригородская территория города федерального значения муниципальный округ Южное Тушино,Москва,45-373-000-000,2018,9999
2535,Арбат,внутригородская территория города федерального значения муниципальный округ Арбат,Москва,45-374-000-000,2018,9999
2536,Басманный,внутригородская территория города федерального значения муниципальный округ Басманный,Москва,45-375-000-000,2018,9999
2537,Замоскворечье,внутригородская территория города федерального значения муниципальный округ Замоскворечье,Москва,45-376-000-000,2018,9999
2538,Савелки,внутригородская территория города федерального значения муниципальное образование Савелки,Москва,45-377-000-000,2018,9999
2539,Красносельский,внутригородская территория города федерального значения муниципальный округ Красносельский,Москва,45-378-000-000,2018,9999
2540,Мещанский,внутригородская территория города федерального значения муниципальный округ Мещанский,Москва,45-379-000-000,2018,9999
2541,Пресненский,внутригородская территория города федерального значения муниципальный округ Пресненский,Москва,45-380-000-000,2018,9999
2542,Таганский,внутригородская территория города федерального значения муниципальный округ Таганский,Москва,45-381-000-000,2018,9999
2543,Тверской,внутригородская территория города федерального значения муниципальный округ Тверской,Москва,45-382-000-000,2018,9999
2544,Хамовники,внутригородская территория города федерального значения муниципальный округ Хамовники,Москва,45-383-000-000,2018,9999
2545,Якиманка,внутригородская территория города федерального значения муниципальный округ Якиманка,Москва,45-384-000-000,2018,9999
2546,Выхино-Жулебино,внутригородская территория города федерального значения муниципальный округ Выхино-Жулебино,Москва,45-385-000-000,2018,9999
2547,Капотня,внутригородская территория города федерального значения муниципальный округ Капотня,Москва,45-386-000-000,2018,9999
2548,Кузьминки,внутригородская территория города федерального значения муниципальный округ Кузьминки,Москва,45-387-000-000,2018,9999
2549,Лефортово,внутригородская территория города федерального значения муниципальный округ Лефортово,Москва,45-388-000-000,2018,9999
2550,Люблино,внутригородская территория города федерального значения муниципальный округ Люблино,Москва,45-389-000-000,2018,9999
2551,Марьино,внутригородская территория города федерального значения муниципальный округ Марьино,Москва,45-390-000-000,2018,9999
2552,Некрасовка,внутригородская территория города федерального значения муниципальный округ Некрасовка,Москва,45-391-000-000,2018,9999
2553,Нижегородский,внутригородская территория города федерального значения муниципальный округ Нижегородский,Москва,45-392-000-000,2018,9999
2554,Печатники,внутригородская территория города федерального значения муниципальный округ Печатники,Москва,45-393-000-000,2018,9999
2555,Рязанский,внутригородская территория города федерального значения муниципальный округ Рязанский,Москва,45-394-000-000,2018,9999
2556,Текстильщики,внутригородская территория города федерального значения муниципальный округ Текстильщики,Москва,45-395-000-000,2018,9999
2557,Южнопортовый,внутригородская территория города федерального значения муниципальный округ Южнопортовый,Москва,45-396-000-000,2018,9999
2558,Академический,внутригородская территория города федерального значения муниципальный округ Академический,Москва,45-397-000-000,2018,9999
2559,Гагаринский,внутригородская территория города федерального значения муниципальный округ Гагаринский,Москва,45-398-000-000,2018,9999
2560,Зюзино,внутригородская территория города федерального значения муниципальный округ Зюзино,Москва,45-901-000-000,2018,9999
2561,Коньково,внутригородская территория города федерального значения муниципальный округ Коньково,Москва,45-902-000-000,2018,9999
2562,Котловка,внутригородская территория города федерального значения муниципальный округ Котловка,Москва,45-903-000-000,2018,9999
2563,Ломоносовский,внутригородская территория города федерального значения муниципальный округ Ломоносовский,Москва,45-904-000-000,2018,9999
2564,Обручевский,внутригородская территория города федерального значения муниципальный округ Обручевский,Москва,45-905-000-000,2018,9999
2565,Северное Бутово,внутригородская территория города федерального значения муниципальный округ Северное Бутово,Москва,45-906-000-000,2018,9999
2566,Теплый Стан,внутригородская территория города федерального значения муниципальный округ Теплый Стан,Москва,45-907-000-000,2018,9999
2567,Черемушки,внутригородская территория города федерального значения муниципальный округ Черемушки,Москва,45-908-000-000,2018,9999
2568,Южное Бутово,внутригородская территория города федерального значения муниципальный округ Южное Бутово,Москва,45-909-000-000,2018,9999
2569,Ясенево,внутригородская территория города федерального значения муниципальный округ Ясенево,Москва,45-910-000-000,2018,9999
2570,Бирюлево Восточное,внутригородская территория города федерального значения муниципальный округ Бирюлево Восточное,Москва,45-911-000-000,2018,9999
2571,Бирюлево Западное,внутригородская территория города федерального значения муниципальный округ Бирюлево Западное,Москва,45-912-000-000,2018,9999
2572,Братеево,внутригородская территория города федерального значения муниципальный округ Братеево,Москва,45-913-000-000,2018,9999
2573,Даниловский,внутригородская территория города федерального значения муниципальный округ Даниловский,Москва,45-914-000-000,2018,9999
2574,Донской,внутригородская территория города федерального значения муниципальный округ Донской,Москва,45-915-000-000,2018,9999
2575,Зябликово,внутригородская территория города федерального значения муниципальный округ Зябликово,Москва,45-916-000-000,2018,9999
2576,Москворечье-Сабурово,внутригородская территория города федерального значения муниципальный округ Москворечье-Сабурово,Москва,45-917-000-000,2018,9999
2577,Нагатино-Садовники,внутригородская территория города федерального значения муниципальный округ Нагатино-Садовники,Москва,45-918-000-000,2018,9999
2578,Нагатинский затон,внутригородская территория города федерального значения муниципальный округ Нагатинский затон,Москва,45-919-000-000,2018,9999
2579,Нагорный,внутригородская территория города федерального значения муниципальный округ Нагорный,Москва,45-920-000-000,2018,9999
2580,Орехово-Борисово Северное,внутригородская территория города федерального значения муниципальный округ Орехово-Борисово Северное,Москва,45-921-000-000,2018,9999
2581,Орехово-Борисово Южное,внутригородская территория города федерального значения муниципальный округ Орехово-Борисово Южное,Москва,45-922-000-000,2018,9999
2582,Царицыно,внутригородская территория города федерального значения муниципальный округ Царицыно,Москва,45-923-000-000,2018,9999
2583,Чертаново Северное,внутригородская территория города федерального значения муниципальный округ Чертаново Северное,Москва,45-924-000-000,2018,9999
2584,Чертаново Центральное,внутригородская территория города федерального значения муниципальный округ Чертаново Центральное,Москва,45-925-000-000,2018,9999
2585,Чертаново Южное,внутригородская территория города федерального значения муниципальный округ Чертаново Южное,Москва,45-926-000-000,2018,9999
2586,Старое Крюково,внутригородская территория города федерального значения муниципальный округ Старое Крюково,Москва,45-927-000-000,2018,9999
2587,Троицк,внутригородская территория города федерального значения городской округ Троицк,Москва,45-931-000-000,2018,9999
2588,Щербинка,внутригородская территория города федерального значения городской округ Щербинка,Москва,45-932-000-000,2018,9999
2589,Внуковское,внутригородская территория города федерального значения поселение Внуковское,Москва,45-941-000-000,2018,9999
2590,Воскресенское,внутригородская территория города федерального значения поселение Воскресенское,Москва,45-942-000-000,2018,9999
2591,Вороновское,внутригородская территория города федерального значения поселение Вороновское,Москва,45-943-000-000,2018,9999
2592,Десеновское,внутригородская территория города федерального значения поселение Десеновское,Москва,45-944-000-000,2018,9999
2593,Киевский,внутригородская территория города федерального значения поселение Киевский,Москва,45-945-000-000,2018,9999
2594,Кленовское,внутригородская территория города федерального значения поселение Кленовское,Москва,45-946-000-000,2018,9999
2595,Кокошкино,внутригородская территория города федерального значения поселение Кокошкино,Москва,45-947-000-000,2018,9999
2596,Краснопахорское,внутригородская территория города федерального значения поселение Краснопахорское,Москва,45-948-000-000,2018,9999
2597,Марушкинское,внутригородская территория города федерального значения поселение Марушкинское,Москва,45-949-000-000,2018,9999
2598,Михайлово-Ярцевское,внутригородская территория города федерального значения поселение Михайлово-Ярцевское,Москва,45-951-000-000,2018,9999
2599,Московский,внутригородская территория города федерального значения поселение Московский,Москва,45-952-000-000,2018,9999
2600,Мосрентген,"внутригородская территория города федерального значения поселение Мосрентген""""",Москва,45-953-000-000,2018,9999
2601,Новофедоровское,внутригородская территория города федерального значения поселение Новофедоровское,Москва,45-954-000-000,2018,9999
2602,Первомайское,внутригородская территория города федерального значения поселение Первомайское,Москва,45-955-000-000,2018,9999
2603,Роговское,внутригородская территория города федерального значения поселение Роговское,Москва,45-956-000-000,2018,9999
2604,Рязановское,внутригородская территория города федерального значения поселение Рязановское,Москва,45-957-000-000,2018,9999
2605,Сосенское,внутригородская территория города федерального значения поселение Сосенское,Москва,45-958-000-000,2018,9999
2606,Филимонковское,внутригородская территория города федерального значения поселение Филимонковское,Москва,45-959-000-000,2018,9999
2607,Щаповское,внутригородская территория города федерального значения поселение Щаповское,Москва,45-961-000-000,2018,9999
2608,Балаклавский,внутригородская территория города федерального значения Балаклавский муниципальный округ,Севастополь,67-302-000-000,2018,9999
2609,Инкерман,внутригородская территория города федерального значения город Инкерман,Севастополь,67-304-000-000,2018,9999
2610,Орлиновский,внутригородская территория города федерального значения Орлиновский муниципальный округ,Севастополь,67-306-000-000,2018,9999
2611,Терновский,внутригородская территория города федерального значения Терновский муниципальный округ,Севастополь,67-308-000-000,2018,9999
2612,Гагаринский,внутригородская территория города федерального значения Гагаринский муниципальный округ,Севастополь,67-310-000-000,2018,9999
2613,Ленинский,внутригородская территория города федерального значения Ленинский муниципальный округ,Севастополь,67-312-000-000,2018,9999
2614,Нахимовский,внутригородская территория города федерального значения Нахимовский муниципальный округ,Севастополь,67-314-000-000,2018,9999
2615,Верхнесадовский,внутригородская территория города федерального значения Верхнесадовский муниципальный округ,Севастополь,67-316-000-000,2018,9999
2616,Андреевский,внутригородская территория города федерального значения Андреевский муниципальный округ,Севастополь,67-318-000-000,2018,9999
2617,Качинский,внутригородская территория города федерального значения Качинский муниципальный округ,Севастополь,67-320-000-000,2018,9999
2618,Мантурово,городской округ город Мантурово,Костромская область,34-714-000-000,2019,2024
2619,Переславль-Залесский,городской округ город Переславль-Залесский,Ярославская область,78-705-000-000,2019,9999
2620,Соликамский,городской округ Соликамский,Пермский край,57-730-000-000,2019,9999
2621,Березники,городской округ город Березники,Пермский край,57-708-000-000,2019,9999
934,Алексеевский,городской округ Алексеевский,Белгородская область,14-710-000-000,2019,9999
937,Валуйский,городской округ Валуйский,Белгородская область,14-720-000-000,2019,9999
940,Грайворонский,городской округ Грайворонский,Белгородская область,14-725-000-000,2019,9999
946,Новооскольский,городской округ Новооскольский,Белгородская область,14-735-000-000,2019,9999
951,Шебекинский,городской округ Шебекинский,Белгородская область,14-750-000-000,2019,9999
952,Яковлевский,городской округ Яковлевский,Белгородская область,14-755-000-000,2019,9999
1498,Ликино-Дулёво,городской округ Ликино-Дулёво,Московская область,46-749-000-000,2019,2020
1492,Клин,городской округ Клин,Московская область,46-737-000-000,2019,9999
1491,Дмитровский,городской округ Дмитровский,Московская область,46-715-000-000,2019,9999
1504,Талдомский,городской округ Талдомский,Московская область,46-778-000-000,2019,9999
1496,Богородский,городской округ Богородский,Московская область,46-751-000-000,2019,9999
2121,Кашинский,городской округ Кашинский,Тверская область,28-758-000-000,2019,9999
2131,Нелидовский,городской округ Нелидовский,Тверская область,28-759-000-000,2019,9999
1184,Балтийский,городской округ Балтийский,Калининградская область,27-705-000-000,2019,9999
1192,Нестеровский,городской округ Нестеровский,Калининградская область,27-715-000-000,2019,2021
1190,Светлогорский,городской округ Светлогорский,Калининградская область,27-734-000-000,2019,9999
745,Кизел,городской округ город Кизел,Пермский край,57-719-000-000,2019,9999
748,Краснокамский,городской округ Краснокамский,Пермский край,57-720-000-000,2019,9999
740,Гремячинский,городской округ Гремячинский,Пермский край,57-715-000-000,2019,2023
755,Оханский,городской округ Оханский,Пермский край,57-729-000-000,2019,9999
739,Горнозаводский,городской округ Горнозаводский,Пермский край,57-714-000-000,2019,9999
763,Чайковский,городской округ Чайковский,Пермский край,57-735-000-000,2019,9999
2644,Серпухов,городской округ Серпухов,Московская область,46-770-000-000,2019,9999
1495,Можайский,городской округ Можайский,Московская область,46-745-000-000,2019,9999
2646,Обнинск,городской округ город Обнинск,Калужская область,29-715-000-000,2019,9999
2647,Боровский,Боровский муниципальный район,Калужская область,29-606-000-000,2019,9999
2648,Лосино-Петровский,городской округ Лосино-Петровский,Московская область,46-742-000-000,2019,9999
2649,Щёлковский,Щёлковский муниципальный район,Московская область,46-659-000-000,2019,2020
2650,Новозыбковский,городской округ Новозыбковский,Брянская область,15-720-000-000,2020,9999
2651,Одинцовский,городской округ Одинцовский,Московская область,46-755-000-000,2020,9999
2652,Орехово-Зуевский,городской округ Орехово-Зуевский,Московская область,46-757-000-000,2020,9999
1503,Солнечногорск,городской округ Солнечногорск,Московская область,46-771-000-000,2020,2023
1501,Сергиево-Посадский,городской округ Сергиево-Посадский,Московская область,46-728-000-000,2020,9999
1490,Воскресенск,городской округ Воскресенск,Московская область,46-710-000-000,2020,9999
1500,Раменский,городской округ Раменский,Московская область,46-768-000-000,2020,9999
1499,Пушкинский,городской округ Пушкинский,Московская область,46-758-000-000,2020,2021
1489,Волоколамский,городской округ Волоколамский,Московская область,46-708-000-000,2020,9999
1494,Лотошино,городской округ Лотошино,Московская область,46-752-000-000,2020,9999
2114,Весьегонский,муниципальный округ Весьегонский,Тверская область,28-510-000-000,2020,9999
2110,Андреапольский,муниципальный округ Андреапольский,Тверская область,28-502-000-000,2020,9999
747,Красновишерский,городской округ Красновишерский,Пермский край,57-760-000-000,2020,9999
738,Верещагинский,городской округ Верещагинский,Пермский край,57-712-000-000,2020,9999
754,Осинский,городской округ Осинский,Пермский край,57-728-000-000,2020,9999
766,Чернушинский,городской округ Чернушинский,Пермский край,57-757-000-000,2020,9999
760,Суксунский,городской округ Суксунский,Пермский край,57-731-000-000,2020,9999
741,Добрянский,городской округ Добрянский,Пермский край,57-718-000-000,2020,9999
743,Ильинский,городской округ Ильинский,Пермский край,57-759-000-000,2020,9999
752,Октябрьский,городской округ Октябрьский,Пермский край,57-761-000-000,2020,9999
756,Очерский,городской округ Очерский,Пермский край,57-762-000-000,2020,9999
765,Чердынский,городской округ Чердынский,Пермский край,57-756-000-000,2020,9999
767,Чусовской,городской округ Чусовской,Пермский край,57-758-000-000,2020,9999
751,Нытвенский,городской округ Нытвенский,Пермский край,57-727-000-000,2020,9999
734,Александровский,муниципальный округ Александровский,Пермский край,57-502-000-000,2020,9999
736,Березовский,муниципальный округ Березовский,Пермский край,57-506-000-000,2020,9999
753,Ординский,муниципальный округ Ординский,Пермский край,57-538-000-000,2020,9999
769,Гайнский,муниципальный округ Гайнский,Пермский край,57-513-000-000,2020,9999
771,Кочевский,муниципальный округ Кочевский,Пермский край,57-526-000-000,2020,9999
772,Кудымкарский,муниципальный округ Кудымкарский,Пермский край,57-528-000-000,2020,2023
768,Кудымкар,городской округ город Кудымкар,Пермский край,57-721-000-000,2020,2023
773,Юрлинский,муниципальный округ Юрлинский,Пермский край,57-559-000-000,2020,9999
774,Юсьвинский,муниципальный округ Юсьвинский,Пермский край,57-560-000-000,2020,9999
761,Уинский,муниципальный округ Уинский,Пермский край,57-552-000-000,2020,9999
770,Косинский,муниципальный округ Косинский,Пермский край,57-525-000-000,2020,9999
1267,Богородский,городской округ Богородский,Кировская область,33-719-000-000,2020,2021
1291,Санчурский,городской округ Санчурский,Кировская область,33-716-000-000,2020,2021
1550,Воротынский,городской округ Воротынский,Нижегородская область,22-719-000-000,2020,9999
2201,Голышмановский,городской округ Голышмановский,Тюменская область,71-702-000-000,2020,9999
713,Пировский,Пировский муниципальный округ,Красноярский край,04-545-000-000,2020,9999
724,Шарыповский,Шарыповский муниципальный округ,Красноярский край,04-558-000-000,2020,9999
1242,Ижморский,Ижморский муниципальный округ,Кемеровская область,32-504-000-000,2020,9999
1243,Кемеровский,Кемеровский муниципальный округ,Кемеровская область,32-507-000-000,2020,9999
1244,Крапивинский,Крапивинский муниципальный округ,Кемеровская область,32-510-000-000,2020,9999
1245,Ленинск-Кузнецкий,Ленинск-Кузнецкий муниципальный округ,Кемеровская область,32-513-000-000,2020,9999
1248,Прокопьевский,Прокопьевский муниципальный округ,Кемеровская область,32-522-000-000,2020,2023
1249,Промышленновский,Промышленновский муниципальный округ,Кемеровская область,32-525-000-000,2020,9999
1252,Топкинский,Топкинский муниципальный округ,Кемеровская область,32-531-000-000,2020,9999
1253,Тяжинский,Тяжинский муниципальный округ,Кемеровская область,32-534-000-000,2020,9999
1254,Чебулинский,Чебулинский муниципальный округ,Кемеровская область,32-537-000-000,2020,9999
1255,Юргинский,Юргинский муниципальный округ,Кемеровская область,32-540-000-000,2020,9999
1256,Яйский,Яйский муниципальный округ,Кемеровская область,32-543-000-000,2020,9999
1257,Яшкинский,Яшкинский муниципальный округ,Кемеровская область,32-546-000-000,2020,9999
1241,Гурьевский,Гурьевский муниципальный округ,Кемеровская область,32-502-000-000,2020,9999
787,Анучинский,Анучинский муниципальный округ,Приморский край,05-502-000-000,2020,9999
798,Пограничный,Пограничный муниципальный округ,Приморский край,05-532-000-000,2020,9999
806,Чугуевский,Чугуевский муниципальный округ,Приморский край,05-555-000-000,2020,9999
473,Серноводский,Серноводский муниципальный район,Чеченская Республика,96-631-000-000,2020,9999
2132,Оленинский,муниципальный округ Оленинский,Тверская область,28-544-000-000,2020,9999
2649,Щёлково,городской округ Щёлково,Московская область,46-788-000-000,2020,9999
2710,Вышневолоцкий,городской округ Вышневолоцкий,Тверская область,28-714-000-000,2020,9999
2373,Ланское,внутригородская территория города федерального значения муниципальный округ Ланское,Санкт-Петербург,40-323-000-000,2020,9999
1913,Михайловский,городской округ поселок Михайловский,Саратовская область,63-760-000-000,2020,9999
1912,Шиханы,городской округ город Шиханы,Саратовская область,63-746-000-000,2020,9999
2714,Стародубский,муниципальный округ Стародубский,Брянская область,15-501-000-000,2021,9999
966,Жуковский,муниципальный округ Жуковский,Брянская область,15-502-000-000,2021,9999
1493,Ленинский,городской округ Ленинский,Московская область,46-707-000-000,2021,9999
2127,Лесной,муниципальный округ Лесной,Тверская область,28-536-000-000,2021,9999
2117,Западнодвинский,муниципальный округ Западнодвинский,Тверская область,28-516-000-000,2021,9999
2133,Пеновский,муниципальный округ Пеновский,Тверская область,28-546-000-000,2021,9999
2136,Сандовский,муниципальный округ Сандовский,Тверская область,28-549-000-000,2021,9999
2125,Краснохолмский,муниципальный округ Краснохолмский,Тверская область,28-532-000-000,2021,9999
2137,Селижаровский,муниципальный округ Селижаровский,Тверская область,28-550-000-000,2021,9999
899,Вилегодский,муниципальный округ Вилегодский,Архангельская область,11-511-000-000,2021,9999
901,Каргопольский,муниципальный округ Каргопольский,Архангельская область,11-518-000-000,2021,9999
1183,Багратионовский,муниципальный округ Багратионовский,Калининградская область,27-503-000-000,2021,9999
1185,Гвардейский,муниципальный округ Гвардейский,Калининградская область,27-506-000-000,2021,9999
1186,Гурьевский,муниципальный округ Гурьевский,Калининградская область,27-507-000-000,2021,9999
1188,Зеленоградский,муниципальный округ Зеленоградский,Калининградская область,27-510-000-000,2021,9999
1189,Краснознаменский,муниципальный округ Краснознаменский,Калининградская область,27-513-000-000,2021,9999
1191,Неманский,муниципальный округ Неманский,Калининградская область,27-514-000-000,2021,9999
1192,Нестеровский,муниципальный округ Нестеровский,Калининградская область,27-515-000-000,2021,9999
1193,Озерский,муниципальный округ Озерский,Калининградская область,27-516-000-000,2021,9999
1194,Полесский,муниципальный округ Полесский,Калининградская область,27-518-000-000,2021,9999
1195,Правдинский,муниципальный округ Правдинский,Калининградская область,27-519-000-000,2021,9999
1196,Славский,муниципальный округ Славский,Калининградская область,27-527-000-000,2021,9999
1197,Черняховский,муниципальный округ Черняховский,Калининградская область,27-539-000-000,2021,9999
1521,Печенгский,Печенгский муниципальный округ,Мурманская область,47-515-000-000,2021,9999
1512,Ковдорский,Ковдорский муниципальный округ,Мурманская область,47-517-000-000,2021,9999
1507,Апатиты,муниципальный округ город Апатиты,Мурманская область,47-519-000-000,2021,9999
1508,Кировск,муниципальный округ город Кировск,Мурманская область,47-522-000-000,2021,9999
1509,Мончегорск,муниципальный округ город Мончегорск,Мурманская область,47-524-000-000,2021,9999
1510,Оленегорск,муниципальный округ город Оленегорск,Мурманская область,47-526-000-000,2021,9999
1511,Полярные Зори,муниципальный округ город Полярные Зори,Мурманская область,47-528-000-000,2021,9999
1593,Хвойнинский,муниципальный округ Хвойнинский,Новгородская область,49-545-000-000,2021,9999
1584,Марёвский,муниципальный округ Марёвский,Новгородская область,49-523-000-000,2021,9999
1579,Волотовский,муниципальный округ Волотовский,Новгородская область,49-510-000-000,2021,9999
1591,Солецкий,муниципальный округ Солецкий,Новгородская область,49-538-000-000,2021,9999
2748,Сириус,городской округ Сириус,Краснодарский край,03-731-000-000,2021,9999
826,Александровский,Александровский муниципальный округ,Ставропольский край,07-502-000-000,2021,9999
827,Андроповский,Андроповский муниципальный округ,Ставропольский край,07-503-000-000,2021,9999
828,Апанасенковский,Апанасенковский муниципальный округ,Ставропольский край,07-505-000-000,2021,9999
829,Арзгирский,Арзгирский муниципальный округ,Ставропольский край,07-507-000-000,2021,9999
830,Будённовский,Будённовский муниципальный округ,Ставропольский край,07-512-000-000,2021,9999
831,Грачёвский,Грачёвский муниципальный округ,Ставропольский край,07-517-000-000,2021,9999
832,Кочубеевский,Кочубеевский муниципальный округ,Ставропольский край,07-528-000-000,2021,9999
834,Курский,Курский муниципальный округ,Ставропольский край,07-533-000-000,2021,9999
835,Левокумский,Левокумский муниципальный округ,Ставропольский край,07-536-000-000,2021,9999
836,Новоселицкий,Новоселицкий муниципальный округ,Ставропольский край,07-544-000-000,2021,9999
837,Предгорный,Предгорный муниципальный округ,Ставропольский край,07-548-000-000,2021,2022
838,Степновский,Степновский муниципальный округ,Ставропольский край,07-552-000-000,2021,9999
839,Труновский,Труновский муниципальный округ,Ставропольский край,07-554-000-000,2021,9999
840,Туркменский,Туркменский муниципальный округ,Ставропольский край,07-556-000-000,2021,9999
841,Шпаковский,Шпаковский муниципальный округ,Ставропольский край,07-558-000-000,2021,9999
735,Бардымский,муниципальный округ Бардымский,Пермский край,57-503-000-000,2021,9999
742,Еловский,муниципальный округ Еловский,Пермский край,57-518-000-000,2021,9999
746,Кишертский,муниципальный округ Кишертский,Пермский край,57-524-000-000,2021,9999
764,Частинский,муниципальный округ Частинский,Пермский край,57-555-000-000,2021,9999
749,Куединский,муниципальный округ Куединский,Пермский край,57-529-000-000,2021,9999
758,Сивинский,муниципальный округ Сивинский,Пермский край,57-548-000-000,2021,9999
744,Карагайский,муниципальный округ Карагайский,Пермский край,57-522-000-000,2021,9999
1264,Арбажский,муниципальный округ Арбажский,Кировская область,33-502-000-000,2021,9999
1273,Кикнурский,муниципальный округ Кикнурский,Кировская область,33-516-000-000,2021,9999
1292,Свечинский,муниципальный округ Свечинский,Кировская область,33-534-000-000,2021,9999
1299,Фаленский,муниципальный округ Фаленский,Кировская область,33-543-000-000,2021,9999
1267,Богородский,муниципальный округ Богородский,Кировская область,33-506-000-000,2021,9999
1291,Санчурский,муниципальный округ Санчурский,Кировская область,33-533-000-000,2021,9999
1572,Уренский,Уренский муниципальный округ,Нижегородская область,22-554-000-000,2021,9999
1539,Балахнинский,Балахнинский муниципальный округ,Нижегородская область,22-505-000-000,2021,9999
1540,Богородский,Богородский муниципальный округ,Нижегородская область,22-507-000-000,2021,9999
1543,Бутурлинский,Бутурлинский муниципальный округ,Нижегородская область,22-512-000-000,2021,9999
1544,Вадский,Вадский муниципальный округ,Нижегородская область,22-514-000-000,2021,9999
1557,Ковернинский,Ковернинский муниципальный округ,Нижегородская область,22-534-000-000,2021,9999
1562,Лысковский,Лысковский муниципальный округ,Нижегородская область,22-540-000-000,2021,9999
1563,Павловский,Павловский муниципальный округ,Нижегородская область,22-542-000-000,2021,9999
1565,Починковский,Починковский муниципальный округ,Нижегородская область,22-546-000-000,2021,9999
1571,Тоншаевский,Тоншаевский муниципальный округ,Нижегородская область,22-553-000-000,2021,9999
1356,Шумихинский,муниципальный округ Шумихинский,Курганская область,37-542-000-000,2021,9999
1345,Макушинский,муниципальный округ Макушинский,Курганская область,37-520-000-000,2021,9999
2245,Надымский,муниципальный округ Надымский район,Ямало-Ненецкий автономный округ,71-936-000-000,2021,9999
2247,Пуровский,муниципальный округ Пуровский район,Ямало-Ненецкий автономный округ,71-940-000-000,2021,2022
2248,Тазовский,муниципальный округ Тазовский район,Ямало-Ненецкий автономный округ,71-943-000-000,2021,9999
721,Тюхтетский,Тюхтетский муниципальный округ,Красноярский край,04-555-000-000,2021,9999
1251,Тисульский,Тисульский муниципальный округ,Кемеровская область,32-528-000-000,2021,9999
594,Приаргунский,Приаргунский муниципальный округ,Забайкальский край,76-538-000-000,2021,9999
582,Каларский,Каларский муниципальный округ,Забайкальский край,76-515-000-000,2021,9999
610,Алеутский,Алеутский муниципальный округ,Камчатский край,30-501-000-000,2021,9999
804,Хорольский,Хорольский муниципальный округ,Приморский край,05-550-000-000,2021,9999
795,Октябрьский,Октябрьский муниципальный округ,Приморский край,05-526-000-000,2021,9999
792,Лазовский,Лазовский муниципальный округ,Приморский край,05-517-000-000,2021,9999
802,Ханкайский,Ханкайский муниципальный округ,Приморский край,05-546-000-000,2021,9999
801,Тернейский,Тернейский муниципальный округ,Приморский край,05-540-000-000,2021,9999
871,Белогорский,Белогорский муниципальный округ,Амурская область,10-508-000-000,2021,9999
874,Завитинский,Завитинский муниципальный округ,Амурская область,10-521-000-000,2021,9999
873,Бурейский,Бурейский муниципальный округ,Амурская область,10-515-000-000,2021,9999
876,Ивановский,Ивановский муниципальный округ,Амурская область,10-528-000-000,2021,9999
882,Ромненский,Ромненский муниципальный округ,Амурская область,10-540-000-000,2021,9999
888,Тындинский,Тындинский муниципальный округ,Амурская область,10-554-000-000,2021,9999
2808,Коломна,городской округ Коломна,Московская область,46-738-000-000,2021,9999
2809,Кунгурский,муниципальный округ Кунгурский,Пермский край,57-530-000-000,2021,9999
833,Красногвардейский,Красногвардейский муниципальный округ,Ставропольский край,07-530-000-000,2021,9999
1555,Дивеевский,Дивеевский муниципальный округ,Нижегородская область,22-532-000-000,2021,9999
2812,Сочи,городской округ город-курорт Сочи,Краснодарский край,03-726-000-000,2021,9999
2813,Шатура,городской округ Шатура,Московская область,46-786-000-000,2021,9999
2814,Пушкинский,городской округ Пушкинский,Московская область,46-758-000-000,2021,9999
1320,Нейский,Нейский муниципальный округ,Костромская область,34-524-000-000,2022,9999
1325,Парфеньевский,Парфеньевский муниципальный округ,Костромская область,34-534-000-000,2022,9999
1319,Межевской,Межевской муниципальный округ,Костромская область,34-522-000-000,2022,9999
1314,Кологривский,Кологривский муниципальный округ,Костромская область,34-512-000-000,2022,9999
1726,Орловский,муниципальный округ Орловский,Орловская область,54-501-000-000,2022,9999
2128,Лихославльский,муниципальный округ Лихославльский,Тверская область,28-538-000-000,2022,9999
2134,Рамешковский,муниципальный округ Рамешковский,Тверская область,28-547-000-000,2022,9999
2139,Спировский,муниципальный округ Спировский,Тверская область,28-552-000-000,2022,9999
2130,Молоковский,муниципальный округ Молоковский,Тверская область,28-542-000-000,2022,9999
911,Плесецкий,Плесецкий муниципальный округ,Архангельская область,11-550-000-000,2022,9999
898,Верхнетоемский,Верхнетоемский муниципальный округ,Архангельская область,11-508-000-000,2022,9999
900,Виноградовский,Виноградовский муниципальный округ,Архангельская область,11-514-000-000,2022,9999
423,Алнашский,муниципальный округ Алнашский район,Удмуртская Республика,94-502-000-000,2022,9999
424,Балезинский,муниципальный округ Балезинский район,Удмуртская Республика,94-504-000-000,2022,9999
425,Вавожский,муниципальный округ Вавожский район,Удмуртская Республика,94-506-000-000,2022,9999
426,Воткинский,муниципальный округ Воткинский район,Удмуртская Республика,94-508-000-000,2022,9999
427,Глазовский,муниципальный округ Глазовский район,Удмуртская Республика,94-510-000-000,2022,9999
428,Граховский,муниципальный округ Граховский район,Удмуртская Республика,94-512-000-000,2022,9999
429,Дебёсский,муниципальный округ Дебёсский район,Удмуртская Республика,94-514-000-000,2022,9999
430,Завьяловский,муниципальный округ Завьяловский район,Удмуртская Республика,94-516-000-000,2022,9999
431,Игринский,муниципальный округ Игринский район,Удмуртская Республика,94-518-000-000,2022,9999
432,Камбарский,муниципальный округ Камбарский район,Удмуртская Республика,94-520-000-000,2022,9999
433,Каракулинский,муниципальный округ Каракулинский район,Удмуртская Республика,94-522-000-000,2022,9999
434,Кезский,муниципальный округ Кезский район,Удмуртская Республика,94-524-000-000,2022,9999
435,Кизнерский,муниципальный округ Кизнерский район,Удмуртская Республика,94-526-000-000,2022,9999
436,Киясовский,муниципальный округ Киясовский район,Удмуртская Республика,94-528-000-000,2022,9999
437,Красногорский,муниципальный округ Красногорский район,Удмуртская Республика,94-530-000-000,2022,9999
438,Малопургинский,муниципальный округ Малопургинский район,Удмуртская Республика,94-533-000-000,2022,9999
439,Можгинский,муниципальный округ Можгинский район,Удмуртская Республика,94-535-000-000,2022,9999
440,Сарапульский,муниципальный округ Сарапульский район,Удмуртская Республика,94-537-000-000,2022,9999
441,Селтинский,муниципальный округ Селтинский район,Удмуртская Республика,94-539-000-000,2022,9999
442,Сюмсинский,муниципальный округ Сюмсинский район,Удмуртская Республика,94-541-000-000,2022,9999
443,Увинский,муниципальный округ Увинский район,Удмуртская Республика,94-544-000-000,2022,9999
444,Шарканский,муниципальный округ Шарканский район,Удмуртская Республика,94-546-000-000,2022,9999
445,Юкаменский,муниципальный округ Юкаменский район,Удмуртская Республика,94-548-000-000,2022,9999
446,Якшур-Бодьинский,муниципальный округ Якшур-Бодьинский район,Удмуртская Республика,94-550-000-000,2022,9999
447,Ярский,муниципальный округ Ярский район,Удмуртская Республика,94-552-000-000,2022,9999
491,Красноармейский,Красноармейский муниципальный округ,Чувашская Республика,97-524-000-000,2022,9999
500,Шумерлинский,Шумерлинский муниципальный округ,Чувашская Республика,97-550-000-000,2022,9999
737,Большесосновский,муниципальный округ Большесосновский,Пермский край,57-508-000-000,2022,9999
1268,Верхнекамский,муниципальный округ Верхнекамский,Кировская область,33-507-000-000,2022,9999
1278,Лебяжский,муниципальный округ Лебяжский,Кировская область,33-521-000-000,2022,9999
1279,Лузский,муниципальный округ Лузский,Кировская область,33-522-000-000,2022,9999
1281,Мурашинский,муниципальный округ Мурашинский,Кировская область,33-524-000-000,2022,9999
1283,Немский,муниципальный округ Немский,Кировская область,33-526-000-000,2022,9999
1286,Опаринский,муниципальный округ Опаринский,Кировская область,33-529-000-000,2022,9999
1289,Пижанский,муниципальный округ Пижанский,Кировская область,33-531-000-000,2022,9999
1297,Унинский,муниципальный округ Унинский,Кировская область,33-540-000-000,2022,9999
1560,Кстовский,Кстовский муниципальный округ,Нижегородская область,22-537-000-000,2022,9999
1344,Лебяжьевский,Лебяжьевский муниципальный округ,Курганская область,37-518-000-000,2022,9999
1343,Куртамышский,Куртамышский муниципальный округ,Курганская область,37-516-000-000,2022,9999
1355,Шатровский,Шатровский муниципальный округ,Курганская область,37-540-000-000,2022,9999
1348,Петуховский,Петуховский муниципальный округ,Курганская область,37-526-000-000,2022,9999
1335,Альменевский,Альменевский муниципальный округ,Курганская область,37-502-000-000,2022,9999
1352,Целинный,Целинный муниципальный округ,Курганская область,37-534-000-000,2022,9999
2244,Красноселькупский,муниципальный округ Красноселькупский район,Ямало-Ненецкий автономный округ,71-933-000-000,2022,9999
2250,Ямальский,муниципальный округ Ямальский район,Ямало-Ненецкий автономный округ,71-948-000-000,2022,9999
2872,Приуральский,муниципальный округ Приуральский район,Ямало-Ненецкий автономный округ,71-938-000-000,2022,9999
525,Залесовский,Залесовский муниципальный округ,Алтайский край,01-512-000-000,2022,9999
1240,Беловский,Беловский муниципальный округ,Кемеровская область,32-501-000-000,2022,9999
1246,Мариинский,Мариинский муниципальный округ,Кемеровская область,32-516-000-000,2022,9999
2876,Кисловодск,городской округ город-курорт Кисловодск,Ставропольский край,07-715-000-000,2022,9999
2877,Саратов,городской округ город Саратов,Саратовская область,63-701-000-000,2022,2023
2878,Саратовский,Саратовский муниципальный район,Саратовская область,63-643-000-000,2022,2023
2879,Губкинский,городской округ город Губкинский,Ямало-Ненецкий автономный округ,71-952-000-000,2022,9999
2880,Лабытнанги,городской округ город Лабытнанги,Ямало-Ненецкий автономный округ,71-953-000-000,2022,9999
2881,Предгорный,Предгорный муниципальный округ,Ставропольский край,07-548-000-000,2022,9999
2882,Пуровский,муниципальный округ Пуровский район,Ямало-Ненецкий автономный округ,71-940-000-000,2022,9999
2883,Кимрский,муниципальный округ Кимрский,Тверская область,28-528-000-000,2023,9999
2884,Ржевский,муниципальный округ Ржевский,Тверская область,28-548-000-000,2023,9999
2885,Кудымкарский,муниципальный округ Кудымкарский,Пермский край,57-528-000-000,2023,9999
2886,Губахинский,муниципальный округ Губахинский,Пермский край,57-516-000-000,2023,9999
2887,Саратов,городской округ город Саратов,Саратовская область,63-701-000-000,2023,9999
1326,Поназыревский,Поназыревский муниципальный округ,Костромская область,34-536-000-000,2023,9999
1327,Пыщугский,Пыщугский муниципальный округ,Костромская область,34-538-000-000,2023,9999
2112,Бельский,муниципальный округ Бельский,Тверская область,28-506-000-000,2023,9999
2118,Зубцовский,муниципальный округ Зубцовский,Тверская область,28-518-000-000,2023,9999
2122,Кесовогорский,муниципальный округ Кесовогорский,Тверская область,28-526-000-000,2023,9999
2129,Максатихинский,муниципальный округ Максатихинский,Тверская область,28-540-000-000,2023,9999
2138,Сонковский,муниципальный округ Сонковский,Тверская область,28-551-000-000,2023,9999
2140,Старицкий,муниципальный округ Старицкий,Тверская область,28-553-000-000,2023,9999
2116,Жарковский,муниципальный округ Жарковский,Тверская область,28-514-000-000,2023,9999
223,Суоярвский,Суоярвский муниципальный округ,Республика Карелия,86-550-000-000,2023,9999
907,Мезенский,Мезенский муниципальный округ,Архангельская область,11-542-000-000,2023,9999
915,Шенкурский,Шенкурский муниципальный округ,Архангельская область,11-558-000-000,2023,9999
906,Лешуконский,Лешуконский муниципальный округ,Архангельская область,11-538-000-000,2023,9999
903,Котласский,Котласский муниципальный округ,Архангельская область,11-527-000-000,2023,9999
914,Холмогорский,Холмогорский муниципальный округ,Архангельская область,11-556-000-000,2023,9999
908,Няндомский,Няндомский муниципальный округ,Архангельская область,11-544-000-000,2023,9999
913,Устьянский,Устьянский муниципальный округ,Архангельская область,11-554-000-000,2023,9999
1047,Бабаевский,Бабаевский муниципальный округ,Вологодская область,19-505-000-000,2023,9999
1048,Бабушкинский,Бабушкинский муниципальный округ,Вологодская область,19-508-000-000,2023,9999
1049,Белозерский,Белозерский муниципальный округ,Вологодская область,19-510-000-000,2023,9999
1051,Великоустюгский,Великоустюгский муниципальный округ,Вологодская область,19-514-000-000,2023,9999
1052,Верховажский,Верховажский муниципальный округ,Вологодская область,19-516-000-000,2023,9999
1053,Вожегодский,Вожегодский муниципальный округ,Вологодская область,19-518-000-000,2023,9999
1054,Вологодский,Вологодский муниципальный округ,Вологодская область,19-520-000-000,2023,9999
1056,Грязовецкий,Грязовецкий муниципальный округ,Вологодская область,19-524-000-000,2023,9999
1057,Кадуйский,Кадуйский муниципальный округ,Вологодская область,19-526-000-000,2023,9999
1059,Кичменгско-Городецкий,Кичменгско-Городецкий муниципальный округ,Вологодская область,19-530-000-000,2023,9999
1060,Междуреченский,Междуреченский муниципальный округ,Вологодская область,19-532-000-000,2023,9999
1062,Нюксенский,Нюксенский муниципальный округ,Вологодская область,19-536-000-000,2023,9999
1063,Сокольский,Сокольский муниципальный округ,Вологодская область,19-538-000-000,2023,9999
1064,Сямженский,Сямженский муниципальный округ,Вологодская область,19-540-000-000,2023,9999
1065,Тарногский,Тарногский муниципальный округ,Вологодская область,19-542-000-000,2023,9999
1066,Тотемский,Тотемский муниципальный округ,Вологодская область,19-546-000-000,2023,9999
1067,Усть-Кубинский,Усть-Кубинский муниципальный округ,Вологодская область,19-548-000-000,2023,9999
1068,Устюженский,Устюженский муниципальный округ,Вологодская область,19-550-000-000,2023,9999
1069,Харовский,Харовский муниципальный округ,Вологодская область,19-552-000-000,2023,9999
483,Алатырский,Алатырский муниципальный округ,Чувашская Республика,97-503-000-000,2023,9999
484,Аликовский,Аликовский муниципальный округ,Чувашская Республика,97-505-000-000,2023,9999
485,Батыревский,Батыревский муниципальный округ,Чувашская Республика,97-507-000-000,2023,9999
486,Вурнарский,Вурнарский муниципальный округ,Чувашская Республика,97-510-000-000,2023,9999
487,Ибресинский,Ибресинский муниципальный округ,Чувашская Республика,97-513-000-000,2023,9999
488,Канашский,Канашский муниципальный округ,Чувашская Республика,97-516-000-000,2023,9999
489,Козловский,Козловский муниципальный округ,Чувашская Республика,97-519-000-000,2023,9999
490,Комсомольский,Комсомольский муниципальный округ,Чувашская Республика,97-521-000-000,2023,9999
492,Красночетайский,Красночетайский муниципальный округ,Чувашская Республика,97-526-000-000,2023,9999
493,Мариинско-Посадский,Мариинско-Посадский муниципальный округ,Чувашская Республика,97-529-000-000,2023,9999
494,Моргаушский,Моргаушский муниципальный округ,Чувашская Республика,97-532-000-000,2023,9999
495,Порецкий,Порецкий муниципальный округ,Чувашская Республика,97-535-000-000,2023,9999
496,Урмарский,Урмарский муниципальный округ,Чувашская Республика,97-538-000-000,2023,9999
497,Цивильский,Цивильский муниципальный округ,Чувашская Республика,97-541-000-000,2023,9999
498,Чебоксарский,Чебоксарский муниципальный округ,Чувашская Республика,97-544-000-000,2023,9999
499,Шемуршинский,Шемуршинский муниципальный округ,Чувашская Республика,97-547-000-000,2023,9999
501,Ядринский,Ядринский муниципальный округ,Чувашская Республика,97-553-000-000,2023,9999
502,Яльчикский,Яльчикский муниципальный округ,Чувашская Республика,97-555-000-000,2023,9999
503,Янтиковский,Янтиковский муниципальный округ,Чувашская Республика,97-558-000-000,2023,9999
757,Пермский,муниципальный округ Пермский,Пермский край,57-546-000-000,2023,9999
1265,Афанасьевский,муниципальный округ Афанасьевский,Кировская область,33-503-000-000,2023,9999
1542,Большемурашкинский,Большемурашкинский муниципальный округ,Нижегородская область,22-510-000-000,2023,9999
1556,Княгининский,Княгининский муниципальный округ,Нижегородская область,22-533-000-000,2023,9999
1574,Шатковский,Шатковский муниципальный округ,Нижегородская область,22-557-000-000,2023,9999
1552,Гагинский,Гагинский муниципальный округ,Нижегородская область,22-526-000-000,2023,9999
1567,Сеченовский,Сеченовский муниципальный округ,Нижегородская область,22-549-000-000,2023,9999
1570,Тонкинский,Тонкинский муниципальный округ,Нижегородская область,22-552-000-000,2023,9999
1569,Спасский,Спасский муниципальный округ,Нижегородская область,22-551-000-000,2023,9999
1568,Сосновский,Сосновский муниципальный округ,Нижегородская область,22-550-000-000,2023,9999
1573,Шарангский,Шарангский муниципальный округ,Нижегородская область,22-556-000-000,2023,9999
1547,Ветлужский,Ветлужский муниципальный округ,Нижегородская область,22-518-000-000,2023,9999
1558,Краснобаковский,Краснобаковский муниципальный округ,Нижегородская область,22-535-000-000,2023,9999
1537,Ардатовский,Ардатовский муниципальный округ,Нижегородская область,22-502-000-000,2023,9999
1548,Вознесенский,Вознесенский муниципальный округ,Нижегородская область,22-519-000-000,2023,9999
1551,Воскресенский,Воскресенский муниципальный округ,Нижегородская область,22-522-000-000,2023,9999
1545,Варнавинский,Варнавинский муниципальный округ,Нижегородская область,22-515-000-000,2023,9999
1554,Дальнеконстантиновский,Дальнеконстантиновский муниципальный округ,Нижегородская область,22-530-000-000,2023,9999
1553,Городецкий,Городецкий муниципальный округ,Нижегородская область,22-528-000-000,2023,9999
1559,Краснооктябрьский,Краснооктябрьский муниципальный округ,Нижегородская область,22-536-000-000,2023,9999
1564,Пильнинский,Пильнинский муниципальный округ,Нижегородская область,22-545-000-000,2023,9999
1546,Вачский,Вачский муниципальный округ,Нижегородская область,22-517-000-000,2023,9999
1561,Лукояновский,Лукояновский муниципальный округ,Нижегородская область,22-539-000-000,2023,9999
1541,Большеболдинский,Большеболдинский муниципальный округ,Нижегородская область,22-509-000-000,2023,9999
1549,Володарский,Володарский муниципальный округ,Нижегородская область,22-520-000-000,2023,9999
1566,Сергачский,Сергачский муниципальный округ,Нижегородская область,22-548-000-000,2023,9999
1336,Белозерский,Белозерский муниципальный округ,Курганская область,37-504-000-000,2023,9999
1339,Звериноголовский,Звериноголовский муниципальный округ,Курганская область,37-509-000-000,2023,9999
1340,Каргапольский,Каргапольский муниципальный округ,Курганская область,37-510-000-000,2023,9999
1342,Кетовский,Кетовский муниципальный округ,Курганская область,37-514-000-000,2023,9999
1346,Мишкинский,Мишкинский муниципальный округ,Курганская область,37-522-000-000,2023,9999
1349,Половинский,Половинский муниципальный округ,Курганская область,37-528-000-000,2023,9999
1351,Сафакулевский,Сафакулевский муниципальный округ,Курганская область,37-532-000-000,2023,9999
1353,Частоозерский,Частоозерский муниципальный округ,Курганская область,37-536-000-000,2023,9999
1354,Шадринский,Шадринский муниципальный округ,Курганская область,37-538-000-000,2023,9999
1357,Щучанский,Щучанский муниципальный округ,Курганская область,37-544-000-000,2023,9999
1358,Юргамышский,Юргамышский муниципальный округ,Курганская область,37-546-000-000,2023,9999
1347,Мокроусовский,Мокроусовский муниципальный округ,Курганская область,37-524-000-000,2023,9999
2249,Шурышкарский,муниципальный округ Шурышкарский район,Ямало-Ненецкий автономный округ,71-946-000-000,2023,9999
2303,Коркинский,Коркинский муниципальный округ,Челябинская область,75-533-000-000,2023,9999
553,Суетский,муниципальный округ Суетский район,Алтайский край,01-541-000-000,2023,9999
511,Славгород,муниципальный округ город Славгород,Алтайский край,01-539-000-000,2023,9999
570,Чарышский,муниципальный округ Чарышский район,Алтайский край,01-558-000-000,2023,9999
1247,Новокузнецкий,Новокузнецкий муниципальный округ,Кемеровская область,32-519-000-000,2023,9999
789,Кавалеровский,Кавалеровский муниципальный округ,Приморский край,05-510-000-000,2023,9999
796,Ольгинский,Ольгинский муниципальный округ,Приморский край,05-528-000-000,2023,9999
799,Пожарский,Пожарский муниципальный округ,Приморский край,05-534-000-000,2023,9999
803,Хасанский,Хасанский муниципальный округ,Приморский край,05-548-000-000,2023,9999
889,Шимановский,Шимановский муниципальный округ,Амурская область,10-555-000-000,2023,9999
887,Тамбовский,Тамбовский муниципальный округ,Амурская область,10-551-000-000,2023,9999
886,Сковородинский,Сковородинский муниципальный округ,Амурская область,10-549-000-000,2023,9999
885,Серышевский,Серышевский муниципальный округ,Амурская область,10-547-000-000,2023,9999
872,Благовещенский,Благовещенский муниципальный округ,Амурская область,10-511-000-000,2023,9999
1431,Ольский,муниципальный округ Ольский,Магаданская область,44-502-000-000,2023,9999
1432,Омсукчанский,муниципальный округ Омсукчанский,Магаданская область,44-504-000-000,2023,9999
1433,Северо-Эвенский,муниципальный округ Северо-Эвенский,Магаданская область,44-507-000-000,2023,9999
1434,Среднеканский,муниципальный округ Среднеканский,Магаданская область,44-510-000-000,2023,9999
1435,Сусуманский,муниципальный округ Сусуманский,Магаданская область,44-513-000-000,2023,9999
1437,Хасынский,муниципальный округ Хасынский,Магаданская область,44-519-000-000,2023,9999
1438,Ягоднинский,муниципальный округ Ягоднинский,Магаданская область,44-522-000-000,2023,9999
1436,Тенькинский,муниципальный округ Тенькинский,Магаданская область,44-516-000-000,2023,9999
1070,Чагодощенский,Чагодощенский муниципальный округ,Вологодская область,19-554-000-000,2023,9999
3005,Арзамас,городской округ город Арзамас,Нижегородская область,22-703-000-000,2023,9999
870,Архаринский,Архаринский муниципальный округ,Амурская область,10-505-000-000,2023,9999
3007,Прокопьевский,Прокопьевский муниципальный округ,Кемеровская область,32-522-000-000,2023,9999
3008,Химки,городской округ Химки,Московская область,46-783-000-000,2023,9999
3009,Тамбов,городской округ город Тамбов,Тамбовская область,68-701-000-000,2023,9999
3010,Тамбовский,Тамбовский муниципальный район,Тамбовская область,68-640-000-000,2023,2024
3011,Златоустовский,городской округ Златоустовский,Челябинская область,75-712-000-000,2023,9999
3012,Кусинский,Кусинский муниципальный район,Челябинская область,75-638-000-000,2023,9999
3013,Солнечногорск,городской округ Солнечногорск,Московская область,46-771-000-000,2023,9999
3014,Павлово-Посадский,городской округ Павлово-Посадский,Московская область,46-759-000-000,2024,9999
2618,Мантуровский,Мантуровский муниципальный округ,Костромская область,34-520-000-000,2024,9999
1323,Островский,Островский муниципальный округ,Костромская область,34-530-000-000,2024,9999
1324,Павинский,Павинский муниципальный округ,Костромская область,34-532-000-000,2024,9999
1328,Солигаличский,Солигаличский муниципальный округ,Костромская область,34-540-000-000,2024,9999
1860,Путятинский,Путятинский муниципальный округ,Рязанская область,61-526-000-000,2024,9999
1862,Ряжский,Ряжский муниципальный округ,Рязанская область,61-530-000-000,2024,9999
2120,Калязинский,муниципальный округ Калязинский,Тверская область,28-522-000-000,2024,9999
2143,Фировский,муниципальный округ Фировский,Тверская область,28-557-000-000,2024,9999
2142,Торопецкий,муниципальный округ Торопецкий,Тверская область,28-555-000-000,2024,9999
2111,Бежецкий,муниципальный округ Бежецкий,Тверская область,28-504-000-000,2024,9999
2124,Конаковский,муниципальный округ Конаковский,Тверская область,28-530-000-000,2024,9999
2126,Кувшиновский,муниципальный округ Кувшиновский,Тверская область,28-534-000-000,2024,9999
2113,Бологовский,муниципальный округ Бологовский,Тверская область,28-508-000-000,2024,9999
2119,Калининский,муниципальный округ Калининский,Тверская область,28-520-000-000,2024,9999
217,Питкярантский,Питкярантский муниципальный округ,Республика Карелия,86-533-000-000,2024,9999
208,Беломорский,Беломорский муниципальный округ,Республика Карелия,86-504-000-000,2024,9999
221,Сегежский,Сегежский муниципальный округ,Республика Карелия,86-545-000-000,2024,9999
912,Приморский,Приморский муниципальный округ,Архангельская область,11-552-000-000,2024,9999
904,Красноборский,Красноборский муниципальный округ,Архангельская область,11-530-000-000,2024,9999
910,Пинежский,Пинежский муниципальный округ,Архангельская область,11-548-000-000,2024,9999
1050,Вашкинский,Вашкинский муниципальный округ,Вологодская область,19-512-000-000,2024,9999
1058,Кирилловский,Кирилловский муниципальный округ,Вологодская область,19-528-000-000,2024,9999
1061,Никольский,Никольский муниципальный округ,Вологодская область,19-534-000-000,2024,9999
1580,Демянский,муниципальный округ Демянский,Новгородская область,49-512-000-000,2024,9999
1589,Пестовский,муниципальный округ Пестовский,Новгородская область,49-532-000-000,2024,9999
1585,Мошенской,муниципальный округ Мошенской,Новгородская область,49-524-000-000,2024,9999
1581,Крестецкий,муниципальный округ Крестецкий,Новгородская область,49-514-000-000,2024,9999
1771,Красногородский,муниципальный округ Красногородский,Псковская область,58-514-000-000,2024,9999
1773,Локнянский,муниципальный округ Локнянский,Псковская область,58-518-000-000,2024,9999
1774,Невельский,муниципальный округ Невельский,Псковская область,58-520-000-000,2024,9999
1775,Новоржевский,муниципальный округ Новоржевский,Псковская область,58-523-000-000,2024,9999
1777,Опочецкий,муниципальный округ Опочецкий,Псковская область,58-529-000-000,2024,9999
1780,Печорский,муниципальный округ Печорский,Псковская область,58-540-000-000,2024,9999
1786,Пыталовский,муниципальный округ Пыталовский,Псковская область,58-553-000-000,2024,9999
1788,Струго-Красненский,муниципальный округ Струго-Красненский,Псковская область,58-556-000-000,2024,9999
810,Благодарненский,Благодарненский муниципальный округ,Ставропольский край,07-510-000-000,2024,9999
811,Георгиевский,Георгиевский муниципальный округ,Ставропольский край,07-515-000-000,2024,9999
814,Изобильненский,Изобильненский муниципальный округ,Ставропольский край,07-520-000-000,2024,9999
815,Ипатовский,Ипатовский муниципальный округ,Ставропольский край,07-522-000-000,2024,9999
817,Кировский,Кировский муниципальный округ,Ставропольский край,07-525-000-000,2024,9999
819,Минераловодский,Минераловодский муниципальный округ,Ставропольский край,07-539-000-000,2024,9999
821,Нефтекумский,Нефтекумский муниципальный округ,Ставропольский край,07-541-000-000,2024,9999
822,Новоалександровский,Новоалександровский муниципальный округ,Ставропольский край,07-543-000-000,2024,9999
823,Петровский,Петровский муниципальный округ,Ставропольский край,07-546-000-000,2024,9999
825,Советский,Советский муниципальный округ,Ставропольский край,07-550-000-000,2024,9999
1338,Далматовский,Далматовский муниципальный округ,Курганская область,37-508-000-000,2024,9999
1341,Катайский,Катайский муниципальный округ,Курганская область,37-512-000-000,2024,9999
1337,Варгашинский,Варгашинский муниципальный округ,Курганская область,37-506-000-000,2024,9999
1350,Притобольный,Притобольный муниципальный округ,Курганская область,37-530-000-000,2024,9999
592,Ононский,Ононский муниципальный округ,Забайкальский край,76-534-000-000,2024,9999
580,Газимуро-Заводский,Газимуро-Заводский муниципальный округ,Забайкальский край,76-510-000-000,2024,9999
583,Калганский,Калганский муниципальный округ,Забайкальский край,76-518-000-000,2024,9999
588,Могочинский,Могочинский муниципальный округ,Забайкальский край,76-526-000-000,2024,9999
613,Мильковский,Мильковский муниципальный округ,Камчатский край,30-510-000-000,2024,9999
808,Яковлевский,Яковлевский муниципальный округ,Приморский край,05-559-000-000,2024,9999
797,Партизанский,Партизанский муниципальный округ,Приморский край,05-530-000-000,2024,9999
805,Черниговский,Черниговский муниципальный округ,Приморский край,05-553-000-000,2024,9999
807,Шкотовский,Шкотовский муниципальный округ,Приморский край,05-557-000-000,2024,9999
791,Красноармейский,Красноармейский муниципальный округ,Приморский край,05-514-000-000,2024,9999
854,Охотский,Охотский муниципальный округ,Хабаровский край,08-534-000-000,2024,9999
875,Зейский,Зейский муниципальный округ,Амурская область,10-525-000-000,2024,9999
2078,Бондарский,Бондарский муниципальный округ,Тамбовская область,68-502-000-000,2024,9999
2079,Гавриловский,Гавриловский муниципальный округ,Тамбовская область,68-503-000-000,2024,9999
2080,Жердевский,Жердевский муниципальный округ,Тамбовская область,68-504-000-000,2024,9999
2081,Знаменский,Знаменский муниципальный округ,Тамбовская область,68-506-000-000,2024,9999
2082,Инжавинский,Инжавинский муниципальный округ,Тамбовская область,68-508-000-000,2024,9999
2083,Кирсановский,Кирсановский муниципальный округ,Тамбовская область,68-510-000-000,2024,9999
2084,Мичуринский,Мичуринский муниципальный округ,Тамбовская область,68-512-000-000,2024,9999
2085,Мордовский,Мордовский муниципальный округ,Тамбовская область,68-514-000-000,2024,9999
2086,Моршанский,Моршанский муниципальный округ,Тамбовская область,68-516-000-000,2024,9999
2087,Мучкапский,Мучкапский муниципальный округ,Тамбовская область,68-518-000-000,2024,9999
2088,Никифоровский,Никифоровский муниципальный округ,Тамбовская область,68-520-000-000,2024,9999
2089,Первомайский,Первомайский муниципальный округ,Тамбовская область,68-522-000-000,2024,9999
2090,Петровский,Петровский муниципальный округ,Тамбовская область,68-524-000-000,2024,9999
2091,Пичаевский,Пичаевский муниципальный округ,Тамбовская область,68-526-000-000,2024,9999
2092,Рассказовский,Рассказовский муниципальный округ,Тамбовская область,68-528-000-000,2024,9999
2093,Ржаксинский,Ржаксинский муниципальный округ,Тамбовская область,68-530-000-000,2024,9999
2094,Сампурский,Сампурский муниципальный округ,Тамбовская область,68-532-000-000,2024,9999
2095,Сосновский,Сосновский муниципальный округ,Тамбовская область,68-534-000-000,2024,9999
2096,Староюрьевский,Староюрьевский муниципальный округ,Тамбовская область,68-536-000-000,2024,9999
3010,Тамбовский,Тамбовский муниципальный округ,Тамбовская область,68-540-000-000,2024,9999
2098,Токарёвский,Токарёвский муниципальный округ,Тамбовская область,68-542-000-000,2024,9999
2099,Уваровский,Уваровский муниципальный округ,Тамбовская область,68-544-000-000,2024,9999
2100,Умётский,Умётский муниципальный округ,Тамбовская область,68-546-000-000,2024,9999
228,Усинск,муниципальный округ Усинск,Республика Коми,87-523-000-000,2024,9999
226,Вуктыл,муниципальный округ Вуктыл,Республика Коми,87-512-000-000,2024,9999
3101,Сасовский,Сасовский муниципальный округ,Рязанская область,61-542-000-000,2024,9999
